heart_rate,systolic_bp,diastolic_bp,oxygen_saturation,body_temp,blood_glucose,target
68.6928857020288,121.6142759413635,83.06412660834661,99.08794025326856,98.37813325016477,101.66586499155859,0
64.08451683240739,105.54288057471572,76.71982620879672,98.30661978698193,98.77626502272481,116.20111605006437,0
78.18348351374435,126.76764972975381,82.18686337089834,97.30878756220888,98.66505378796006,95.92578801795463,0
67.97025979237169,114.35940241581056,73.24146233987676,98.11423264450235,98.47020993700143,90.80802232622217,0
75.63605970807384,127.57478619095198,73.70867685316357,97.67798802938259,98.69689769299585,93.00217255795404,0
83.31711540726317,129.84854322124227,84.15080686173152,97.86881984573516,98.6623007631325,104.10695313777528,0
66.86349704454679,132.1181874223711,76.99556412073093,97.37349978395667,98.04065717021591,92.35039646891364,0
76.09997395686642,131.23933882795583,79.51203054922793,97.70333126332552,98.91852403314141,93.12375280938652,0
66.49498307391441,125.12456666003115,75.41369178911356,99.90176570870155,98.56987823170365,104.48850831341505,0
70.90262135337096,116.13417123521174,77.16096078907947,98.12677060114211,98.73931449906672,96.54593048167466,0
77.21493638633564,121.65356552384964,80.50711482119829,98.56617739077018,98.30115349558695,104.91661174856009,0
67.70817774444019,126.46456031233159,70.10490653255144,98.73975929069726,98.30704690176196,89.45894563004315,0
73.67412915462204,109.36721153430679,80.6170956675048,95.18169571379782,98.59143268201906,89.46754839866128,0
65.51366075755043,110.12260218253743,85.97107241506995,96.12053303605383,98.21228832066225,95.9751631717612,0
69.22103182748761,116.46756380397535,79.1368682349576,97.03874851254893,97.31481855579399,109.85620913336598,0
65.53574353809145,116.74446837659296,78.59393768855855,98.4410826618604,98.57823027985147,103.53508019266489,0
64.30204665486858,139.77031413702133,84.69867740873552,98.9845698459572,98.76602900387962,88.87898106051992,0
69.95455273592353,126.84510590547796,72.04577071570652,99.66938345954765,98.44289603116631,100.93386970150942,0
66.43588119485656,120.22231619607015,84.5888607527575,97.21615826091532,98.874949296895,102.440060631428,0
74.29161271338933,116.0506267409766,80.6073928966453,98.59964364072503,98.94207562135712,106.55955622218798,0
68.64646891637047,127.83042633907948,82.36407534963917,98.37421673480247,98.80699396115217,91.40613868929249,0
79.18348154187137,112.58674014591531,78.66893524796754,98.73496481575198,98.47939454218452,116.20932785333116,0
71.65428721779848,118.16769196845235,71.65643068826935,99.85759087664967,98.21823837976994,97.61509142949201,0
70.44245189181837,125.25610945580932,77.26404105558754,99.12441414997089,98.27335752514416,102.99150972957446,0
148.62204695702732,149.0908840048388,99.97565664058828,89.009285970269,101.92442325082001,232.81661380932826,1
83.45649984282079,123.51179531618152,82.23351805404572,97.24321963297913,98.74820080433123,89.31273045793674,0
73.13596984375424,113.12586351952366,78.79800762155794,96.49719828869493,98.43488246225908,116.31991007112629,0
67.93702973092734,127.85661953092212,77.01513986049443,96.98003128123231,98.6993849684525,105.27354746752363,0
143.5952907199268,218.8090387444136,94.53025987786137,82.022618597869,102.10912940909571,256.3339714065211,1
68.12056269454484,119.88095747861318,70.58508276664136,98.59333659963136,98.85698977862904,117.41660663972287,0
75.12673457027603,118.64687041486421,70.28714714281297,99.38880010361957,99.40132475215282,85.56586936981427,0
82.98875259512613,123.96740208328926,85.68227787162422,99.11816854837397,98.99523839343067,99.07778841872587,0
33.660862427914566,92.6938428031697,93.21246278819822,72.7593456696834,95.05630101019253,58.19200345767601,1
42.29080855852091,72.55809382198079,100.82230591821691,75.29886709399838,93.09620609990044,33.3347376691391,1
80.24195127097775,118.35308263019293,79.24301254029295,96.94065931272517,99.04540854138332,110.89368288958372,0
73.96727714495614,116.96627303319693,71.64333866182614,99.26149899080238,98.20434316796775,91.89066775361178,0
64.23895424877543,110.7161648663559,84.7297048031972,97.47304485643501,99.06663088222936,98.43401434083137,0
78.0355470707785,123.03493722134316,72.4244253187526,98.48923977541236,98.92679405725731,105.06955535403493,0
29.859409715238,84.02757328295289,108.55733079758265,81.14065580622673,93.74753497184548,38.03197457182053,1
76.90733794815017,114.23314191251193,77.7651122359698,96.95607901975102,98.14524372304034,94.44086503685998,0
70.63514244027955,120.55754707829747,88.03509504124641,98.47911912778277,98.74147183820227,99.8118032163866,0
71.17613420526672,121.34402965878074,75.87115452265921,98.02846894043842,98.70996084523289,105.24203261217066,0
70.24983750124034,122.97724915831077,80.09772922399091,96.68172370797006,98.52795895945945,101.0400542314857,0
80.13744017142494,118.89577111737961,83.36736398079115,99.5163474657992,98.48835765745602,102.46728211286273,0
77.9059343908595,122.39277649768476,83.09278178488962,97.3348926289812,99.73584916592316,105.01716324234197,0
79.95259265457047,127.33742777372693,70.74206582854707,98.33261275894998,98.33249835259139,114.81484246885168,0
67.44178129511828,102.9150718965744,81.15770534406903,96.88723592167895,98.59744307197607,101.78956411286443,0
154.14333953493704,181.27134998973332,120.97403860822199,79.17546372295297,102.88915911064372,223.47431502769646,1
74.73542517102422,124.9928637555758,84.84249401312438,98.45200536858245,99.20251836595486,90.8280255435745,0
75.3195073199087,137.16658939008107,80.14160131838882,99.60954165703836,98.14032665303853,101.69313723853857,0
166.51667754451734,202.78615271044976,123.40171573224018,80.76069031503022,105.10376959281311,257.95689126268604,1
147.7809563256477,178.39197106272633,99.06279033694541,87.9534037913898,103.88546962911182,239.38315586575303,1
67.00906675061734,122.79294510251187,78.49732007410616,95.71671954247277,98.48385126239361,108.7984592395689,0
68.46679903956782,125.43359953306874,83.27539008815263,99.35894995126712,98.32652380595029,115.09973987977011,0
70.96156905429679,107.6166478738242,83.08714315463662,97.95871922660763,98.89924801290074,105.51096983309839,0
73.40414672611888,115.09097300445914,81.36655624792581,99.37652265973867,98.83906440051119,85.69141416067617,0
71.16246223106896,115.77298748134132,75.17392961624726,97.75578495982433,98.89904409810882,105.80559058406496,0
70.52767130398277,127.20589170668728,84.87600270842383,97.01689685285585,98.65317138593099,106.33301236255649,0
70.56640740498183,117.46356709717729,86.49346645496712,98.55128333277558,98.89753185383285,91.79551533227917,0
72.22942796976017,116.61438953793702,70.37368893706257,98.82927368656647,97.52388974745858,84.48026987751838,0
64.04371388350776,127.01565316692047,82.34261801409419,99.72599800209434,97.47651016305693,105.9302347721308,0
63.85489476094839,120.71141037473397,77.55266502329005,97.63675081774717,99.36889559012538,98.03795103176896,0
80.54697492748168,120.92818370418271,80.13743816680406,96.73812255664151,98.80155514855176,74.94965410518478,0
71.95773008711667,123.20872306969947,82.3223373486178,97.00224372089306,98.11987181912107,101.5683216653619,0
63.45151088271926,125.40257324064963,72.35112959945332,98.75672700285342,98.45355212424985,102.50544628323364,0
73.86785204065731,125.08755832481262,71.98135262485053,98.62913529825778,98.0943249616033,104.57468686088008,0
76.23647348289079,106.19537681349327,75.7044786297493,99.00625079943272,98.91781791928533,94.9066734951515,0
73.59526937791229,121.24970418804334,76.78883760778005,98.14187804262849,98.40838001058513,106.87456397878029,0
73.07216830086286,125.64673481515054,74.86644754107367,98.15384766021664,98.96729712857399,100.40302599498582,0
120.12830118132554,189.06222924574394,105.16551397517152,82.01038494596288,103.6507988906341,281.11478460619196,1
65.23939518654117,123.4398892944887,77.28399249811831,97.34610290576803,97.78668035558394,96.01416335699139,0
67.14903838264087,112.74053748501002,80.98837783477123,99.38243334090544,98.94964563272714,101.31152705377471,0
65.53353133242416,125.58596184728566,76.93788554549566,97.22749139360783,98.99004285731552,107.89498759650043,0
77.3975992525995,108.1804636835205,86.21413446663414,98.68677548904766,98.45891968199855,100.4149608622286,0
77.54780209747662,119.27489202615953,81.07055491143066,98.7429033054336,98.54041133409424,92.86200533861302,0
64.5653575460766,140.54784344471926,96.88884120644681,97.27253429376633,99.431262646844,110.37806941527106,0
71.41972132877764,128.63606994835334,84.83965974382495,97.71768795807508,98.95219252036564,102.79237754275351,0
88.15820198388298,124.01829351618821,70.60509527623087,97.78320796831207,98.16702358248781,107.60076112388414,0
75.64110355929402,124.3743251625783,86.78053357105162,97.8095143021949,98.16303858878207,85.14704818217892,0
79.5170558065649,123.00132881216534,90.58865001504282,97.50734514678659,98.42060382765342,109.37013936819483,0
66.575590261584,128.19771380168692,77.37570269837782,97.4282614177748,98.61028195281116,117.85850891188272,0
75.13285527560362,127.10654624270013,91.87233141641997,98.24290254071126,98.6347149705096,110.08886136766762,0
68.49055407949338,111.84735656041323,84.64194339568085,97.41707050440073,98.72881888173028,83.83063562629921,0
91.15864540706917,108.51033919078532,78.30455852736587,99.21652823254954,98.5713943962908,86.9754391600795,0
60.78154980182748,139.05338503534546,76.96518277063683,99.51073165153922,98.58390229012312,113.18061289837391,0
84.9900140694065,127.65925683265033,76.5992381712409,98.93931989023245,98.62737012448315,78.13170628728531,0
71.4236406016521,113.50712668431791,78.82746232427054,97.7463595461075,98.32828387214896,102.43339565264162,0
72.35531060408692,112.06318750235552,82.95834024846566,95.8035537383569,99.4201586604446,97.98000002941383,0
150.31564670723225,204.49460561464207,101.60944583007058,82.73861435292184,102.25257138497791,254.877011925369,1
63.40108911285173,122.32660633256789,77.80737747197509,98.31083839753879,98.28511612488597,111.32591308921872,0
67.518460289579,117.37143713552351,84.6928553352997,98.51486117993517,98.28920351532258,96.59060819443235,0
68.81699311433684,119.85607609854645,75.37537092140363,98.37961005641448,98.92423798925942,109.9896783531662,0
74.84299752547072,128.9665770366671,83.7377306289323,98.82466862469143,98.52409937709612,106.61180990592719,0
71.40666208085314,127.04711049858946,78.6969583383302,99.1812216342206,98.60160050409463,106.2214097370064,0
70.85796793149835,112.14774228000879,83.07480616023388,97.1226442648451,98.52730630205855,101.68680859410509,0
119.24959399051848,196.49910366746315,111.21453934279997,84.37919501423981,103.57393235017591,265.2400866719472,1
77.97942306347669,124.26916033033294,74.21936316424484,98.25159280726174,98.49822530892573,98.24698183568054,0
78.53261792530003,120.55333461505195,86.72342586615308,97.11396061161409,98.15677866926822,98.16095419455476,0
77.75562495651124,105.39871485586664,66.27350223163808,99.90088878960368,98.36805792741467,96.09108579789596,0
60.074586512394646,121.75921653766672,78.4647582953745,97.4875066091191,98.90996582196559,100.02823199533097,0
67.03871787576084,113.90490559849381,74.37451836488485,97.78047341755286,98.36760919437013,99.48439681677351,0
75.28040140920828,123.45784167543951,82.97565592956884,97.12032618658536,98.24803463811074,89.94260761182971,0
72.11769994616394,113.81291773401489,81.7104974077869,97.95848203073193,98.44526361680539,101.71044068924151,0
75.0008581986833,119.94763442281477,80.53642933048289,97.62052074398825,98.30414838061256,102.5438047962636,0
70.67418240280067,118.56586335294698,86.37136129367185,97.62009203345943,98.70911735451439,90.58417033532575,0
82.59272544168658,116.0671053045381,78.09184452293394,97.2171334897025,98.66424452086206,103.84970981319697,0
83.28694241664354,114.75579791377731,74.81835401580919,97.76047568308893,98.33978320158337,101.51673185801404,0
69.97748417329177,123.0922271546429,73.93268319923538,99.7804527512924,98.03509654903287,109.29479062093539,0
79.08076904244916,124.23859555786916,76.48181777945385,97.89141583821961,98.37727409693717,91.28810046215332,0
69.67093908875263,128.71195612248678,70.90474492348726,98.30596002443784,97.88880978611905,93.7587977713306,0
63.46913599954894,117.75188672906009,82.31077048029839,98.49260948681305,98.7129511004798,107.63512567174797,0
71.57039244351562,120.47860096177361,75.0071480675878,97.3096618766561,99.772128114197,77.83122322664444,0
65.2436762345337,125.3711515382174,82.29737529484504,99.36818902374858,99.01397526526557,99.7085364850943,0
68.25108853382592,108.08668438987165,90.11087050043689,98.03889451623624,98.12117799806943,96.37665541725137,0
82.04695460008523,114.9797266949427,75.42183851820771,96.91889065217589,98.34434431288598,97.82174185168263,0
67.68534329130489,128.65782726289086,74.92246280593339,97.81240299990839,98.54928429933362,109.40399568946131,0
70.4226550247504,102.55032650423253,88.01850927733466,99.18806187625106,98.15166029287535,94.67512903900206,0
78.2346707245216,123.64482647495868,71.14288724278077,97.21995684185005,99.15364001235604,95.04675589456296,0
67.2448755694038,114.35536149617366,71.20895561672282,97.13769306383632,98.89241501015421,89.1974743842192,0
75.70203569746019,128.19817342894302,79.5487855927984,99.15332776339689,97.94057296015484,95.05545397179547,0
70.96232364045946,126.82999364368474,70.75944943805732,97.85841558070567,98.13035824784953,102.05077579983798,0
79.03637411555619,119.68946981141907,78.68883215308573,97.90363871441177,98.77160273920654,100.36152527925827,0
43.69423548220805,66.98548163550089,111.53653091615024,79.6030158839315,90.8857527502672,50.800774840922735,1
65.14217821301627,125.17426346291097,83.19951478576043,98.10714532973756,98.1480447648389,90.78974071773472,0
61.64515962725642,121.30893146807264,80.07561630792277,97.7896722271345,98.39660657039258,96.70448122004538,0
139.00091909343598,183.02656721136137,96.65248213044308,85.12949010374352,104.05217855505737,304.05480213086383,1
69.84995908787266,133.94425645171515,80.92108614765047,98.01785530148217,98.4840004462612,80.68938507965987,0
147.4945724237826,184.09644143462614,97.19512140715014,88.3018154965168,104.43397432201863,296.7572962335033,1
60.43396452392634,118.26483916644936,81.06363060595892,96.76466602069652,98.6512430407974,87.09999201763166,0
77.05190217271276,120.15322174815384,76.76173621810977,99.33045167156232,98.48593658793789,95.45433577458238,0
66.98362708739985,121.45502350746956,75.70461341817372,97.61123124957042,98.99245980776031,93.58433096450467,0
75.43434186705406,119.66540524730647,85.20866426327298,98.09473847583291,98.8404330952431,110.77336887278369,0
73.16841716831264,116.71164874964005,78.37629032459013,98.58599176897879,98.63391905356524,88.57725346079727,0
70.7440579370888,115.52989922398478,82.1653197337066,98.63215162969077,98.59853156460778,105.35121008799533,0
84.09165066276384,123.12087212660472,77.07885453403958,96.6678710453691,98.72935754202626,98.97812220282889,0
66.2945356218766,125.57501256649478,78.39626814260576,97.2517253452223,98.78343471197942,88.91812892061537,0
67.43186838114636,109.60892652264602,77.6305856510714,98.48688595030058,98.50980533175915,117.14784933665959,0
72.7384692099371,112.74826649975353,75.87633010248818,97.26916510030233,98.09792075403367,91.34130733082189,0
71.46158583427663,120.22044093583398,67.61603966561457,99.79675346542649,98.53542114673205,94.8797048574072,0
88.32101499953771,97.76307330762799,80.78572891851267,98.23151877204646,98.53204271933295,104.59033904906704,0
77.59876843404642,118.68940874945184,73.75668287618686,98.21566278748607,99.24589172120275,105.6459190120807,0
73.6157685154844,126.60600854029231,85.0647144233489,98.2522314799193,98.67078369989592,88.75268941972446,0
48.42952460332644,76.91059460749634,113.73423796045225,81.48250464571021,92.56581154428444,45.801801836556535,1
74.2778378903158,127.44919491638731,80.19677877497098,96.4571778509628,98.98744951428233,106.32079383531413,0
68.53247533900374,133.94466085248217,85.45122141829032,97.68388371936959,98.2905396352529,89.2114903867141,0
73.1082628486865,118.06833983812703,81.15229940313817,96.80453028333449,98.89313672279904,117.78077876751641,0
77.46817633304833,114.85632371726066,70.33813956252095,99.36153820284811,98.54001519084149,99.27251401548216,0
84.74862841810177,97.30940322269616,85.70447988575137,100.0,98.70839528587487,111.11356184173093,0
80.33002666925069,123.22754622607505,82.6025624831414,98.51700030251394,98.49460021082957,94.53816636558182,0
65.32819784535502,122.51776593380424,76.67484054848038,97.78002991332697,98.88767335237971,119.50928997068125,0
75.04701453773774,126.747477961389,70.55148258189227,98.88080685348422,98.27023068453465,108.20438144163542,0
63.559109943014775,114.13276462367928,84.09274358219999,96.7710550935281,98.03754302320684,100.33137462190112,0
135.45579475412194,176.71973773517283,101.88710591630918,87.73932934362992,103.47110371235132,244.31649581009242,1
45.27406602182411,82.64010792089647,94.13161692733901,90.5938048741957,93.27234068013163,45.65309630175637,1
71.19414755117671,117.33465617296737,74.0939941342556,98.86015079587254,98.66057350406429,89.34125899515158,0
69.18315368439029,124.80447488510173,81.23635726054378,99.58567917310076,97.97289106096409,103.96705691513917,0
75.04961183804754,112.58551804138969,83.30868306048474,98.24540974177134,98.68914559848412,107.15414041244044,0
66.9764254137018,116.61246588534136,81.64445768363521,97.47166911088958,98.67960844510509,104.49782617944352,0
79.15641099249848,104.48924302485533,79.04737405189981,98.6934958206046,99.12390286634961,87.67337456566244,0
73.55929676549054,131.23037375816017,80.15531713199466,97.1334294455745,98.71138351577896,104.49525088160212,0
64.86352864279603,118.25441262379263,75.03565647310651,96.61961015327593,98.10899030294463,71.79733496570765,0
68.38307606529624,124.19615480425193,83.84097064052924,98.14321308320613,98.46450279529142,110.05731653060738,0
76.04891695299962,115.56738022299515,78.9163410542177,98.22517093222693,98.87740706569015,108.43383452990732,0
71.61516992044204,120.9510159685716,82.58081511463234,96.34009443749481,98.1702148934576,115.13541435602296,0
74.07868925698186,118.206034230239,82.3996987057414,98.34791607812089,98.59663453361145,92.08772823353016,0
75.6247253375311,117.12979411922763,88.74067786262142,99.13016469226612,98.75690901066021,91.14579643905023,0
74.96418111769643,119.08351936411711,82.64018002273983,98.73568076375973,98.85517278402212,100.01734935873873,0
65.56716592808635,127.58099956961809,78.7061779406381,97.36547867656606,99.09314671655468,98.3419998189699,0
78.49614632332244,117.37214787461227,86.49167244887708,98.98429644519705,99.11079322362521,108.29126771621598,0
69.05018288620772,123.08041950316202,80.04713180281887,97.69174337024661,98.51637440733099,94.81598024745222,0
64.24424791708643,134.84695496091575,82.0018414473128,97.79755682581667,98.5526448650623,106.60217805135828,0
75.0523501393796,122.14515604074339,76.315493238841,98.8634140715616,98.0402507815418,109.50922118521166,0
78.49060036603697,114.22771593164485,78.34380345560803,98.57720565252795,98.34487837300898,94.31530498625581,0
70.76033232182373,107.20115883410625,78.03599491559429,97.18313849978504,98.37487826748084,104.26694842304374,0
62.908853626808686,124.2666823164602,74.86374056247436,96.61698219125553,98.51618864739318,88.4713379845288,0
70.27176675646754,118.12302602530765,84.68076797064106,95.24214637045263,97.70232738313274,103.61282106200395,0
69.32433771683304,117.60386609585596,80.6764125427616,95.4719954109795,98.39074250142339,99.59273921254815,0
76.89300613466557,128.0745199484708,87.1163246053283,99.75782689950195,98.22365858816713,108.0219178268311,0
69.68811841882943,126.77478216817643,85.2201256472119,98.66896448171818,98.46442894746033,98.70496286372662,0
70.98706966085993,119.20433317642996,74.7611252693045,95.69079597859115,98.50867262958992,84.80486661758916,0
157.2326233620563,188.77918427544049,117.79446367389882,83.28271402540149,104.05344701725082,244.86222182971716,1
68.84251286089547,128.60199585140393,83.95195538267735,97.48137499873562,98.43036936265321,121.519825670043,0
69.65010859546925,101.27803010292101,87.35330995326144,98.10067550309894,98.71891483790398,105.6863458356295,0
63.50777554769751,113.04993799240118,82.1062368934549,97.9490577209366,98.57825949023992,108.38870860678027,0
71.42721451746556,114.59465328536935,80.07954329199815,100.0,98.3190811147235,93.81568832805465,0
70.2151067947569,116.19605699156438,86.48970096767566,97.56671582637215,98.03990190849953,105.17806586977143,0
75.618568109693,112.9714425693148,80.67759001395898,99.21943108295477,98.47785050556253,69.90658857316826,0
67.63153741286807,132.02854797034712,77.48321630975263,97.42134894587954,98.9455368374555,93.42956302727089,0
75.83155475266425,123.05204042655807,73.61281698077329,98.32856311518752,98.31850521731,86.61200788420554,0
67.14237888047012,118.40395991233197,81.10420885145176,97.37973570333232,98.84713528755168,99.144401657663,0
65.22568937269662,124.61338040739393,78.78708481855104,96.917841864172,98.41260893970723,98.20044450819626,0
72.04728110816836,114.13833447222274,86.18435946759112,95.7278583444294,98.38452292741275,101.77201073969063,0
69.52667552985318,120.42549760750912,77.00175244274534,99.25306372692891,98.12251248709251,96.15199580169637,0
128.21684478835334,181.4589525557745,144.34493471747376,88.91568550652828,105.13704221432027,201.2460390378999,1
75.81250818125535,109.92895929260192,83.20939530738885,98.82595220892594,98.00453092648725,109.71918693820244,0
72.47181114189654,117.20070006923478,68.22148254936322,98.72192125240838,98.74487372884187,104.04962197591166,0
70.30929234683695,107.58221268721509,79.58433237139253,99.53826564091203,98.37425583012639,101.7858859883365,0
61.34252199920129,131.6592224958057,80.9024802803904,97.5831003638806,98.81051434747279,93.49870956572849,0
74.88544855649337,116.26897142721566,81.65981964283277,97.63213670630351,98.36826377216967,75.46444428349574,0
73.05713893501616,129.58366207933994,75.35076025803674,99.24982109705368,98.6279439187927,113.03360902929657,0
75.49542791285283,113.20256579624586,80.76764228625176,97.94391427372132,98.27554239409982,112.655034894003,0
78.89563995771405,118.6683140891075,87.94573650818228,96.85141668476126,97.70888017706537,88.57032801354549,0
74.7284454728468,116.71457473501302,87.72046331762023,98.78629823090027,99.08127894325695,99.80911249764058,0
82.19661589805226,112.96963521594266,88.90699858300428,98.14462763378954,98.77232562827896,106.19317309599589,0
65.54812564170457,116.15588740765357,77.28651563048693,95.46856995422199,97.81252714476663,108.11740313767157,0
73.13823700566238,118.59859121989741,75.82830906708669,97.70866799387505,98.60122545497626,84.16510598886883,0
72.8603308040535,132.64262382485873,69.9308762185946,98.71266203212701,98.5547429853476,94.29988501425746,0
78.38364592536513,119.0410729561424,82.14519783783774,98.84635142620601,99.16444200364485,109.80278991109378,0
65.70206700654035,123.01706784491054,81.1711020679978,97.78776569838445,98.86976192042277,91.02047948133396,0
73.31490196598364,125.09963050460175,89.32099762943675,97.43644681875129,98.28789570980848,77.40723828564465,0
74.82026512420921,114.33076930637414,84.25018197594785,98.3142893154787,98.6175256771327,98.35974557739863,0
75.43549668813695,123.21295801172003,81.53501530002681,97.64155381069332,98.56873202554567,105.38229311830416,0
67.04607790318715,112.82346639983797,77.69716985120222,97.18592877750781,98.52703651970563,107.43824460633132,0
67.40006047329992,115.43677992228034,80.38968648279105,98.60193623710325,98.44369929203815,96.7393967754798,0
69.8213000330666,121.45242158496528,78.45378046183635,97.69691392288799,98.5968900222188,85.44103878460014,0
71.06461093237999,112.53777479860624,84.96870131433978,96.90235663642139,99.15115185672738,95.93757127098165,0
45.202427818344816,70.78568902861102,112.87230718841177,88.08129859691327,92.3887737298546,36.176684241877815,1
65.65373442626459,125.86434955082612,79.33697960879752,99.02719478824287,98.26382609493211,103.82007205452763,0
79.81966822389639,111.22618797193488,82.27587834934413,99.00876250713314,98.22558699478073,109.75499559262308,0
75.137012928213,117.75730458394244,86.58088040765011,96.5095071342631,98.09426507929506,106.76901237694358,0
77.91437997407918,124.49610864507824,86.4750357496921,96.01096580382871,98.2727684050776,87.74692326485038,0
61.78449837457296,128.3531770414899,76.38826297692485,98.91517215071862,97.82766655971037,100.55789628616553,0
71.96427174472362,118.48799004898821,78.40928683669287,98.5795812479848,98.2539157598585,85.09688977845842,0
66.50235539661765,139.76954298476642,81.75545645838368,97.76318215696314,98.9686765192571,87.49168293515595,0
72.6796224632266,128.3950970104511,75.04631540629357,98.72249576944294,99.48531116720451,89.53333941368311,0
74.65801278268425,108.29767108670283,73.4285745109594,96.89998335792534,97.89536702909814,91.09177331999756,0
75.67481276408161,119.89105837790794,76.42667941579504,99.8173108197256,97.67433440693101,99.83773791295705,0
72.14341825970973,130.05457623970628,70.96205175409271,98.02080402377254,98.11053229117569,118.78042035449381,0
73.84379712525966,112.15966804271089,83.6358399444605,98.91940842875364,98.93149618147423,103.65290327458905,0
68.03807316315931,110.89223513526058,86.84934111680955,97.69593474193424,98.22483100295877,121.95973052895957,0
65.36084454754997,109.61910897612307,76.79089298027829,98.8027275724377,98.80585609599245,87.50764480427367,0
61.37358868147145,118.70997698717102,85.73235938743952,98.94833927932919,98.10563113059632,100.63378868865324,0
64.74215388785277,107.41249682413624,77.54563552553218,96.76304674155716,98.55221823949746,95.90531941421945,0
69.07376776230753,104.65614940604084,86.04684589167381,98.17554224383515,98.12960807849315,108.3204304592962,0
67.61780020969718,126.0814075041354,84.31377295976344,99.11763244160396,98.58574457562733,118.21895315926021,0
79.02119225517963,115.8527418123364,78.89605425103973,98.73234807965052,98.8431521332479,111.0291070170131,0
69.49254272540466,118.64473342275144,86.74661963905369,98.08164470901825,98.72767857785685,111.44204797904136,0
78.95597882018549,123.19681607511279,84.57911890798802,97.88959883609841,98.40778262975728,110.76575315244258,0
71.55631460634964,129.17813607622531,75.84356052259055,98.33512613307366,98.8852292929146,97.92264252650848,0
40.56864383066149,66.94360761910126,120.9280050534373,89.65643553179363,91.71754926033138,46.46481113506304,1
63.41534938729171,113.01251419042016,77.43436376817859,97.1846888852119,98.060926080021,97.37647445839981,0
69.43871358031548,118.20138412414752,78.23070518589948,98.24398618799765,97.672702807859,99.04395853434495,0
71.31911612470715,123.71258432299159,82.7376326521781,97.77323920334986,99.31913549323619,106.16161230514794,0
59.95525883552994,123.11974534957346,78.79342548127636,98.46032781838149,97.9550527527638,99.25345928028577,0
75.17815652614038,121.12909679863887,80.72808498413445,98.14663258764618,98.6650462494329,107.23095887153481,0
73.39929678758101,101.67306760915405,82.86779418438712,97.47240265742094,98.08091439015398,98.56678931435647,0
84.14163731537784,125.76872027798994,82.92476746543223,96.29277400542945,99.21466233149599,106.29718724118923,0
73.61155367317954,121.36033424336763,78.6871217034219,97.51277905833177,98.81521393566177,91.25713042799616,0
62.971677755813985,116.39380370635588,77.96985422793642,98.11054911955213,98.9592495330325,100.12943980145232,0
170.26056441146994,172.3501047016105,108.94726260441654,78.23248213728937,106.513793282718,285.8769950374214,1
132.62044276266752,186.33367036947348,87.40766389906017,83.85264521641112,103.22809629968441,298.7451321690213,1
69.27123169573385,123.66326647910012,79.29379089465733,98.08434103219821,98.47852472412926,80.21059826203174,0
73.16630580946402,138.4651722658214,78.97646383238856,97.75127657591747,98.02091729276866,91.73830045610822,0
69.60218288631239,120.93770866406165,83.89565312794176,98.71626249646853,99.18987759413827,95.88944192721526,0
65.48504922668889,113.70840132829314,87.11949468623426,98.78246602187467,98.96830182610289,94.8360251533923,0
73.3427277098334,119.86143958835504,74.60842466685386,97.2011484559827,98.25457265611604,99.5039548884122,0
64.95672021354616,126.19679424606173,84.97651450264611,97.93447088451104,98.21741314250416,99.36967575964707,0
70.41291095213633,127.62675608153648,85.52238851918733,99.96110429129146,98.80795317270717,93.17615414528434,0
66.21045923651937,112.77623601306975,80.92481293671044,99.80441082669843,98.9572223706844,118.14673447712788,0
66.06237107844852,116.99806452075748,71.5598283740116,97.5596743153238,98.66748903093834,102.57256047029337,0
72.51686329827825,128.95002617557563,77.72389709558647,98.78100895460715,98.43490236231138,97.07682854230912,0
70.91265496069138,123.89996332882437,78.28991327097613,97.7565189303671,98.25307419649826,120.61934956003614,0
71.60320431224507,109.63197992764799,77.44370271065236,97.18104755502628,98.65160110320551,84.04967783043784,0
75.32033389844656,122.11626030243792,84.32635578647273,99.01628794275663,98.55192066256502,118.98117015818505,0
77.59554499123854,117.66873666662367,75.74901127092672,96.53396179855113,98.20510030718711,102.29032960598138,0
82.26368023549155,119.68413976773164,83.29924806052283,98.36309843266103,98.4781284149625,110.11050015652833,0
68.36483507544663,122.40048464124939,75.04672961250381,96.76264630996083,98.55780585313688,100.35601967905035,0
78.5788154028653,120.30121681324897,74.31812416648071,97.26393478145935,98.52996593989052,96.60603184633382,0
73.29237903273773,120.01248128773226,78.44146203766392,97.68786863245872,98.7585071666262,101.38950573055094,0
73.78190803939911,120.68469305165316,78.34067569089011,98.56876969533945,98.68621825400398,113.77577335845417,0
65.33654492720503,109.70657314138124,89.48061638127173,98.77339981606761,99.09124611751237,92.54236255889334,0
72.45603234847447,128.59621146725695,75.05174516917819,98.0380845057195,98.89203203701503,110.95936147607574,0
45.353528826995884,79.25224290454608,105.32165407924323,87.67896526989857,93.86830431542744,35.44328282382503,1
73.4517736293962,130.09361504061323,86.06589594195795,98.287919621246,99.03962922502159,107.34529218424487,0
73.72274499121094,110.6237115752957,84.95283413721394,97.96134823117268,97.32029414191513,111.08197896425885,0
73.37397835475605,115.44540365064664,81.59963930922386,98.16395148089481,99.01709865313653,79.18562838233395,0
87.34919571400951,120.65466447507026,84.35862212092069,98.88684265948858,97.71762592803424,87.6520524878148,0
80.04885549318529,122.8569513894485,81.50621240045695,97.12039369083601,98.26330637240235,98.51345371368657,0
86.91113950007335,121.06160090501513,81.84458601454124,97.64812620371349,98.28879643505337,94.72264429132149,0
65.7311448358738,117.77567374187822,85.99112696600643,98.3081283365365,98.24172459532168,75.03170008779077,0
127.09756620866273,205.65077141903433,102.56868596855851,86.47673872591852,102.49460353619563,229.91273477659306,1
72.9485353519391,109.29175731497136,82.28101659575871,98.86976205817629,98.09645177745189,83.9900755532461,0
66.12976333430981,118.21537120717487,75.76980163686183,98.01603666301348,97.90337213989955,93.23189264453686,0
63.781182122525536,119.1626626294186,85.13859374389767,96.33631002180361,99.37872878493845,109.32278354826374,0
69.99134800736076,118.44753017398705,88.22677476135372,96.80442467177656,98.89129524292234,94.5162438036563,0
79.49702940423695,124.46980322087319,77.93234370595334,99.58371754563954,99.37610171739276,104.79932810798945,0
64.53682058765229,127.7225230043756,80.0146298333972,97.669947264756,98.45935702868725,91.62925012588634,0
73.38867553515344,111.91183744327638,87.6310797939814,97.17705137413765,98.57016790795859,109.06679031702805,0
87.86606008210221,115.20027557686909,80.90169345331944,99.5731360220429,98.82414478026669,107.81850357583,0
73.52652505980728,116.2955929313194,81.68291522729517,98.61288407176319,98.80133150953822,100.58163898972263,0
80.87966483334016,115.05958561833245,78.49100753301873,97.40322752363238,98.73701239589184,76.51998865595655,0
68.82613375161591,126.80710798542607,81.17658584242318,97.75326271944652,98.5461538267747,89.34558260449414,0
77.09461266445886,112.47737272396996,75.24947715427176,99.46081871828912,99.10672144337732,89.45800972217228,0
68.02810693322034,129.7945956504981,76.54472811303052,98.47039274200915,98.18260020196209,94.36196535695623,0
62.9131781449154,126.25231843045076,72.46538850430993,97.38808694735818,98.54139268839538,80.56195153107154,0
71.85524947733998,114.82911751169306,78.07603988197965,98.987834421308,98.75390021350671,101.42751587346427,0
78.70439289541477,129.44425334222095,77.04426585037194,98.50950138282441,98.03205698616601,99.21488295238244,0
79.92782419363807,115.81764799382918,78.14981693715902,97.02511569536095,98.76529017987441,101.17323496834274,0
71.64104313882058,123.29973883935493,81.30328077352601,98.98465579813761,98.06190701916006,115.10329169813727,0
76.55357153872059,133.2190585772998,76.12865038797973,98.4380236053281,98.61480575099846,85.07248824093975,0
65.62617771764337,112.67715240456246,77.12756647291862,97.24681108721154,99.11419477988359,80.17373671800492,0
58.188473011586495,118.46231383354328,81.94212306838753,98.94782077641247,98.73382305381514,115.40566611341313,0
66.07275995459551,128.1591642660089,76.96239545039644,98.2991834608138,98.48806436966282,102.40049828491942,0
67.45922946858323,125.86008140431969,70.73133879390438,98.60642472839116,98.47095689087934,101.517959488725,0
66.38096175126242,104.28089871704387,79.94530474019957,97.13640160726818,98.8854264606316,101.8323559903509,0
70.71559381363284,113.0656374363592,82.60797580176254,97.4757715518954,98.25001399332793,96.20213405323324,0
153.43210934456175,192.88870701931702,126.79125650279965,76.64418308621698,101.66258335306603,258.9919160821638,1
79.48135029320832,117.714249032258,74.36204524395619,96.55628163040494,98.1536861154458,95.26788811549604,0
75.52990323890747,131.2666446604318,85.97588705755709,96.73124899239872,98.56842932969018,101.09582250438359,0
69.5351142722725,115.35594689946359,82.04305373781959,99.5273082241946,98.49753363750166,97.21396296775166,0
74.3338723761131,129.09404874383367,78.06309127492642,98.24551844332736,98.17020064413647,95.43419945511418,0
66.31264369638609,116.64196772263705,82.40806922844047,96.42512001253726,98.45915800234222,105.86512218966823,0
73.38042455514841,115.19422872792362,76.65820918004556,99.20467593575692,98.31828217220631,100.29671824977444,0
36.17844112801395,75.6029379203221,106.64100748879083,83.46257641172186,92.5109598350595,45.728752079309835,1
69.44185442276674,118.14107641237021,79.97899042304422,97.68503958754526,98.21651850834256,94.6271098910761,0
65.9902799406305,127.87452781712268,78.32698072734853,98.66735528445467,98.26789513971197,103.11393501078072,0
62.91771364432304,123.52989523626869,83.77592486901972,99.43959792743013,99.17885391937793,106.03789070731759,0
66.91419642828549,114.02323838746936,83.83968831758268,98.35367937589105,98.37855067434974,91.45490522270065,0
38.31116134672949,59.698014353188896,105.19523186317062,81.92393678433977,95.5189502068882,71.83658711333102,1
81.56665435049518,119.14294807176822,79.07562411402705,98.08004126921526,98.99357076368248,102.89272252004305,0
34.838572040334434,69.19452548119543,131.5166322225993,83.73509230051648,92.07088339519831,53.28982501482453,1
73.31120425446568,124.09236066740719,81.63813108664208,98.68628854173181,98.80522533720543,86.50744740195455,0
75.8303515536503,120.22677349578505,74.35166270344732,97.7967017554232,99.2971465880207,88.0418356309593,0
76.2876587438197,126.61718239865105,87.81132555327535,98.33300212944904,99.22632823763765,93.34811459266655,0
81.30691185313513,105.26675345996689,85.07696164337612,98.03395688516517,99.22506740209226,100.99428458229033,0
57.45672404022626,121.35365616346911,82.74787158032223,96.96735730187794,98.59359000383455,111.02276526585351,0
74.04353529840299,114.0224696407796,84.51529083368466,96.95281564475177,98.93222011613204,99.28851437808964,0
69.07724769741182,121.41157033590478,75.955180535371,97.3038829486537,98.35634556445697,103.79325364030615,0
72.51666520955386,124.33358218571607,84.54643698346847,97.68048755008097,98.9149500552896,94.58176938728678,0
78.21266049850166,115.35784786911672,80.75608110668773,99.16515712389452,98.22046725135066,87.84215559216773,0
79.38133305390473,110.4656964040167,85.44689918077304,98.52654777915367,98.49580458687466,95.28946429615105,0
73.99388407187755,120.53626349316161,77.74815904371665,98.71560906797309,99.38428713281547,100.33454120201485,0
68.91130395051155,106.31784896861707,70.1832067836724,97.30296853063514,98.23598942138244,97.04831402034223,0
62.57699637826094,134.68755032182722,80.49994081882775,100.0,98.97710549006092,114.09744807198163,0
63.46647774241396,136.27271314096973,84.95963154943477,95.98477809456762,98.14582232226515,108.19346906382545,0
79.01577354267404,134.5786222547686,75.09617578168731,98.96609285535632,98.66721024070381,95.4549170069773,0
70.14496725918816,120.04391209329093,76.14478921429398,100.0,98.45907805066032,100.81247076239802,0
69.52873820326519,119.9239300407552,85.23356356887882,99.85785015129066,98.42863130799998,94.49299118032744,0
79.03030748829696,119.77247274859617,85.3089238347916,97.99664237996002,98.69824112682316,88.47403398782114,0
75.31493972650289,118.19277403377995,87.49273180334927,99.31220799360153,98.61768246995217,91.6686221981044,0
65.45024896704538,105.98781882766617,80.40562291709251,98.42454859971967,98.41403476977759,81.45213548539165,0
77.77192313443105,120.47825490957872,82.39755281470651,98.85866343907757,98.29144910946415,111.96526786682884,0
77.03094464670986,109.35799245431573,76.57878909742378,98.19663774175025,98.63734607717264,93.19303580838209,0
68.11474916618904,132.83727582217062,83.04975693665989,100.0,99.3731852701874,108.89950096076086,0
68.9892948431308,111.89808946849196,82.55338068929403,99.1121490628066,98.51099116789678,108.54070250711953,0
72.89618089362713,120.80459240231392,74.1550954489375,97.6906715072257,98.88162049198682,91.95063632829226,0
151.66559446626695,202.2512789260629,120.1664630283972,81.20358760775389,103.83617133231164,237.8774077995376,1
74.91621773650583,113.71638430307462,84.16472721412521,100.0,98.69096850717509,91.19050590002445,0
65.16700129331538,123.26501901188622,89.17067282181195,96.71262140686466,98.53898202094514,100.54975871562286,0
70.4000860245935,112.07495601498795,83.78652111887374,96.77777428040805,99.14805556192182,105.95238364055164,0
69.94470479485341,112.31672312406991,91.50837426025387,98.51982900267103,98.41688425885638,88.31075498178065,0
77.69756742818693,115.5600769822788,71.72744802543627,97.91755404085085,98.62055678758993,109.76928902813475,0
65.44612341196452,122.52258101133403,77.51484654667046,99.08237871132344,98.64128650390636,124.66588009341557,0
70.75126649785635,114.24546791720451,81.04674428667344,97.98431203324306,98.28660474866165,118.19636571611568,0
50.312493828918335,72.5383870357285,133.95403665129476,87.25801127474428,92.00166786342753,41.93795110745951,1
84.7329371820758,123.71718266425947,76.87113478134111,97.18934244430133,98.32971538793652,113.42035330975729,0
76.63152092902006,130.25647352436965,89.81034180949264,97.03191641084616,98.74356399256507,94.89268317983587,0
73.86544539358803,121.68144090762357,81.80377877331918,97.8183390728142,98.31309443766226,117.72436543295902,0
70.65220110001785,133.5957191632941,77.94038382807024,99.03638590858702,98.293090971056,101.17997576144064,0
73.71332444914594,129.42269856159982,75.13832498091907,97.70106260298017,98.21881246659703,96.36736460863283,0
70.50621510912556,118.6985286333586,80.91085313856051,98.92303343723573,99.4604656165703,92.35402129444586,0
72.58246529608824,119.42099483272455,76.63803207836749,98.70606694985543,98.00683478352883,93.67002967703708,0
58.10313682218674,119.12554883273503,68.8516167963501,98.3460344109108,98.39817578710554,89.98196832806936,0
72.0856384070186,126.49663427693757,79.06417226068069,98.47460392303476,99.1041717596893,97.82901937673324,0
79.47651115498577,129.035308968857,80.29304458685897,98.95949607659944,98.1409349488209,94.61087833389392,0
75.66129701753533,105.52136999198277,74.56681905557359,95.85286790003397,98.34900900624753,101.90869678631567,0
65.09403853546618,115.32967640655747,77.54227793096548,99.15316969845485,98.61579870448087,87.69523941822749,0
61.44756308146131,120.10156299483857,90.2006694299846,98.61241165291537,98.71484025496049,106.88662295146416,0
74.93624736736751,124.1970427887175,82.23848133197507,98.35203861295813,98.55799939883835,93.92590752323865,0
78.97703146520992,114.48346622267431,69.03176036870563,97.90023972468573,98.78945991096539,103.28235566160255,0
77.48084239210444,133.48400098398776,82.15369966990926,96.96255830359168,99.26828731847102,124.43202523847401,0
81.77499818940566,119.90218740066749,79.74143604719865,99.5461085604314,98.75394022587288,103.18548611941941,0
82.63350958001847,119.67849819881887,80.71714468518662,97.30866513883723,98.79598492378108,93.36253553401056,0
66.1587228017732,123.2004914458476,77.05419806005528,99.43207860390456,98.70095928266082,88.81449040458145,0
60.17937709372899,111.936017166946,69.10105669304878,97.3277811274476,98.24025071946323,92.70658141036938,0
68.35412192775917,117.8334307985094,76.27878316522214,96.13416024479656,98.23850051283573,104.35810556846523,0
73.13687892732648,114.22744761796518,78.75874443069453,98.06353795515682,98.05458565450878,88.66429178952545,0
62.88378020427592,128.270974014934,83.88898815438857,97.92209195366868,98.36193240036992,105.03670773462173,0
65.86324460880957,122.5676983029981,75.90366767905314,97.15849254108846,97.90084616213525,104.94671519448025,0
73.9460412600892,118.91745205407416,72.14881672959078,98.04868388490155,98.16523047339977,100.30851948510463,0
63.66874467701273,121.63705570706473,80.05868184860968,98.00211842101747,98.49964632816705,86.22563350117105,0
72.26615278509364,113.84249427114132,78.81138313326444,98.12103387850274,97.84455232411291,104.42853493838487,0
64.06525225953858,122.47639441623973,79.50695800497661,96.63659575266249,98.79112473850775,93.83248655848068,0
72.51190885539015,111.28859485077794,81.13271375465499,97.32861955635505,98.62766791721438,91.34353455421683,0
74.91900986295721,120.57392169677304,79.68931966765346,98.63010799558373,99.15944984422376,88.86191114985806,0
71.39907554112028,133.24534232583147,81.62742556162308,97.60873228509246,98.08623398921796,111.05089086835444,0
133.49557589826938,173.365725367041,114.96598086180698,79.43518316847309,103.98459710250859,296.82212052043764,1
72.12602304979656,121.47977597229462,73.26607168942283,98.38602461870856,98.11321496926259,85.36312789832483,0
68.50991451630814,109.545431552228,79.5649238834093,96.3059607187746,97.98091743950351,115.10692932338173,0
66.50284850711255,126.77456128302398,87.4558320214009,98.0112081531959,98.06351607525318,88.25647037682685,0
67.59245053921171,131.13980257433963,81.94972799691719,98.66833322960616,98.88549408786454,110.11368257190179,0
134.32215768431325,182.92591000228546,119.32892138909224,83.52428859600627,102.11678927026664,275.40666838156335,1
70.83438520812888,115.00154417412475,89.13323539655968,97.46027320184822,99.1414448438187,98.40454720115396,0
68.12928147236926,120.24896251823095,77.83004768892022,98.67376883433626,98.66221001503345,95.7018807716862,0
75.79759090653306,118.57577201243787,72.80195934600586,98.18933403618017,98.39124663451797,100.5798294658885,0
71.09497373059983,128.25206155925858,65.03146698669688,98.13316648936271,98.12104092547987,105.02884685118771,0
68.13870100609523,118.71177320560697,77.19474573988866,97.23104008732521,98.07521538185354,111.61742300505766,0
75.47779903928145,116.01210725951988,75.67784843163231,99.83794202999228,97.77150237302257,98.36257252708785,0
69.28830376852873,114.7471291057174,82.62115089976015,97.62322453026215,98.79465438245792,91.43523910872428,0
64.24115073744811,131.03113066651377,83.40996649627073,98.29629536550367,98.6938280079746,90.56513821185597,0
77.97760091668285,110.76722051188243,76.19699667787431,98.61410580528968,98.53231453673378,94.68361829873025,0
71.8127790663655,114.66506586040131,87.30340166064569,98.05523043648111,98.89395877701533,111.64034397248307,0
74.75508047537062,109.41229724290787,71.12008876519053,97.52398225240105,99.20051075340469,110.68918415238034,0
70.8928478540649,121.09776111268735,77.18918829032637,98.06382122503364,98.75463303566836,107.93429659702478,0
75.57864682549052,120.04467078674321,84.69601425831024,98.53682468395567,97.90926554079194,93.16307660390709,0
76.70762572738815,127.60466497844087,83.45350444674318,97.44954812731079,98.4359454952916,100.99813668821642,0
79.86185247671764,107.19222729354343,76.72336238399603,97.26128473445762,98.4461479471715,95.58626386303071,0
69.36161365035495,116.33496808115392,84.25704968381328,98.12540867947584,98.73882650888011,90.8780672879388,0
83.25702503529531,120.48558861860649,82.90499769980846,97.82201379204865,99.26508240640139,89.01275823218532,0
68.35880893285695,116.0884292678053,75.9639216125778,96.97034474430758,97.99240193469711,100.95309033175656,0
70.31594953879936,110.88008665532678,82.87678362260063,97.66579300193355,98.77054712758942,101.62443905204076,0
60.7010987516485,117.7612160547787,79.17287973909053,100.0,98.66228692781218,97.53426086878508,0
80.46275487122102,141.82376790445633,86.18869052874612,98.90844516564577,98.91942725069937,106.07312580668295,0
61.188117374519884,120.1776969458059,72.94766291793613,97.89773364978241,98.51257666466462,115.36317573818047,0
76.26968926853334,131.18825265348724,80.6396360118729,97.85201125247714,98.77580400752764,107.31718475862132,0
76.7870626793746,120.59405820852773,82.83665238493315,99.65363521602985,98.38139153571656,116.83373343007534,0
71.553324505403,119.7287997350732,85.16194699063199,99.32254846283166,98.43639286087402,111.02526956456015,0
42.59272945795868,77.18365863605361,114.75839695135411,81.11356074698665,92.1190910158034,45.85135458195769,1
78.60793774641458,120.58038297220428,72.83218038517279,99.11300069913868,98.7009715028863,95.96306880534367,0
68.70275835242678,128.25991970782852,77.96205327670152,96.58476606913352,97.89601922957114,95.73828092434314,0
77.09058529323171,125.23211479998939,86.61463080167766,98.42458509604714,98.29870700933415,113.68676993356786,0
83.42481953743804,114.59220521710435,78.69027496787822,99.98327265592076,98.91474402749405,73.28938034630244,0
72.96010935511673,133.38403828336888,77.90076502084385,97.33955263199242,99.23687916561526,95.67716670870036,0
81.83470083266441,117.05980590894086,80.89707085524421,99.2221941801068,99.27040858350396,106.20921556889165,0
62.39457612914091,113.31767328634957,78.63423876740049,99.1600484289064,98.68995831795452,109.56128605741,0
36.73413702756122,74.4183394981097,93.29155061227644,72.29101278065455,92.69381486375224,57.17602599388444,1
74.26380295826911,126.47970546651905,74.08457242375117,98.24611770637658,98.56370129706434,96.98154105847244,0
70.99726971728153,110.01221396253061,81.55269818957102,98.8566651198694,98.55111913958369,103.8082469583791,0
36.097824900573805,73.4172805261839,114.50992525408763,91.0,92.23472586671373,46.1202225778071,1
78.03775685528664,115.15354458036344,84.6152241361338,97.06539108740976,99.11528418842643,92.67861098029262,0
61.73898964406025,111.61125512533569,81.13465971900123,98.15364912929662,98.43234648256443,101.58647451212279,0
67.98992883091918,122.39227744499478,80.34501750368531,95.51383343227864,98.99632114244913,96.16473383653815,0
70.15179429488555,120.90557604692673,74.42436868668256,97.10916831986921,98.93012300689612,83.47756433059021,0
65.41618483420294,130.51914028413913,81.25746834970995,98.8935422058891,98.42068509430186,88.84922961590186,0
70.17764382734,122.3643626933822,83.3968658528706,96.99621218453636,98.33512458092933,104.40944019922617,0
65.21958396575785,114.57075376778326,90.08903224396515,97.1708410775146,98.18475720541558,93.93131983955546,0
64.48563933352129,120.15637467523025,92.2062792263267,98.37912363306924,98.6326620899091,105.47875236994702,0
78.05683073157581,121.66480678530836,84.36045097766892,99.24038343460542,98.13902221275644,88.81988291964402,0
80.7212044629439,128.41715873588151,86.1090234248835,98.33305843506704,98.02845353982013,95.84451728557356,0
72.84754284052478,118.14950916757573,82.9406897567133,97.55728293046782,98.15679344240769,108.13616536451455,0
76.92094912053291,117.28002245656158,80.36172608659591,97.25806054624353,98.14506391975593,110.57977032068135,0
70.68196867297493,118.38089339949211,85.71783022464307,96.84536305111527,98.71451128923275,105.78278519276222,0
72.51412296842015,119.59910712424528,84.08996049628668,97.42494180381263,98.48739737543168,92.2731537662597,0
75.69220490407832,129.1425054271014,78.70139414461734,96.88814929333597,98.91393014741939,107.49087858300095,0
67.4892536994289,111.62334085400923,81.01037253080656,97.67502055573867,97.99325663339667,97.21831426446128,0
74.03090306077014,117.29574267186977,75.93167712431223,98.8498203653189,98.82937351667519,86.38642128752296,0
76.17322654539467,119.52905774560526,82.98040747066244,99.43506541200212,99.4154567700193,82.26761421737586,0
115.30267951598972,152.43358955836226,114.12145570433692,78.38528178331975,104.7260863811691,279.41011917081767,1
60.796408844449516,118.71302274788553,81.40117973001247,97.08534626467427,98.585223525413,101.07808328311235,0
70.03402712041338,123.68828546566056,82.03545191699416,97.91892925899198,98.07879923127408,99.6496810084715,0
79.64925024767233,128.08285636701703,84.34786259326711,98.7090297753183,99.41221828928967,104.08516064987768,0
73.27544418379328,119.48999617811262,79.5167304519093,98.52100389660491,98.21966186621637,90.10224992130438,0
75.65343213752779,113.16137982432683,80.68062317037922,99.28388878327027,98.22158890160415,105.37670339838405,0
66.17031576893609,111.47817344552134,84.4222121869087,97.91666779937566,98.48531747127853,105.32128571575234,0
114.21305938635666,196.53457837847776,103.111731872604,87.87636505830152,102.14173721453977,227.94115908060374,1
71.96357453076064,110.20645100270868,74.5605349394537,99.190699617555,98.76707256200689,105.5481871483892,0
81.48324411941024,105.13205027312056,78.86668898138001,97.55275489521269,99.4084774398323,94.67534605992813,0
69.64517336363477,117.82343738554235,84.9503061535818,97.16202078532068,99.27824501331123,102.67968799210738,0
71.14712077835672,114.7449576585503,82.47261246024387,96.54471102409879,98.83286679869494,101.00879064613596,0
80.6818673061224,114.65069249353508,73.4210129589093,98.99808417260365,98.01707809240578,105.24813703009349,0
67.76992886544954,117.89313781324745,77.85049947396057,99.91217804766295,97.6459964808116,106.04532944100956,0
78.65222148349744,117.30880184716035,87.53073620387474,97.45044560414041,98.83653652846908,86.26675720239179,0
82.21328966781142,127.14025554831463,81.17464062544057,98.33412624733823,98.82772066715575,94.09219422625773,0
71.67657090596556,118.07749375443592,82.4287357372773,97.24897660860948,98.49355837790151,103.44662304643983,0
77.54562083722698,117.17853892374295,81.2122509031791,99.00929495577981,98.79221186500878,97.00673026704115,0
64.37963346772781,116.70471430612653,79.23095611059482,95.98370568957684,99.2537097943906,92.80995222774968,0
76.07485665262917,114.57526023155211,80.41672675487546,96.52188628561231,99.26947627892854,105.72236726944558,0
111.82648634328154,199.25473486727967,124.3479672534144,85.95507917421793,103.63078211019153,242.99973230190164,1
44.93509619897595,71.11637102891446,94.4038573720356,72.34668260981304,93.11087579888195,50.80968123809585,1
157.6116905851272,192.45992645547832,98.98731970566163,84.23214630032199,104.82099218854933,270.33493359510106,1
79.33849840257196,122.54102999364254,87.7917498007099,97.9198629321202,98.55975932993752,108.64515865768679,0
73.56265358000134,126.3347342904594,82.04242669073236,98.6252284708731,99.1451038249185,111.46979300780954,0
84.45240479187264,105.47751973717543,75.71278785226392,98.21751349593879,98.03809391133319,83.81888182189502,0
71.62941480083923,124.00711714308571,81.78333803624923,99.45549829207894,98.1006900975881,124.63775698329931,0
70.87862305102809,125.17960835965522,78.4439585541316,97.86998602674487,99.41238144693965,99.0738117481286,0
74.21239888390512,113.61867888492269,76.3627303763844,100.0,98.71544386051939,92.89256020111917,0
65.21630799037484,111.65687707066125,75.83429238335516,98.85969505129776,98.42583641175275,87.79399892773169,0
71.17530891223385,135.0207744755354,69.23205943527724,98.7164302036574,98.34147308092103,106.95969943281328,0
73.02519262876766,121.38875462024241,80.23318683282983,99.22357965975927,98.31415487515028,113.28331806384352,0
72.49124483631793,118.04344775692427,78.75053132093977,97.86668419348189,98.63955488634207,84.4177015143213,0
72.0253791539649,109.62322249102962,77.55863137651656,98.36516063247517,98.93509849022206,101.26579306722931,0
70.5629884678695,135.0380780465087,89.42894258242764,97.99892886646259,99.09236483635284,80.4004114796314,0
67.03445867610768,119.83864610740174,71.28958771147018,98.09530339915362,99.41463294266883,92.123227035757,0
81.5434924357071,125.63902291964321,80.8384576742978,97.48922280809553,98.15246139274744,100.31634016178914,0
69.61682810312408,114.9568145052746,75.1599351770536,99.85667233791771,98.82234258062074,90.19790737927856,0
171.58139126237873,178.60490273502023,114.0767050662836,79.61127353609902,101.64336368834655,297.2976516064124,1
70.19337782646427,129.72317054073932,74.46633506135275,98.01811847762588,98.78416890719375,89.6348736924141,0
66.83768993532298,116.43634336281902,88.39391903693428,98.01441656263555,98.74546905913559,88.17479977772368,0
75.42534306415901,125.29541848021269,79.82529249770684,97.47796571015824,98.35881687644742,101.16876969918566,0
82.51362266054174,111.16061157011005,73.1958251084946,96.9437295922519,99.05037213225361,102.34313988611554,0
71.88590275258387,122.28798780427306,77.84786150599642,98.5769204106843,98.87937311282518,115.66978847369992,0
68.50153536858637,113.76475795513416,72.35704351870356,97.59640666301308,98.50112585385823,105.06622169951747,0
73.46003669593615,129.29639822290878,78.03399498158905,96.95507496537775,98.75832197629208,101.08953717270808,0
64.99332269239238,125.51742898558031,84.04930992435438,96.90960780119256,98.44913768687549,115.01938548798466,0
76.6251911633218,107.02887061971701,80.82929513399337,99.94732848690428,99.14078292215937,97.16524008445688,0
64.92378527020429,127.07265519298285,73.34126257800912,98.04138576230712,98.35423380789551,100.02125542157917,0
57.170132999236266,126.35573619538934,82.86235705889868,96.7840621820241,98.60181171642061,86.32128223054569,0
72.07555440469076,127.83471442294868,82.58412632912226,98.52000438080081,98.98558050042188,92.51627703579517,0
77.29865866288296,116.66414003746532,79.49913615606621,97.56615247664743,98.36550892228759,107.69386758037574,0
68.8112726918447,123.27076550627953,72.83479797691074,96.64003178632773,98.52579858838551,99.8366423764638,0
91.45855781756839,118.68591083494081,80.48708671532157,98.07166413975085,97.99453833021506,95.14981826973722,0
71.48358184325464,121.61498224352474,75.60750604515248,97.82141773048578,98.44863899763301,88.18139322531144,0
81.29960643010523,126.70487741775787,79.0633484508935,97.60140796108624,98.7598338212831,100.69906654458823,0
64.83286236140378,119.24834967112969,71.52491103512347,95.67851465792242,99.38146269919068,108.24244054753255,0
81.64407345611995,108.13518593038371,74.04627099631664,98.16070455127846,99.19760209908301,101.51918863756809,0
78.34273335731349,119.75814563232225,75.04454432334194,99.46343565426099,98.82734085941705,89.1328810432299,0
71.90814090496202,114.3121796091461,77.80786316392363,97.1602025926513,99.00249629892465,91.32585670760925,0
78.17493382395386,114.59781429782252,80.29954887039752,97.76913588880207,98.20932892187706,110.63955845045848,0
69.20378098879054,114.38460414375375,75.07793476912394,95.9321816235227,99.09140704256596,105.49887681902017,0
60.63831199827729,119.58241981605465,86.82780185216089,96.97626555472218,98.18426908044877,104.90841625492943,0
70.04633368710898,126.2705735276515,77.27855853422257,96.41101039752222,98.44358947289378,103.2066304776264,0
66.89156139443811,124.81066915276702,88.7205159223299,99.49901206823355,98.36306711805838,89.06010794048638,0
75.93540465917857,135.00104938209438,74.07092544492528,97.19619681990291,99.23304761749361,117.04129629532842,0
82.78611916109713,122.86606971449577,81.36258995114797,99.00187041354108,98.86274642532379,106.68797465865265,0
70.8860461400171,118.01747372738338,87.46854879502767,99.54145719483225,98.46887387590425,93.15319107487346,0
68.25738623582517,114.585809091766,79.22654834432723,99.29042532461686,98.41339698905995,95.86597101709889,0
80.04276631074208,125.4385218464838,74.61128032534828,97.4227790436179,98.86077336041201,115.69719587420859,0
63.21891031120729,118.61263026534196,75.02571823766229,98.56799453952424,98.79464779205124,98.00950717391545,0
90.47328485073143,122.34106960393964,81.41955529368191,98.73752806346654,98.87768441717809,94.93112650132777,0
76.08132216286015,117.90085767852372,82.52696688110231,97.9180877042744,97.93432681817158,96.64911700776656,0
81.35273510698136,111.82494284895803,83.23022671714365,97.76862404250996,98.43778692329501,98.47776745320176,0
80.11321607320286,133.38124246944327,73.93629692562598,97.6053202913395,97.99315865312676,78.86356585615047,0
54.62246773083787,118.479888350042,75.11317941258145,98.2662152601529,98.64069488233596,86.13620927784217,0
73.44793160950069,114.24484075317415,82.8863118360046,97.37886520120377,98.63684851282919,102.83305179380486,0
77.9240070995346,119.775667540854,76.17575385845949,100.0,98.95218844217135,102.94145883889107,0
67.09067590059917,124.11174189864208,84.76880127905677,98.90111178106217,98.35384507609498,107.63522667904823,0
73.40308815473759,118.94672300953512,75.75291265141847,98.45767161119359,98.06662714182016,99.35607558560393,0
71.40543419855238,115.58131204631509,76.3583536578913,97.21852393419874,98.18767388901996,106.30305916457426,0
67.12558590637548,124.22875218807332,76.85014984072156,96.20064331878352,98.6778430393844,101.21297709222235,0
39.49435744850336,75.2464889215785,112.29071292211363,91.0,93.35356586437517,42.19707324467356,1
72.55051490669024,119.48824888593742,84.49363387006822,98.65596055214138,98.31746811732148,105.56868316828987,0
66.91823191009003,113.16519965935342,78.92305855569961,97.84168038740462,98.71850077275597,94.25814931983625,0
70.29506941242721,105.66793969960474,82.73769910084526,98.22238781413469,97.75960751580016,111.8223521902166,0
69.041994392047,111.46500873434465,79.77477940994538,97.72889030735321,98.2469610855426,109.077255197087,0
63.15520720774737,128.9887328662523,81.1576424010876,96.96150066238577,98.26989178192152,91.60037129627801,0
67.82583073681762,123.9018598979583,80.99028462942574,98.27747924133746,98.82324960523336,110.88496857529111,0
64.73390280142526,123.17509866456453,73.77424712019958,96.92949186536458,98.62827880866593,107.71394434890315,0
78.49190885549966,109.08394954611643,78.39460285270377,98.08479772902615,98.93954953211401,104.77123170629567,0
72.09371000369762,106.57855779792791,68.5838068269248,98.03211545543232,98.15585833562332,103.32059120949089,0
35.75312757762543,72.01425456498669,94.425906801112,76.29666434404353,92.70958442315735,37.86512743694866,1
77.17436083429655,109.19584339769978,78.04802766441429,97.1832620681351,98.908192174675,93.34664196566558,0
66.66455503063005,120.61581482990418,74.78535869095631,96.64892554154851,98.91038726435856,113.21442740235342,0
75.0816006394183,127.62933471363581,87.54155374373775,96.45956728287571,98.00068727627013,99.09013861960764,0
76.45475348155573,109.33779275078307,85.10729052007689,97.73342771507102,98.13103535686649,117.11300515310464,0
69.09495629250758,114.48366663736894,81.08719540362921,98.42653929002654,98.52078911216104,107.46742242810875,0
65.08000558076553,115.58679082070165,79.5622322677328,99.25522624663458,98.6781719664106,96.64882932206044,0
64.45279106454667,118.63195607434065,81.45687228119291,96.81950151300236,99.0054104540364,92.57281437753036,0
75.55540364308398,127.96443746468063,73.39395384071935,96.98250893711192,98.29068956595552,99.91601982665657,0
66.99406172705051,116.9715373856653,80.81627813146083,97.75568296136035,98.17424889430481,94.22118162997144,0
69.24383460275854,117.41742392677976,80.96494820886464,97.15163346357691,98.65229754360729,102.05412697218661,0
66.71358998003225,111.55784340014317,84.37369810790129,98.7899077468539,98.47263857037835,94.47725509577356,0
75.90270055521684,119.71096046750738,78.7946838876711,96.75743599720029,98.79854649745398,100.40321210739587,0
83.54067476894971,115.10279433908346,84.28229906574393,96.82618200290158,98.87510766551868,98.3131133922944,0
73.09119753035097,127.28301624851387,72.26215102931845,99.45137546107038,98.71578042914025,106.6862975813259,0
71.73913830111682,120.2284718568361,75.14405065431004,98.59128958929347,98.50773753245278,89.29517099126595,0
67.93370778148736,122.1447263745139,78.14534448196166,95.81882476233432,98.39202326503111,100.50967717599681,0
78.86575841135964,120.45085265702359,83.7110498121325,98.59809227277745,98.25234830300082,106.25326263295504,0
56.43274030857661,69.77957676837914,82.14316084339734,82.64791553268964,94.81004510366445,33.08604599120873,1
45.66206773807125,61.35768852308732,124.80940159930246,88.27203390072883,93.1902315342567,49.758385570088564,1
72.0749959314435,119.559742931701,81.4728840027016,97.72639344346584,99.05267141480049,112.60378518140043,0
62.928699482620715,117.40119840530724,76.87594397732056,96.18920042168033,98.11001039718808,91.42611900100874,0
75.01670656137117,130.4682077167007,74.3990059927941,98.42491960239369,98.80780112567736,104.75840376843966,0
65.69915556238712,124.19297439178985,75.22565459207962,98.87184456987409,100.04454002512627,111.74681132528032,0
71.02324256356623,130.00132113425738,74.63454335818692,97.69673922233329,98.489614761418,99.19470350213568,0
67.47621246679994,122.15606931552139,80.71702980535652,99.05505454894255,98.29394613315614,98.68019101269317,0
43.39451803669506,85.61054573487662,85.64537370559435,91.0,94.19040198842535,47.34944951967694,1
74.52114925736996,127.04487728018589,75.01121108670323,97.18753016770766,98.52283385156345,85.47279097467593,0
78.7602308209655,116.61911251749011,82.26610951141448,95.89399379861686,98.24096439809725,100.09526377219802,0
75.59276633737146,120.09803477159967,83.22799039479773,98.41934187246163,99.01240728681697,111.45001478521985,0
73.91714802469774,124.22599268380938,91.99224642794034,99.18928345343964,98.32005737613689,100.82370450653838,0
42.581313387070864,69.19086050922145,118.4218643633681,80.89195386768898,92.80556187276436,41.225515827709174,1
59.5464719455288,125.66760271103769,82.62396287750661,96.93595407275443,98.57816269355492,110.74950638703926,0
78.54517002362219,124.65734174156212,85.98381612490219,98.19392147688393,99.31114685611152,109.38280898459708,0
75.30885765143714,119.75432473250784,78.25287524682146,96.5910960955746,99.15679827924507,108.13786744922096,0
74.16837363305048,124.56614306127162,87.47785868241213,97.07228570771564,98.1986264756967,105.26928531041065,0
33.49752780686804,66.26731877458239,86.57044096048031,91.0,91.80284257930798,46.62943072841453,1
73.8158127914342,104.54203456640224,80.69317514265225,98.52756811611204,99.10758601017265,94.05876390034436,0
67.92814163223538,127.15373943674699,85.2219302593829,99.09672420762928,98.17342660997393,95.59941226960078,0
75.61948500342837,134.01699227351358,79.02203381575387,97.41318728439691,98.28760988286228,91.17462940852843,0
71.21963823867829,116.83851237576137,72.7269262571142,98.10643541643128,98.87075312806128,92.7150326563354,0
71.5157005193485,123.66772358453714,78.6435171842618,98.58823679451505,98.27928435681957,103.79672855684404,0
75.50588499861186,108.0664986594692,77.01688153008276,98.47601080006562,99.07601550128281,101.21244695295906,0
67.68955640658481,121.53274741099183,74.64665814291702,98.92482621237674,98.63321527992531,107.03603868078736,0
73.34540846721175,121.41399307530125,74.74339092880385,99.60740454982343,99.11679905045041,88.0602881697408,0
60.20186046374399,120.81604958408725,78.57229187346388,97.9228197238863,98.90262116028099,100.10197682007116,0
82.52959842988345,112.79212632256858,76.97640566682261,100.0,97.94254634311201,105.19509888108303,0
66.61301960144623,129.6413452066984,72.3620952932212,96.81810602562801,98.50747106892327,99.10852012179659,0
74.2584571565851,128.33763478202334,81.09654456566027,98.55981176193076,98.16030057697338,102.84735557069337,0
69.12750827001913,128.05187177128806,76.09163963826556,97.06652884157496,98.44988193211462,109.25762450456978,0
142.5451433414519,185.0393422597265,96.83619867640395,84.46487078545502,103.58783013059274,199.64000095681672,1
68.48443396009347,109.44941925731243,83.26946305135512,98.03946219930393,97.79269593866839,113.95861697452098,0
72.71748221048492,120.24421562962586,80.18781675690556,95.0,99.22143792417992,81.51062122628744,0
68.29648088071846,137.9235207154898,83.92563292730027,97.48397346827826,98.26436071097157,94.94343721821528,0
66.09279569710819,117.28064065259963,76.28150041547408,97.75344639242401,98.4628140654213,110.63047483982831,0
147.59255990151374,187.7801465505037,102.66343974831567,87.2976926279571,102.02491077853071,213.92128104673802,1
74.61794201804419,119.31732231378064,84.6236090275671,98.45228999257091,98.62295022152279,116.98009684886253,0
60.781101962807014,113.85667850195966,89.4844437393604,100.0,98.34062133865123,112.39694530064243,0
68.73531598731485,127.50779259700931,79.37090324225834,97.03234357171148,98.9361454398219,109.51564925058103,0
69.24669442278636,116.08317600297372,76.76878837926702,98.22459947670826,98.53468864590867,108.37853794767805,0
68.62699184053018,127.26026983954335,77.23537991881884,97.64514926864818,99.00973848079433,94.40678022524317,0
68.81478736247807,123.15429134601972,73.4617870945328,98.576561120509,99.02131485358096,119.10435632133414,0
67.24485931730872,124.3633961047238,78.98673368588925,98.3727672242764,98.65703451683822,103.92184310041682,0
68.39179413629272,122.08223437182471,85.4481476145458,98.21229961766048,99.2260413622297,88.04647441300366,0
77.51348912794998,122.7418861120733,77.34470414810662,97.8701636741506,98.5366335061327,99.93282333961696,0
64.87803967016553,132.93676372873887,76.88634709498126,97.2972729345727,98.04278707931647,102.6208341470015,0
78.17674488959014,109.66339943537363,80.9868630271983,97.48017477782646,98.20864282394905,92.9108927500941,0
81.55911975983638,140.54960531629445,79.11932901144611,97.57216578428213,98.25755693893743,79.94687603183937,0
75.4387668794472,129.72065164071736,79.63588783704829,98.7479953986272,97.92479126216125,111.58149555659544,0
69.41814408027214,123.71607013447004,83.79721086911292,97.32428199758446,98.73146379926892,100.29134890420073,0
45.56586621062801,67.34603138738171,102.68931823683725,87.36322556023512,94.0018688076219,45.76783330589145,1
68.0903979143651,124.33817149292008,76.81561762896783,96.28350242285613,98.51891198822533,111.34538331008075,0
77.1148118605977,111.22184143300038,76.16565237441044,98.1724198520914,98.5791745835203,102.11458945051747,0
59.268870605948436,118.89513743111819,79.93817030878817,98.5878351218658,98.30103030160382,89.67324470982012,0
67.50908078066068,116.41765509440387,82.03423817569892,97.60676359083716,99.6688626970512,85.76839722851435,0
72.98576859222341,117.59370436342923,83.5056560035646,97.301133819558,97.91997113400868,95.85757344098046,0
72.91054795349244,111.8227552050486,78.72696006993058,100.0,98.58743879323019,95.39444426845385,0
76.52004972662719,120.52156715678741,87.1700050186523,98.92039616125449,98.48444303426638,94.2415978780199,0
73.12060058686247,118.07638386673118,68.2848044917408,98.52017642160027,98.62994072488624,105.79976576957259,0
73.88548399557165,100.13745491021835,81.34526346507853,97.2107534051138,98.85574513739465,99.71344338964737,0
72.75134701588745,122.06662802528422,79.68348388609331,97.85657678354107,98.49420786049255,89.72226082086146,0
73.07749069163759,115.89945093585916,78.12804983396543,97.84424469141679,98.88384040856059,92.53009621792819,0
78.3487099505229,123.78924905805795,77.35003534148262,97.47222812405457,98.51539919725991,117.7281172412109,0
70.38075038823978,127.20608389148929,79.74245403123037,99.45079946630874,98.70818540349222,114.69643886658424,0
66.91889420324782,119.58817002107935,76.42016388408028,97.74921239278937,99.032562617757,108.78532558474849,0
77.08129262330948,111.9100469755816,83.97843510061193,96.62560075152587,98.69535096193646,99.0150559387046,0
143.4035423562792,160.95846532887086,92.08493088421868,74.09684335727668,102.82136100733241,272.07035445273647,1
69.28063170403635,127.43997585123252,76.46762249617102,97.02192573733645,97.97005295501013,113.31880304275353,0
74.73532663248965,121.39727292881948,86.91567823389076,98.79064158388768,98.90532778057326,92.44539279798947,0
72.5374840875315,124.95061961662994,80.94226798214642,98.43412698154097,98.5366253423491,96.30582828713635,0
74.9879897474727,119.43267824694779,77.19455434509501,99.45888538863247,98.5989257096547,96.48512234796303,0
72.96344388629919,110.75385151235878,73.03091176062897,98.57622871959562,98.53258163363857,94.9861391092271,0
69.33424043954334,114.07495988978715,79.4240583561176,98.26162526358077,98.71246605715784,102.07325834193641,0
68.02928121138967,129.45596631489303,84.13419315354557,98.84540655678205,98.56722300704327,109.34801662695655,0
74.9485767163212,119.76882315396307,86.26079518483056,98.26978392939994,98.40386862226295,96.97711556906496,0
71.19432502688217,118.49531613344735,84.04494304614505,98.08922828687474,98.54261210787824,95.79913995065783,0
70.87877013503184,116.3142781903277,84.60968189003809,100.0,98.67016545673056,82.36749068008064,0
76.39584046329348,131.97720166433552,80.51558791222818,97.24974119230826,98.20817387414617,88.70024129215584,0
67.42488456512041,112.17033561051858,76.37542923117252,99.70970590060733,98.3960283018537,102.93050188818442,0
125.23344933180636,166.63836060534837,122.02104120541037,84.10443581499538,103.73743765731827,243.5657583942372,1
72.43918194601017,137.21910389520565,68.92865907057724,96.02378393560969,98.4570449341347,117.44996267727934,0
73.05172067360354,113.82996406341103,78.16683060665534,99.52910100667324,98.71113712378873,119.84976882495215,0
78.42366335987512,126.96190765019135,82.02470676907672,97.97615623186388,98.27723116567608,109.22427750618311,0
70.77317267408327,129.93618976558488,73.99590500082479,99.01109700558699,98.05637340124449,94.28245747642336,0
75.13508463159454,116.22846786796302,79.71248515602542,97.09165874829202,98.11251555969224,108.89749042814069,0
79.7045747636887,120.44262502559171,82.27165716576114,97.5703238729254,99.09016842458347,88.76542992840588,0
74.54440116911071,115.51184549422204,83.24273373816499,98.27838569532088,98.22713557805385,113.19558801560214,0
69.293046849546,110.8092202903691,80.26010325219809,96.07898686117674,99.2372374472661,105.92847598259996,0
73.25720538157677,108.34412292587169,74.37739160193053,99.35973925503701,98.45021803411944,108.69329104046211,0
69.22634826776975,120.63765524379139,80.5520902347306,98.50680259455247,98.6463443035368,97.49572782563239,0
74.37479309225849,105.19714480648385,81.86397079264603,98.94223001756784,98.55447186952657,101.59847419588687,0
73.84567600913518,125.58663734063093,71.15244881823764,99.29314807502126,97.95925788244608,92.7182315320339,0
63.889892366302,122.62819100339077,81.1370253949581,98.14050890428561,98.2383444627594,87.9087702860386,0
132.33793414458748,189.4684576319071,101.7248318465612,91.0,103.27071861794259,279.3440845758953,1
66.44171322011077,118.70813990469838,92.22884784556842,98.07236038990838,98.90645503381066,111.03497501272327,0
74.82881014281597,120.09415255233505,81.97440745001289,97.09776179728523,98.66831956157351,103.47882531202234,0
80.40959155767858,112.1204152253959,76.68083448587154,100.0,99.10687285269555,102.64022448996353,0
79.09134655775976,107.54392752203599,77.06514506989768,98.70379588375081,98.90500423230559,105.36872162639845,0
59.77125278893288,116.47501266764598,84.66533302860492,97.38674618534993,98.91366806948979,94.77497658117183,0
77.78452300973015,118.0321216057834,79.6649497913739,97.48660331922395,98.43417445470051,101.79580889319136,0
72.29316042195423,128.24029474229036,77.89208844279854,97.25278269151326,98.54792178687809,92.86750871916027,0
62.541647058094505,130.97727700669128,83.15709303136204,98.33014994939194,98.20382945518423,104.86936557399927,0
69.6895063175021,124.3862954608415,88.38600254983048,97.79470747837149,98.90097448032698,88.76117227867795,0
75.30478543364198,112.60721901569039,88.78050794846767,98.76811695243069,98.70181625855982,93.62774301954099,0
70.96423620035509,125.323542837089,88.10936873892526,98.20082428967447,98.41486779062785,107.26263937595346,0
69.85532746313744,120.0615190984245,79.86392933811071,97.58320834886166,98.18222552127688,107.00329170606203,0
76.5407320799219,126.04406096132915,79.09596277456387,99.18498444760031,99.15164456126742,101.9802280057807,0
68.08898335318705,108.92443783277466,86.7880981652507,97.06491716357246,98.44781258555307,90.51645893378326,0
67.31880522529522,121.35384457032802,78.02466546936395,97.15476989456315,98.64493282735488,101.93378751341294,0
75.5480954505504,120.16369650260955,74.57429228418833,99.00662463159651,99.10957869178998,94.16046230329628,0
71.46527976292327,114.31023486764404,80.31851179882885,97.81775817582147,98.70776938082196,99.58779256631883,0
76.69278000918875,117.21088307507443,75.19823473928943,97.69722545487446,98.97563557745245,104.2346249160142,0
74.31190427837302,111.15195682436845,83.50911520271671,98.6182893033107,98.7527686680012,89.30090856833792,0
74.18976601479736,117.01971076743887,84.57701485242468,96.76183885566454,98.75780944206474,102.4543762257879,0
67.78094144924468,109.51787331975976,82.50564638032289,97.75264907285109,99.19107714921286,101.779062595062,0
69.7823379837382,117.41476860889267,84.49151274844517,98.9374062824695,98.74282614978415,102.9433304513651,0
67.60106281734002,120.48792988600496,74.0331059377809,97.39687991177388,98.84371404656633,97.90046432189571,0
69.51836679947013,123.39751935287234,73.45134012816185,98.04884839320948,98.65853636949967,98.80294266959301,0
77.16284093015847,123.51749787290503,78.34110614113939,97.79686795367657,99.3062244710509,109.6171596051322,0
73.46194334221629,114.28863325396013,74.7422622082992,98.32183519002277,98.7503128534739,111.0938398076079,0
79.67678958994651,130.1892033548011,86.35264612073571,98.79850490461567,98.29411690816481,111.13260064602139,0
70.83181622329991,121.23538928564066,81.42517371049681,97.63285642895276,98.37247783313387,92.48106370096677,0
70.52554161548433,126.80439876017806,77.84501899890094,97.58578921907247,98.63937504956982,99.5782389350336,0
80.28054812488472,126.57048015875262,80.03065725217614,98.04687854330331,98.53672424807111,96.10156945582406,0
70.910981027186,122.32663783463727,84.16046009186974,96.80531653198345,98.1457927819244,80.70490310458328,0
73.32935084174527,119.16308870361523,83.6279508774116,98.67261289108984,98.8305785970412,110.35946140314854,0
74.09157071916589,106.4025161632676,86.73839042756312,99.04580291569951,98.27487580417528,96.75261645279058,0
76.74619168225829,127.05010040417669,77.75545806343497,98.90267814269924,98.41266052457621,85.91336732241409,0
68.05130106554846,114.75408809130118,75.70270138275991,96.8901605107301,98.57387571533104,99.60113247632898,0
71.44976385512925,108.77748207370132,83.75234930967548,99.20697032463225,98.70923554341195,113.92734118755027,0
44.06443321690674,68.12478241813054,108.25434080547538,80.51690337477116,90.53938137777727,33.43697330350977,1
74.83822969296129,124.38813944470316,82.19834861136512,99.15012867839363,98.52422288898953,103.1754275701901,0
132.16245747090207,191.04174149667637,102.11173590006425,82.11869295971934,104.92777018491215,208.83519668465317,1
66.48345459459718,122.0366315503764,82.54756781964844,98.20783838336408,98.56241905374708,97.68081595140981,0
72.45573160749653,130.7524282719667,75.5909075050729,99.59767499670498,98.58880640293168,114.87449388318524,0
68.42603223573904,118.03648562611868,74.80729571482122,97.87851289455959,98.58332808874823,85.1797231818899,0
64.57402546603622,120.81986951304896,76.85778655422327,97.9168193398956,98.30920280295263,120.97011911213613,0
70.6592232880449,139.2865242060393,76.38415780585304,98.4269836838621,99.1337929402974,106.5604356720296,0
84.08032348515974,113.01185257296261,79.59403407932265,98.11316001139278,99.00866349127917,106.79939872834746,0
76.07623969773903,123.8571194215841,85.85559532368785,98.66907525449636,98.37204083223516,89.89399959348944,0
71.69857134330518,137.77567135948004,83.38984985448265,97.37866827647802,97.64720349074533,116.31152515028003,0
156.11026005885395,170.56249995600112,105.51351104451454,83.56722258824519,103.04704291046193,281.7019891387291,1
65.88182808174686,125.46141204830252,78.9102454687823,99.60111868563926,97.99530138476473,85.0082028209925,0
65.8730252546382,123.63909712671338,82.86086565518731,100.0,98.96290947391668,101.36846007987856,0
75.753785601876,114.16010059852424,82.26137188824289,98.25287665751567,98.63276216504163,114.33282172720196,0
131.32789524814416,150.17872612075774,90.96082926414684,84.05963857823912,105.18991983450682,249.0727603128717,1
34.47382890822726,59.23995714843174,130.0402638598427,86.17697124239956,92.96621030441985,49.979419036222104,1
66.03390375234892,119.43253026195208,82.0292513334645,97.98263199249091,98.54033840441309,105.05151070454653,0
77.50717168232866,137.84306796102405,82.07901362860223,97.15526259120882,98.33335228900211,104.37872144949355,0
70.81237362609191,126.15309908189906,84.0736536081084,97.431460695111,98.77996355553249,86.57909095234983,0
64.20470181932505,114.66641133305441,78.65479454055959,96.94415536256616,98.18031409239713,97.64393756636117,0
63.56662167686228,124.07206355479354,80.1903900969823,99.12792498551683,98.63036040915374,95.12221968491458,0
77.73183125142306,113.97470238808727,75.53083389680455,98.79477403846033,98.70093198934866,89.09261942276652,0
80.4167658656166,120.18343326941825,80.483774592194,97.97866761836892,98.16965657526485,98.81121236860183,0
66.67338293076875,107.29581319363015,79.73474004037448,98.1358417481081,98.06594135533565,96.44170872596487,0
75.444427325364,129.5211769157961,85.44046231604294,97.69271016132528,98.7933978807857,94.5029159784329,0
70.71047381826759,117.79716419848336,71.90588714006779,98.23664691267285,98.48435182913326,99.45992798080742,0
79.30916827052553,125.63453373512628,73.34675458489687,98.3821312758908,98.25192941194983,109.09218921082538,0
65.95148213449558,118.94570189759047,80.31770952280469,97.66109145432416,98.61154899206979,97.87592576181794,0
82.27025088085406,120.00528855218217,77.39116671350465,99.77064187246268,98.36763312912235,103.10183218108266,0
79.98344942423424,120.41784316405816,79.6190619435449,98.15086762851156,99.20445646400506,98.91456668477403,0
68.33168851566823,121.26877763841536,83.92142376631875,96.28109004397112,98.35811925796116,118.25724547168515,0
71.84667557405133,127.07192210785212,83.4294522821896,97.83316033230608,98.2674085308394,99.39701484465625,0
67.00586656137463,115.59941986447801,78.88712536387574,98.21453291888642,98.55351309469944,100.28906593325794,0
66.19172544893853,119.83109622681519,83.50941126029647,97.38580958187451,98.51437689174719,106.42121788867418,0
68.81271423235441,115.76024000044941,77.11497780136399,96.52878825572084,98.16200775275509,114.46686169487302,0
153.01268282430325,183.3119440370811,95.0026722029659,83.26768299001142,102.08986202498252,228.80844926963118,1
67.63717694505078,138.00396722246478,88.37135383035564,97.78754127496573,98.85952072646063,95.57774473991847,0
73.84681061335236,121.56296639278759,74.851945144553,98.50409383194395,99.22741357548372,108.02501153693369,0
67.089428004348,116.8482262855521,81.26841777149049,96.8740491038646,98.70830260941993,90.40140394846736,0
68.05299267688717,125.03418066448806,77.1807583407007,97.81158315309128,97.48992461555676,98.6322113294093,0
41.309839012656866,73.52667585756016,112.16750923286097,91.0,93.22199959462931,40.659392712593274,1
77.21763552063396,121.04619262764317,91.52818418683594,98.87081755186347,98.46472531320701,108.43150372596492,0
71.73064181926478,115.81204466061507,79.1023508301204,99.5489179534182,99.54013564806172,91.15032372707186,0
68.10433472960396,125.04697867033946,82.4337075107903,98.19380900833112,99.22727987621099,93.99563323532796,0
44.38557363908766,80.59447898813087,114.66345776241194,80.50982795659047,93.43040342273169,36.306171585010624,1
48.16525502242707,85.83472037593471,101.78987763440823,80.77055972782993,92.15318115224267,43.449206924619695,1
73.94499811493066,129.45779862990702,78.99657390812335,97.21169073522503,99.23637654342164,104.94466488352373,0
69.47887909742485,114.60159790315497,71.47689020911442,97.25874463249052,98.88686798984531,118.08224009149149,0
79.03654107160467,115.50056531970037,79.19067617321134,96.95782519290155,98.66223004510341,110.87791711437109,0
66.1109480937123,115.74395699943874,69.36583256100367,100.0,97.88059980192612,87.18215804885389,0
74.77923775259474,118.97002346630126,79.13593324053296,97.19023945840007,98.63215176008366,80.74032054092817,0
68.37608887970508,122.27904471750949,85.76174319480963,97.30417005360772,98.68374173207503,105.14265592414858,0
70.90458615372275,119.92753397064584,74.1639525719282,96.79730897110514,98.92413385138298,101.85961253560798,0
73.16905404162083,119.03581257728452,77.88899657597628,97.1958623118393,98.0687699868981,88.35191442139731,0
39.81965340976818,77.46681296612927,102.59004349203227,73.75280754175714,93.76218158319892,40.04061070548335,1
77.25628075517876,116.29701110057812,78.0850039275827,98.41050679148638,98.19668557281426,108.44741111123417,0
83.2607748753484,125.79065275360196,73.44228016981499,98.70748720720536,99.18556031446973,109.7205201292389,0
70.99729151809888,119.10017594723631,83.36566846116484,98.27742111123735,98.78525539199,100.89004110553482,0
72.28850967996829,119.90010752935429,73.12457383416458,95.38288688256878,98.42194379494745,89.05454024881,0
170.33639696616083,177.87855137277685,99.54651722439428,80.91688180416048,103.1655265815684,206.7119109704345,1
66.82334541574127,126.28682126885643,72.58010470266291,99.43163598693798,98.21228800810448,100.30041364521284,0
73.75629289285112,135.77826676244783,78.20728736218695,99.7897907703084,99.03670539636666,101.09836929204074,0
33.499675265410154,71.83356932670694,100.01124550000085,74.53821587746863,93.77623598848284,40.390482343150424,1
49.01516713763433,77.86776104074771,103.3666313903863,87.66601836120182,91.49443481490539,43.05166199703479,1
69.9214409639586,116.5352481437651,75.38890361432642,97.12086390689231,98.42116136085373,92.33911575257275,0
76.87717271303376,124.69637873793812,80.3294580430112,97.92161330027061,98.36358171170926,87.96342374088077,0
70.85383342439899,126.0188349302722,76.01257251328106,97.35158519104118,97.96454233256134,100.84620048393549,0
77.85490031606825,115.43230194748348,78.3000813882424,98.25186944831802,98.47179291053361,85.30287635326245,0
66.18153768219196,124.44570008118548,76.14054812407022,97.40963830819467,98.61549544367668,80.66206719698255,0
74.20571904125826,112.99559439261732,77.8776204120411,98.62341715860116,97.8925657320346,94.24506564907189,0
75.49642549904318,131.64052013032887,79.80869358767922,99.45540948217203,98.85094906807497,102.24944150537023,0
75.34996147513033,128.70384058031013,73.66684002446695,99.58611413142131,99.20775127318078,90.81305639079939,0
80.95613141375713,120.64663754147946,82.04048029284972,97.23085472019338,99.29889493140395,112.13597562302249,0
75.87893722635462,125.07556731113256,83.83754540908649,96.5364968966956,98.3549063299941,95.97830842605637,0
76.20420367272351,104.57960652755997,93.12652790134456,97.37945912455434,98.33015179025732,84.35816597661113,0
74.95990740528534,108.57589580481508,81.95940631122792,96.31793271630221,97.90372822540505,91.96807704872944,0
79.90436439380595,124.61672028712397,78.44514266756964,97.289308007533,99.00507688182037,97.59267838255924,0
71.81136497775134,120.30843797184619,82.25673773932316,97.60973246906838,98.81538775490179,86.11059480936946,0
76.5034750051306,104.3065884584376,74.16249588059642,98.25158791799885,98.10313865968335,85.52393307724861,0
65.36577198908438,120.26302401535106,76.51229028762442,97.51787571567853,98.48502791670951,88.27711847595327,0
78.04508213902153,116.94964852120566,82.81836827135078,99.46631180291786,98.22075042142697,81.3398232645551,0
71.62444123260286,114.14735830846261,77.17325023749453,97.70883622957366,98.78645885219798,102.71184205043878,0
77.71881980347948,109.62893459914042,71.66167366904568,95.48977785895958,98.31062511073476,91.4707167770416,0
77.23392382032407,129.64928739223052,71.948684406041,99.49194305916164,98.3327403233933,105.55084924573873,0
65.35705909918529,115.62615767095862,90.83479633623483,96.66166937317954,98.41626595037897,120.43958762508188,0
66.08517714799304,130.39834158490785,80.48188561557018,98.66427520425712,98.71783704837735,85.95103302457858,0
72.16991025678277,106.75066475686964,82.47882786507755,96.38237854137385,98.79281591888785,84.11915884955626,0
85.13881759930604,122.72723166864391,74.58991107479032,96.39354109895959,98.51017798336373,105.18880675705336,0
77.89059292194956,116.36933296265153,78.19384903542813,97.36196983434762,97.60388731664946,94.41717606989737,0
64.89581665066464,116.42955234932742,78.731451324668,100.0,98.23207575473963,77.69232346852603,0
69.5220130671394,110.84556404396638,77.96924291713098,98.95138498350077,99.17240791205009,101.1161085724466,0
72.6353667186914,115.54643401143649,79.9023480526645,98.1896479548749,97.99061179627857,105.64116926400197,0
77.74021911831395,111.82569808870055,84.32292395875885,98.27981185430235,98.7007140982702,97.25166593451743,0
75.58336930952031,122.70610360933634,83.11617948319409,98.493117527216,98.39076640132213,101.76763699972207,0
66.09004124509791,121.53102786299041,80.6506471904902,97.59426349836775,98.56198319852282,108.41130941766808,0
70.58066827668632,119.89169851491282,83.5389580707751,98.33429996375101,98.83216877603849,104.32443110424313,0
74.77490174440112,121.48315425180219,77.52751013092511,98.75109054300363,98.02719214751164,91.89059194655295,0
73.34671091135984,117.62168694646734,72.47126099717917,98.31470994239076,98.38605683779751,100.07463839125033,0
80.61801243423587,123.81207680555539,79.75840160632828,97.16739278026115,98.5711743157998,82.75656319603516,0
77.69732481264793,123.45018780296309,78.66341488416096,97.47154900209961,98.55155224075094,97.67638123143695,0
67.04753682012627,117.28659117135727,83.74849010722434,97.89940689462179,98.3385237252015,83.84411301531922,0
70.4427199344965,119.94617702995042,73.19162484768185,97.07657079427861,98.50283430756508,98.13974336793785,0
148.18197605939673,207.34471763437372,98.43595649062934,84.80375749898576,102.28018532083065,219.90737218987746,1
76.96309949421614,125.47840878421563,74.87138302512696,97.66918948047773,98.56908419994024,94.42107740096344,0
43.101978535629826,68.18560386369101,89.40219007281203,91.0,91.6488937957862,64.07715982697498,1
72.85765856858224,129.9723941245407,73.30241038217481,96.64230127313245,99.00405228573929,79.23383987801415,0
67.68093474963175,131.31410029905342,76.18267348345444,97.63111689706298,99.07850439532274,106.17685612811297,0
84.28117317431735,127.21643536856836,81.55034411937575,97.92757093035772,98.94200065388408,117.8451076772451,0
137.6637475930668,194.51747226091857,117.03583650697892,91.0,102.96057393854062,277.4018914211188,1
69.03746050103213,120.14074526808369,82.854704969711,97.64015953921961,98.58379104658923,104.17399277536529,0
69.80095787779169,109.10134239305465,84.74631587141154,98.06887463951377,98.4301022440516,91.14251938124083,0
70.97889226485043,113.7325193843856,82.94078632217932,98.56271986008208,98.81219591941195,125.87249135404488,0
77.32593255524301,113.7660183258629,85.30754578587923,98.01925930903121,98.46663051668703,86.13029552069207,0
70.50785324289872,126.03780439230619,76.03432668193031,100.0,98.56363167875048,96.40799912233345,0
74.34417552556886,129.03322518963444,81.08736741507113,97.19659054020757,99.28085892940086,112.64803618217184,0
75.31889493827525,133.0483397128823,75.80688163200234,98.28528195116749,97.89173907603109,97.08874121306772,0
71.22289651881935,123.11427126506919,76.10706476594144,98.41767510065196,98.98473553297096,90.01203124994328,0
69.24205936636201,119.37557691615832,84.09156868159981,97.19573207855058,98.24392217071106,102.33784296336559,0
64.5731070070389,123.32755927484408,81.37501149145905,97.37997705092329,98.75827900264319,99.1406052750317,0
44.921151034368656,79.04415492719778,99.18884937840555,76.06221626160863,93.69054313090884,53.19008648109843,1
65.26366787062621,114.04570722933636,78.70389093497954,96.01623779054695,98.03116986902967,114.23631181818513,0
60.800780297561644,113.88907723177454,70.38391856895124,96.87609887507712,98.08005023705262,84.7098497558521,0
75.56852604999172,121.4355273746424,73.15268112671971,98.31163429880742,98.60150954262208,106.32008322859858,0
74.619358824946,115.28346926038367,80.27347432687313,98.84382877448563,98.955535527816,82.37293009958395,0
82.1743372668652,120.73695036736774,77.99971283058737,97.32496098858053,98.89789530788612,86.26473378422465,0
61.48902715948969,119.7881585968211,71.56561524313473,97.22988089276825,98.52308867487541,97.54050215454394,0
69.21357442614368,121.26206416352412,77.03600383410676,97.18338697017901,98.90178633157404,87.94471395389263,0
73.72173512581026,127.84831699798933,81.59413521789766,98.31549680832349,98.48032193993227,107.62733046131996,0
41.60427486864601,73.18932466887459,111.97905725510086,85.87910162869221,91.63056438837857,46.71158919592708,1
90.65951133603217,122.0129473361713,80.62331696703778,100.0,97.90747727613089,96.8429444777304,0
64.49076345485733,118.79159605996416,77.71504083087385,98.03094808826783,98.11974250707155,103.35555854639598,0
42.52986139129784,80.65513738496087,106.62830618479137,74.76201221491219,92.99388099541225,51.93752900609052,1
67.29747887325343,123.37953086842222,84.28024047387757,97.0932710346499,98.60722938936946,91.65459447567295,0
75.93242297910142,128.33821131458066,79.49401186341234,99.71080854411431,97.79602829421256,104.69120354864754,0
73.89693574309666,112.60452050562319,83.8058701952582,96.88308048808784,98.58627665737102,98.38228615361164,0
79.5755046205631,119.7176626285017,77.47276395173236,98.56340436044805,98.46333388655209,97.38028145143677,0
74.26327125038712,120.09130362063867,66.3877292950403,98.36781956844386,98.3429871324775,89.1994252469826,0
82.49746045912164,118.38536833352204,80.96830882258399,97.51487005790013,98.26324625988586,97.37572404307686,0
72.52018619648638,128.50266746093033,82.54522572398572,98.03026867110862,98.79777636939744,103.74309066189856,0
73.87879284007893,119.82367921529364,79.92527960289463,97.6930036428374,97.88520439607568,84.28947795165274,0
67.05232649739143,119.02320569950467,80.85200497031005,97.43093860915343,98.19222930648975,99.41388578398457,0
76.4874615367052,119.47551410717087,80.27305891455035,98.59747293389677,98.93975263095103,81.73089696034017,0
80.85213730169731,128.7719297733777,80.36144173562435,97.75260706005257,98.5543318928958,86.23211175042843,0
43.79693038660252,72.28315597446527,123.30777026375861,80.36019067635104,92.7213452696084,38.48065325492016,1
71.54600637404502,126.35615863775334,94.84754753872832,97.31452714731158,98.12503753805852,73.71478859602043,0
68.96551977442837,119.17632888465003,81.54527219052144,100.0,98.09213909355947,95.3007700037579,0
44.61101272335705,82.15392697055944,134.3944477301932,82.09206651346182,91.32160595785685,57.72371417831789,1
69.81832672671686,118.64406234136527,79.06471241763168,99.33510461726863,98.12742349536907,104.8342823064746,0
84.07362267420459,116.80311669483727,68.654613635238,97.3043545498798,98.42826245980211,104.69502481189845,0
65.6465544776604,116.81173060625181,80.66970941476006,98.35201159109087,98.40801729236598,87.68633073906165,0
82.31424367705092,119.28595603910917,81.7043229962411,97.6632569699521,98.55084558320922,105.75038406746154,0
75.28258428702023,121.87490546506433,77.98148283001046,99.13891061148004,98.16609742633646,91.4711195611325,0
70.06607718473197,120.59168888649027,70.25204913636983,97.81445146540715,98.93513347100978,117.85029791613442,0
67.39321460937524,117.58397183203381,77.2935045251888,97.46822429903837,99.01139160367603,108.48087158800925,0
73.3445548908625,113.42375730609812,75.06779750450377,98.43800525851873,98.40203525068006,101.26596945470189,0
76.14283611672907,125.31287186822078,72.63396685062366,97.28186234123727,99.44442319145395,92.745246830811,0
71.163322345914,115.42934890917543,82.13078279823092,97.48573102842936,97.79206005889446,110.21363234899671,0
71.86619829769168,123.56506726549405,83.52756693030123,98.72984303511498,99.30401750605394,97.61135608820362,0
48.78289434296139,75.1205697542577,116.57634334505512,83.89959485560493,93.3297862262603,53.145051873477726,1
78.3233493137753,108.21387202670167,80.09609426108635,98.35719287899494,98.38242409321136,97.0521249675192,0
77.85118577869457,116.97393374624869,76.7753576983885,97.86632408534518,98.13815257298491,94.14726610128854,0
63.52617779198825,119.25926869751612,77.93275648264103,98.17001021898021,98.41295618663311,87.70805047621468,0
71.57700733164545,124.50886637495076,70.53983213757165,98.59252100976087,98.70801984537808,106.50383691395842,0
78.44590807629336,125.0587237742181,80.95105479671422,98.80977927256143,98.40865331336482,88.50749480809718,0
89.91155401562045,114.10985340109694,74.98349084512252,96.75367052225158,98.86909079110266,99.68438287367711,0
69.08781871302538,124.39324408293282,80.53880027726271,97.58368474265598,97.97108968811017,102.4132320329939,0
61.43514712811535,109.16538910583678,78.70201639095364,99.79178227361336,98.12738769866793,101.60621825081454,0
61.77970536386907,131.36719494967807,76.94457468761641,98.99400203950628,98.20664931082052,118.87166061671248,0
70.94772926460786,130.0368298706189,79.87584842936677,97.85144458509942,98.09019591627802,98.93147389917051,0
82.53285418989294,113.59166079636795,86.37031791758075,99.2740596432668,98.39407213504104,102.70321245843368,0
68.23359656349297,124.09166836286204,79.94721782559573,99.12859406747857,98.32266803815924,107.53373883831281,0
71.41250852134257,125.49741922107198,75.17301894933539,97.21588846594376,98.30959835870159,95.22071731222788,0
74.89612732325527,106.46138578178297,76.52159627916743,98.7718504858068,98.52987667193439,103.08590218949874,0
135.09534391508222,211.27881215409957,114.21689679098935,85.54393179913198,103.51726952600565,254.87467988609657,1
79.6523444279941,115.56487339154332,80.60385232775681,96.97196134090714,98.87384999852475,105.75246532114038,0
68.21053362500801,116.11303652166269,75.0499314304843,97.3900972930508,98.24161201310531,101.79674018460446,0
72.5767246616459,123.74055429045468,77.01309469477428,98.33122275985987,98.44804351652496,100.15983766722198,0
64.54943654711025,112.63216965690923,80.86961755987576,97.50003750279136,97.78175084362175,109.56417206592695,0
60.800760291836305,118.79008027630123,79.59062911404581,99.67374375398343,98.83652806422953,94.33012086157322,0
165.5174564076484,162.88927412385607,103.1371412930542,83.91782320584429,103.25431651860868,285.39882083603055,1
79.2233066230129,113.7192289568712,80.05684954399247,97.88146576597114,98.84524899969166,100.75498008999404,0
75.79669119663771,118.59552490822198,74.45124936055863,99.66304225959611,98.20262656034674,103.93963223734605,0
78.32281231220942,115.04462341528148,78.96341951995878,98.8093109039313,98.72820256503945,74.11640836448552,0
71.71577578473338,118.60656212368092,74.58201727663732,98.57619275032842,98.94936992797892,96.87341269985407,0
78.92154205990155,122.51338565436257,85.19363529721092,99.45881913585647,98.63588422764772,113.69353367577767,0
77.9126981136913,105.65367860031223,77.38120354486658,96.93156251415417,98.22437470002411,100.18093481560503,0
73.85999389899332,126.31589979960417,83.03397512529817,99.89557477322856,98.17954730568952,105.76094728144831,0
70.07791615083408,122.73256336076763,85.93713575841,98.24246297172272,98.76214166773165,102.06708916010857,0
72.37007909908783,133.6704216774266,84.03869777992075,96.87872040851822,98.63044096658743,104.83911942379473,0
74.39533873563167,121.05982133566212,75.53091784709194,98.50415455095028,98.98009666068684,102.79097337221543,0
76.25671090283424,126.70113375815473,74.88170126934642,98.69574579247265,98.79468421213019,98.44165509992999,0
71.08518098171673,129.74719159038148,78.77075841278008,97.93054486214898,98.39815816180601,84.4888294140087,0
76.74223137631027,113.85761184491058,82.14405590216502,96.39981071323784,99.09119512383424,102.00839838681107,0
68.88362176904324,110.09133153160406,82.54043857210394,97.2897291016881,98.52168331954397,107.29590420984455,0
66.13466853120869,115.87383320042898,74.67098644325621,98.58581298355466,98.59233876383946,108.45843844684688,0
75.00656501963907,128.90900313779886,83.96631247977515,97.99091720590431,98.13628704030766,90.12495601783684,0
154.08709974102305,205.20945350281744,109.8971252913548,84.45660461520968,104.25992322134131,307.72347953130077,1
59.88907281366817,121.05094957769342,84.71579600500084,97.67116917341276,98.96971877292324,109.15156337504747,0
56.094181149641926,110.64896317081971,81.89849838708557,96.16442952312913,98.67186641554864,106.68724505272479,0
70.57792817992423,120.884187602109,82.69827387172535,98.54298520239111,98.72839438770856,96.35573148388937,0
73.14254333955034,127.71216503250346,73.20871506938757,96.8016384530009,98.62945555717609,106.5093162249995,0
45.254094983714744,64.86645810733462,118.16454052382262,83.19088620356834,92.82916197438352,51.0930277131711,1
70.0192794362013,128.19463140522362,81.46578612661484,97.94157768948014,98.5261096352082,102.21025231151047,0
66.55346291911847,122.35394522473294,82.34265628452562,98.7620638738626,99.37436562028896,78.44637328942082,0
73.77946163118183,117.6538311874153,78.84644513757588,98.19392194648154,98.69832893067012,125.66941237529477,0
85.68991101923305,113.52440765664956,86.67736948925327,96.74180270997307,98.25493345684458,97.60987788813121,0
72.13479535687227,116.50602733970744,82.29818659037409,99.18182829394203,99.22150075429185,113.14937045340295,0
65.85582845468173,122.2465104334796,74.43906849360721,99.65451328086503,98.39887011242575,105.32123991349958,0
71.55616281843373,131.47272369319884,75.88566197501011,98.42679019325864,98.47773996196436,110.03504862416415,0
68.90868963715054,121.64594709556332,87.93449828516546,98.30315382837627,98.81824426535232,98.51620741502231,0
76.20185927645394,118.07608289531146,82.12955483550705,97.67448658700506,98.11623101844326,96.79154105664902,0
67.63036678556033,107.9900417695331,74.2900696465366,97.69361863583764,98.87529638033013,105.34113408211786,0
63.85838658180255,121.51682368248372,78.53284298843344,98.1948388189856,97.87164977927277,93.62084661590988,0
74.52056694271104,120.16156461265294,82.64649966971835,98.83173313834817,98.30871299007778,113.67525753915432,0
44.797455646044476,57.082022498501736,96.67454562800643,83.88616664390385,94.09838232939731,38.843979547852264,1
76.47752139616333,102.2776147862443,79.46277559102876,99.35971821300089,99.01714616382384,83.47615943545745,0
76.39122422572977,119.7259918112216,80.40181162981516,98.32995878784044,98.59790936101487,125.34532568606136,0
70.10838453215793,122.1514193169558,73.87806363321023,97.65876877897658,98.44431554192128,108.65374970596565,0
62.7256212798556,129.4215450548682,77.21359345192724,99.78943871107737,99.2864303785594,91.74067645408726,0
62.69092650564642,109.62438003425883,80.84842545428876,98.94376878479932,98.68523215838862,121.05975674165536,0
75.69561364166559,113.57251483443146,78.91790644180814,98.65208023735491,97.66310125183708,98.48654265350719,0
71.97975325553429,122.44946600674575,86.3609927712505,97.72133522857541,98.69883426227496,92.43718248937556,0
78.10596880106101,117.83653634283218,78.16442914963845,96.86739270947875,98.99615449464453,89.77032115131932,0
56.62599804722814,132.21208709052675,79.65074065908179,97.41338426444025,98.18607793462185,103.16446758582215,0
67.65605800954435,113.94901306264997,79.23458133495173,97.43302360899573,98.00194413660644,94.3017074240895,0
74.89349371608394,115.02087741135364,87.74004110409346,97.64579023833456,98.26619405777113,96.75423260215356,0
73.60091037777241,125.51804159645202,74.60263040212728,97.7297076823755,98.65896897656904,91.46879030924181,0
73.45874075107736,124.64518507992534,77.32613871971098,98.13161537327274,99.11471954109035,89.9990953852994,0
63.63302958684443,112.54022111526304,87.04717212025454,96.74043727113026,98.17677531308378,103.97844415520709,0
66.6968553827932,123.40329354093357,83.18454039501492,98.4166590605486,98.31278676713109,109.9489333488838,0
109.73164087977521,196.1341284981052,101.68261487804459,78.32814198340249,103.20188434237154,268.7782172451681,1
69.25742246048237,124.78327158061265,78.03885194327988,99.5113227992032,98.71991846862916,101.6643839737082,0
81.18450499406218,113.23308676508138,87.70376188258386,97.53207627766675,98.45170231188233,128.67106817187974,0
79.13035964068851,127.69288350209375,74.80103387735883,96.94895804971331,98.66253005758217,88.92800202141002,0
62.49846966127452,125.1322552219579,75.35631842233607,96.68082804216787,98.24689260866442,99.59408163738102,0
68.23611932429219,115.24713757475807,82.52769438451604,96.99146919174736,98.70932785780477,99.22220368990435,0
69.6416834576316,113.08733926301103,86.17741884751534,98.70710616010656,98.55236566302906,106.92499714304586,0
44.59839850257988,68.92068804885909,100.13810649646675,82.90730872998893,89.54664591681224,50.08186417483627,1
69.84424745527764,122.99839435462508,73.09115405716148,97.39434436648936,98.95572716293174,110.88910512665238,0
63.09061218930058,125.83522243386145,82.24206624739554,97.0196862540494,98.30495265497062,104.30579484626523,0
74.16981615028581,114.00681111536775,88.93619982302334,98.66654253198263,98.8822194259184,99.4837457589083,0
70.46195592976505,121.00977465597428,76.26718323865045,98.90114363052922,98.6002286662583,103.84237436271357,0
66.65284664750827,115.23878566556435,80.38259031121855,98.6483727777098,98.2708385636094,109.1823088047774,0
60.77524847384487,114.63715418572531,83.51626914047974,99.45034025875906,98.24805183811596,91.46471691896505,0
64.45453284651231,121.9742395344654,88.59219807801357,99.1072729720038,98.60614138070238,102.68461899866732,0
73.77672166238746,123.57110228240629,76.20098934006113,99.17622570675853,98.94868205242454,100.3242611782243,0
68.9447198244052,126.69155075631534,86.13052292667034,99.29174785073263,99.15773562082187,96.10680277014686,0
72.4629389773063,110.27153899765132,83.0277199129279,99.93969144272839,98.87838450212143,96.17347651688483,0
64.61481410139626,124.910463473473,80.10611325417129,98.2447846196035,97.95628516532503,95.90306110047304,0
41.998683993665786,67.53139798639688,112.79586400977709,91.0,93.869104188207,29.07002415975503,1
68.18782566704623,125.69296284245215,77.43512878016094,98.89376179738782,98.47497317679147,105.43680898876694,0
76.70153798879164,128.33332489635438,79.18183164571255,97.12286606155257,98.57392929323109,108.9232965339717,0
152.70154279522004,192.3818757646951,106.47045030404885,82.7368285100286,103.16206668439773,242.00676892455462,1
72.73602189596878,117.20374156669003,77.12406775178242,97.90281045617657,97.80036487484087,117.52424003916039,0
77.11664205073332,115.5784393284045,77.02347151153009,99.18847496650352,98.42005347971593,96.1446090258774,0
54.76642672031011,126.69061921578736,72.72553917355344,97.78031295497615,98.70115711827611,83.9049787610827,0
72.75827747727847,111.66358445818392,78.31966651747129,96.92974455998558,98.83980449646569,85.51418953173045,0
73.16153946820526,122.09360013814774,74.6837065673436,97.99353840592096,98.2533079066665,99.68537775504636,0
73.28387946440533,110.61254700688902,81.13514430194472,98.90822252409173,98.86535321953895,113.5679968549148,0
70.2361983140149,114.52352254248605,73.9091196659634,98.1436308339882,98.28182536650708,114.8049215266908,0
73.34529842574476,120.05409525222979,84.6025478753284,98.10718646478242,99.35502054010233,126.11247308810287,0
136.20646638400405,173.31992978540177,105.17846908448121,91.0,104.17148971570677,271.570674945845,1
78.22523966554739,107.07398866536909,77.04590825954286,98.2961335898856,98.4687562846559,100.98512221079692,0
64.4130095582702,115.95251531246173,76.71020936167244,98.05135875880268,98.81025596909083,94.54949195583714,0
68.93270594141289,112.48670377443973,72.32937653275575,100.0,98.63603339101604,103.13935072310166,0
71.62392541636098,125.10344551501655,85.61713643547881,100.0,99.06490444422846,104.48052798604925,0
75.5551616952071,114.97354651467215,69.578341893286,98.16982667258368,98.83833274580421,107.45461454745501,0
68.51968055177974,118.10743312267181,87.32917989301481,96.84450395787124,98.72818464860462,94.04528611338382,0
142.29761550030153,197.54980057768933,130.31293540161298,77.50455482537265,104.37524321757672,231.5342357869066,1
62.07067538263023,124.6377522337903,82.56760684627368,97.38220372651897,98.6752398264611,110.35122165771574,0
68.82568393592223,123.06888889647652,90.03204318856469,96.78415601717464,98.46858511116457,100.72399599424455,0
69.10088122620375,114.52180981806988,72.54876238350477,96.61653268754401,98.57679396224242,100.85070085387395,0
79.67711201856095,118.37408548040369,89.69047449696569,99.03865428731973,98.95720174727988,104.60397439625406,0
67.18092629591793,113.57386656852725,79.39155657156365,97.6484866232411,97.55381241599845,103.49729682076367,0
83.38660210047587,126.44718087811695,77.27192921835623,98.76459959763558,98.04951151183826,103.6999450722752,0
133.0059763758076,160.22397584411067,129.3772716267467,80.40046797659616,103.34810277495225,235.8089396986275,1
73.50295710207526,127.72753482691336,81.62390797055058,97.37011376242728,98.90860901235044,84.87371225872474,0
75.2297764742978,121.74615662151051,77.89434882599458,98.17942952129494,98.23027833260745,110.37679540730261,0
67.42365132860272,126.73752020060071,79.5927200611106,99.74705914455352,98.48053384376811,112.87181046706091,0
74.81560553885116,127.52655078827341,79.39678482935082,97.52398999997915,98.3872625508755,92.86443509061246,0
70.14474553770081,119.82921002934691,88.32626116972348,97.6930059541166,98.88537161040685,88.96135809787859,0
68.82143877739777,109.89477016481165,80.1006056479043,97.41773293749122,98.54899680843633,107.17530516400679,0
65.78854606548376,120.13620778863218,70.79040460534229,99.22872805522891,98.84997579612634,102.81210529955878,0
66.60919210925377,117.28424521764784,83.8189988618163,99.86191487815017,98.35654868501356,92.39421126710874,0
73.51344237856006,114.46460356640253,76.96095009985171,97.9984281926268,98.53141682774366,84.80588123966193,0
70.7059941747142,130.68768864504085,87.39256939286771,98.96261357471164,98.80136488487996,109.8928607639409,0
79.49771343178,118.45347792542272,80.42522930100091,97.86731822028011,98.20375826516967,100.86848519055397,0
68.15111042866229,113.83991612816465,84.12707298911542,96.79441764897625,98.8186097664214,92.1141428807201,0
67.84649802440462,135.3541468520187,85.12443216382965,96.863663776844,98.7386132587277,117.635193328177,0
73.55196688713232,120.13996840344494,89.07126413850138,97.61605637793654,98.33541835601969,98.5311189609801,0
66.4880883210948,115.67951427346426,84.72816713783814,96.80828086638266,98.38435573571934,103.21721372015799,0
77.11460000877734,115.42424601553807,79.47995386137653,98.53585694248864,99.37495369647175,116.39132127929534,0
129.70957769521502,191.45664055713604,85.59858286461919,84.78873698342886,103.74872985329915,253.19400718998105,1
69.53144035730398,114.3782241623268,84.71596651738896,95.99026663313128,98.918012717514,112.98731939413243,0
71.33600778865602,125.10873553587342,76.71644800111767,97.44847259989837,98.86347632556225,88.85356530646855,0
74.26260236341312,108.94394590897681,76.53116696251625,99.48244402875464,98.10614183300724,98.41167639418092,0
70.29074703978198,133.8064113535754,73.12425303979849,98.20009405912839,98.68804392951746,107.67044128875277,0
73.28456246478122,119.19751415145525,78.90997184439438,98.59532328789267,98.54359371260412,107.46174053700048,0
43.06522811037193,67.38726723477426,117.84966051141569,91.0,93.09954158189575,23.736293916374066,1
40.92465368091996,80.48946845203766,84.16578917789349,88.3037121261847,93.03107951823726,33.040111219156984,1
83.079821976286,117.44331315757107,81.1311904433371,98.47304527283801,99.00125480132222,122.7157445890456,0
67.5868203444614,115.42575972992636,86.11896811256582,97.63166728996083,98.30001218881092,105.39042591062609,0
80.13343761426209,115.75741317446239,85.20321221399834,96.2585083433859,98.0304078664716,102.95669134994763,0
70.90082028767767,117.49406695910665,78.24169908082892,98.78488868749419,98.43991081904016,95.13304651170486,0
66.59645788478363,120.33109120190109,77.04325310100862,98.41592265905759,97.71270578787502,96.19148228723547,0
168.10643427531193,208.01430462955486,109.12181956950796,74.16768468847374,101.5834083312809,294.2488452028084,1
74.98645853454836,128.14363238614484,73.02735781067261,97.89034515088254,98.82284097877445,93.09471974178493,0
76.41373198347448,120.82312040921042,87.56033974570727,98.23586506574956,98.46973612776256,116.02131218539235,0
75.37728516104613,136.58501110568048,78.00371677027019,97.91219164836515,98.82993059378474,98.37208318250431,0
56.81827486352202,117.62482169003289,74.90873049291136,99.37096276012929,98.5972584020394,100.19827153765367,0
74.5182336501436,122.35093085304048,74.71374268989948,97.63759756631192,98.22827016470335,116.39420548506403,0
173.2651912524498,159.42577365866538,93.29737494526975,82.11290269184082,104.29563087276814,264.72138333071183,1
77.62970283585598,111.68564332057731,76.60752634756389,99.33034350748972,98.41166784939848,98.03218166617263,0
77.2338922801707,127.40460705279342,80.5687884174014,98.18844008042076,98.37748837405184,91.41139753854381,0
57.44164757678875,118.0691202807248,74.90578765312674,98.31537289612739,99.47757006072177,85.56411550587235,0
61.0763801967089,128.23573277651437,79.62050607460169,97.38196792609394,98.92421679957877,80.87321598534344,0
155.88562550496124,205.4016801576022,110.87962435223822,84.78991888886418,102.67712892686036,297.7454932475509,1
67.96508642396198,123.73586673604335,76.97659574936294,99.64628338358398,98.24250188715293,114.62071881668767,0
70.46292148502772,123.24975866686103,81.01741001726144,96.5773665307856,99.09452727188255,94.14083683922752,0
60.52647014748134,112.39976602452916,92.62254638303747,97.11403743200012,99.47631420568428,87.01849824362563,0
81.92170361095371,129.8105024258651,82.65542565487975,99.33343916603296,98.2553345186509,100.86547647617978,0
78.97126981564914,118.84443604497868,78.26419258790776,97.21224174237956,98.36794894292042,104.58472569198881,0
70.32004018875313,116.95445930896578,77.10435581496561,99.42259519778997,98.66585541257989,101.75440344580336,0
64.69630384667713,124.37722833815052,71.94498616057416,96.74384472549261,98.79359206478647,107.32889811029914,0
53.88292706507505,115.41826500301183,84.30166279708361,99.74976650588083,98.98721184287854,98.65537344479655,0
65.47652436682318,110.56922257693056,77.67799109295045,98.1394524660292,99.0983286219854,101.33484495414511,0
70.59247719974911,116.71608402052713,74.6848186357314,96.93197562410882,98.56544600625939,95.23090072402678,0
47.25626105137111,73.2409682819334,100.90893591165946,78.91342555506448,91.44090367891847,49.471204189934184,1
72.7570674219718,130.48608239213098,83.97617124628592,98.82285922278335,98.82966568334554,104.1882668570451,0
62.74129063234278,114.80951225061092,86.72216954041502,96.13778667355115,98.35434727645328,87.97790952380045,0
142.07824946328088,209.59918923130877,106.36790106825437,80.8205705105827,102.62139402657331,287.31151549432946,1
46.881135429982855,73.32240676629426,110.91488396507275,84.61747965500037,91.99358749694112,58.95579140308391,1
77.13839276594084,117.2008523293214,87.57140367860242,96.82933746979981,97.83561362576312,90.50720493294264,0
138.79333407972223,185.6603409911852,90.47513941705449,91.0,101.84618562267826,212.88952605365583,1
72.49463851760702,123.07616883320594,84.72107420125907,96.65501333139159,98.66198880742259,101.29911672672048,0
73.93900628510869,133.08022253414103,77.40932971666571,99.51594514629423,98.3900392148524,101.42922125689958,0
70.53969612374989,116.84304188079483,86.52791357905262,98.68828510848823,98.6987547606129,102.21757746433389,0
60.37948378498521,117.88931592961457,86.42458392437541,97.29893646902082,99.24253881581213,81.74364912983,0
41.19388267076937,88.38290109609997,95.03164432771945,91.0,94.73397444846717,46.13569741927341,1
72.12476224605244,117.90825937679557,80.21855198495992,97.07797567482282,99.2854118917361,106.78377199644626,0
67.84547412075686,120.50576433766541,81.91016852858006,97.39140819443072,98.2162716939124,103.1765208118318,0
45.91840974518183,83.90364270568536,112.59441690233587,83.73201950523548,92.02640093563205,39.25162371880086,1
87.72475854617986,129.6222788730359,86.51464210972905,97.2608634407693,98.5732916729157,97.63427061305381,0
85.62869847253677,131.57039135861294,83.91830237113354,98.79543270680743,98.91502136272202,102.62019976239662,0
73.14946437716453,122.8407686067167,85.64478367591474,98.86360550688629,98.85864572079556,79.49468774433696,0
78.01094912209162,117.29784041490511,79.0646286503864,100.0,98.10725257833735,105.54745808242781,0
76.93236095996694,111.71860670685928,78.38462128661487,98.99595492822641,98.59401183278761,105.19733305995001,0
76.06725191718544,112.73406051507538,85.13043720480002,98.31103906536808,97.90558317617943,90.98862609268383,0
69.37525019805953,129.3566015043129,84.0242796909004,98.24048764946777,98.19898321519803,89.35482026916961,0
82.36525902060427,132.01135341792886,86.3732656201917,99.35672849071211,98.73105569468856,90.63231399327105,0
73.91504706251509,125.89759727518503,83.12408911526937,96.9078800902776,98.25618367146315,102.64948601196872,0
76.0812966327027,119.91939438346348,96.4388059369437,99.09102790919148,98.49390849911012,104.78591109869743,0
63.71373238107735,128.25959491026924,90.52543319667251,96.66327791585337,98.68696825697451,107.41155824084915,0
70.65086410915153,129.11813277750363,83.81571150354829,97.8877362328087,98.91968108769684,102.31030325742842,0
64.87440948582292,120.23603338430738,85.28144241873062,98.68410499093474,99.27874162948491,80.95268781376005,0
66.00418660623053,120.51335721344695,80.8884902289512,98.87199346542687,98.85342909763268,112.3237920001729,0
67.05291503083396,109.27121220353386,77.92454331637336,97.37017519575359,97.85933721452797,96.14894623155547,0
67.91985167052906,118.34858429481513,74.96402506236511,99.78063859947771,98.4809057404475,90.57129164610308,0
69.49579911836949,117.26713883203671,76.13583134555518,98.69808346491767,98.53722207788913,103.03404670597256,0
144.24319766174025,181.42990713904325,104.04711717009101,71.5462413084959,102.31564768287626,276.6213671251926,1
67.36273399305834,121.77616107742384,78.19141506091368,97.02497861506149,99.22099214951402,96.93405475357747,0
74.66761600932084,116.51851940010135,76.99585180452043,97.08980129377208,98.36313346800664,100.1838203277102,0
67.00166365799545,124.89624972826991,79.82296280477324,98.58343356915597,97.98086381548853,108.11998932216731,0
75.29330301190419,129.19852487067223,85.70392900226237,96.00295256338202,98.4574333863909,106.76862137334413,0
70.85698136401314,129.44394573579402,88.01422123588985,98.45760974194037,98.55625237343581,92.34416207263126,0
73.58412048800201,128.3245852287905,80.0026968131444,99.04452642981813,98.54877952850812,87.35766018155613,0
39.969188682582185,68.17081562708637,113.52849304596822,87.43157402522115,94.09113863319648,28.89859748808743,1
55.00706641133659,130.46521216815086,79.63826262424665,99.52877883571031,99.21658735831127,115.12048615289308,0
72.40194430334923,127.95163492160675,64.90721614716104,99.81290722065874,98.85691679744131,109.77908269273111,0
83.11366910705362,116.2248648987571,83.2673949097587,98.27446017761385,98.97740672726108,96.5241237705518,0
76.25013868379612,117.52419968303096,70.83414774150636,97.19617535175726,98.98062083123163,88.77966829377084,0
79.4864524360424,124.78914246026268,79.0266815248766,98.94624367161532,99.12197608160321,96.76470938438798,0
74.8061590305926,124.87152470658594,74.09002239051088,98.3132382490007,99.16172220206637,96.1471059638879,0
73.97257446182088,119.63246452022943,85.32712361798791,98.08882296227878,98.83726839639921,105.6902814598146,0
70.78684408539664,114.23525520561905,84.1457451752977,95.77406458204192,98.90925274552129,82.68342476027345,0
42.037693152288,76.12034457369514,108.79982892335713,82.21283078751328,94.13187402389603,53.4410225309586,1
70.59588084535811,131.55401074262994,73.55161951019473,97.48579055563697,98.0446781966746,100.25755350923262,0
64.74313838748716,122.33261374493016,73.45006244134116,97.76740076156452,98.91433856526245,108.0954575950078,0
75.23346026210795,117.5785646966698,76.01506665593061,98.43001352381135,98.50875812621939,92.49906342511693,0
66.37304976050926,108.82874221998121,89.0270842320989,97.5030368670795,98.50836395864674,92.53878987414964,0
68.76694886284358,118.4193527564677,75.69355948807049,99.16447584705,98.67564633988441,105.92317302127462,0
59.22759543351113,135.11384808222306,79.96145674258878,97.49297173720898,98.77371658452628,104.43861230730413,0
70.78485463761102,114.6355317351449,82.55049365603637,96.9907968475626,98.31930906136164,88.85010497602985,0
72.70396429985269,126.49771983941027,84.95355423312043,100.0,99.12695356717592,110.79277692746525,0
70.55600895281873,117.5786490353322,68.47571413701856,98.32853475391394,98.38766543771412,99.09267717708887,0
70.85457724963621,113.65167987694558,76.41802853149628,98.03930919874347,98.43424531355637,89.62408128510343,0
54.90874427621955,113.54310910609233,84.4746503078278,97.6277434798743,98.71678634498316,88.24140229412755,0
74.2944584771043,116.2129519395197,80.62192383453858,97.47979098654592,98.83432691898697,80.5956977449164,0
65.4157900861736,115.39132097441689,83.49212567192185,98.37983345503709,98.39515804066056,89.50929640409267,0
81.06692958148409,114.71593662399655,75.72236156029687,97.8440739025171,99.22515592787127,103.03970177894334,0
78.8133938410836,106.60157950588773,75.46336720313867,99.91928130014446,98.07174333618808,97.94570670506795,0
70.07821317278015,127.33681731488409,83.09231196194109,99.89660406857392,99.03472721202755,92.23942613157183,0
79.62933056996495,120.5527483196766,88.56355705638137,98.75664246510694,98.08676582544942,97.58865055612097,0
69.5515477618707,126.81535574599494,78.49133473020682,99.1961337170911,98.90660150680223,98.91378202110491,0
80.51118807088822,121.16646526718287,83.50297698638563,96.0158719332424,98.99284612486602,91.19284968893042,0
74.425277191664,118.0243158565374,72.46958544798966,96.890692467502,98.88756553488133,90.09172350140123,0
76.33003238425941,115.51243113423152,80.22980468024467,97.14115572170104,98.42752811186017,115.1690535333588,0
75.75400408659004,121.95358700841629,79.9888094176291,99.3150480595242,98.81494616997392,95.67861886431224,0
74.18382378511643,115.46071559986603,81.00516751858285,98.09922962338108,98.38799547838344,113.8995381768101,0
76.87923112048786,107.98776726182518,74.93197078822766,99.45363415087495,97.55023553358244,89.97057196909918,0
77.03364300281767,112.38112135029007,78.45077549317963,98.8468537431799,97.58018426210532,96.38409534135937,0
65.52158207234491,117.89527947689422,85.02414574741618,97.19598700204575,98.17284950922733,122.80999338074858,0
72.41881250994011,115.23033835451298,80.60317380446727,97.44118370826321,98.47951234237873,116.75975871068005,0
79.37528870578231,99.39800904169786,80.85207708796555,97.47792809550164,98.54891711714053,92.18651198429237,0
158.03084884260952,207.1895666662769,101.81462408824987,87.45180312288956,100.99553339091995,244.0829651093664,1
70.38355899333266,125.11700438749837,78.5092373690005,96.7499743444124,98.49983680257279,105.38084786311639,0
68.26380288107644,124.45177425498217,81.34425393200496,97.43833944307457,98.53510058401659,110.80355801273643,0
72.72018796030957,126.66734709866964,80.43380537731323,99.55767927182224,98.63897451479146,92.77052482764948,0
72.28439202789849,120.35159389415976,79.28209205643932,99.08567190918363,98.66706006215466,91.9072408061276,0
68.19428491386358,107.0621902894511,76.64394462433056,99.65463474840209,99.23982804882823,107.06586445292261,0
66.91923769158957,105.3678797080279,85.13575517946576,97.06299301875389,98.12819301734379,97.31770064660213,0
66.98914259021986,112.3218744443121,74.45195316048485,98.06658882690292,98.1630654808196,96.57487592000547,0
71.44893141399027,121.62211659421274,76.97743069720103,98.42935071366126,98.57103794107283,97.38531437459068,0
76.76093232331328,118.82189703779851,71.0549380474928,98.21630541124831,98.91787132921804,83.31133249805919,0
80.64763973439669,141.5380225912635,82.06177984542974,97.88864559761448,98.89328633504863,96.43787549872373,0
74.20372388040805,129.74427126110965,74.77152514561044,97.10901455804657,99.16816036925194,102.4344071424013,0
72.67884274231814,126.31463918111788,72.76391110371021,97.16580590612622,98.29158547434359,96.2728969538025,0
70.0937094194626,123.44409996396828,83.14051484916853,98.83410057191007,98.72528959640262,94.4090542789506,0
81.16818815632699,109.90099649798101,86.08082888391127,95.74061374209582,98.44917567312717,103.8499918923952,0
71.8409167473047,124.14771215122433,75.23479768317576,99.4168340821388,98.92727021018858,119.80196341689589,0
72.19678197246952,111.22087309103077,82.7769943032587,98.36614652596569,98.97410750209768,106.11583925781743,0
85.88795140004105,118.89186165393235,81.460744210594,97.6809370802153,99.20489396426623,110.61795338453646,0
71.24527847940212,122.91085785400243,76.99626034680716,97.19173617493307,98.69207232249168,101.91007634295467,0
80.3520137180676,115.20855788571042,84.74944534124646,97.68099196952714,98.27614221611853,110.47854513712552,0
79.14329156606158,116.47109928443835,78.04350055050811,97.68331651203658,98.18171309041506,89.11482778466001,0
70.62365553559184,116.10254859009643,79.16757207859227,98.14623527902236,98.2525292338076,122.35684681425518,0
74.57770931479551,115.10409821913699,87.16812509910473,96.66439333335364,98.91444821903929,89.46363385953613,0
71.3923156877908,117.66866665317134,82.00769317859603,97.76384543214277,98.8577024723243,115.80814906293233,0
72.21158131183037,127.32838256141697,81.40674173744789,97.91872045198642,99.02787667269584,96.24826275164443,0
66.72430330552807,123.49082938494881,89.08396618331186,98.21087235851051,97.95293447814677,97.8615415205867,0
71.06593658764753,114.03442749901873,80.71708815340737,98.88174640076001,98.30419577148237,119.35152268265317,0
69.53104113262692,121.16545188980587,79.6420715355306,98.73167232662091,98.91100346690635,95.24574310875833,0
74.39812771051585,120.76700106054501,76.0613878336724,98.53565405135248,98.33480401549157,92.6326901248311,0
72.349252310676,105.6474977990106,77.33503140287023,98.1909237317551,98.54063094113631,98.98123644962948,0
71.61885255230787,105.82472060426679,83.39690686505953,97.32701278083475,98.82508393502901,103.1362271048427,0
72.0314621983091,107.4304977915899,80.95111610922447,96.67164820848713,98.10740016911136,104.30013380023584,0
73.11849701846428,128.14100678793713,85.76125325936374,97.94460647451767,99.06270479298571,117.40057269196734,0
71.6212619213325,115.02904375213832,76.8477740460341,98.19136225411161,99.09191261078908,119.3319422151764,0
135.4267784083109,162.58133193456146,113.77914162133307,87.25516929141,103.3997776506218,248.36744256421613,1
71.54541428078724,112.44327003483772,73.8505844235673,97.39532481836808,98.42475402907803,101.41134890745299,0
71.72692652819255,132.0798565497034,71.82354864964223,99.58393644096348,98.52621821173817,94.96462136684201,0
77.05863199393944,122.80449146837886,87.79314008535043,100.0,99.05180937178145,104.51423818796229,0
83.09373656967207,113.23952156995229,76.8040323312492,97.83186035395083,98.25906652861875,108.89470946451749,0
59.508423552697664,114.68720510767659,85.30908322994866,98.01281430456649,99.381865017385,92.61585295197122,0
76.33428814696663,130.84047506516825,75.83761689138305,98.28322495861072,98.60046439468834,104.30529611677035,0
73.20275778848237,118.50251473554184,92.42656962266844,95.0,98.22540067464689,107.54981944110747,0
73.92955926803543,124.49325886001047,80.7310739818878,98.59515732388473,98.84744341904411,100.90424927965422,0
63.30212868180882,117.91493236530196,84.33697246498988,97.1484081674984,98.29277185781424,74.65663808192885,0
75.3089122562428,117.0123706354532,82.37371052419945,96.77082896648169,98.63417547408795,94.65157145475288,0
79.83287284292598,111.09656699221094,81.03771147444371,95.44997370848365,98.6472197866759,102.28927402702755,0
71.93344797630839,121.79898211910081,85.22490247566597,99.92484549512352,99.0989986894273,90.5504372922025,0
48.22347263511926,73.28170265226485,108.22552222664285,80.72761663848155,94.70722118495387,30.378686968672902,1
86.77945267491171,122.49880931486848,79.56891450996274,96.04909953321062,98.55179265024832,93.89161997721814,0
75.85633655920526,112.68129360028163,72.53405093895535,97.30550158975196,98.94167985944512,102.53568228137846,0
68.78798947790266,132.21402984636444,82.4586982037811,96.92898043746851,98.02065763281668,100.94035398715103,0
56.80652348868189,123.99341131604501,81.82590520151324,97.87592277389696,98.14402749122564,105.38132549353435,0
67.99113548676604,133.15912184594706,81.86040739333693,97.18152491386984,98.46547185126819,103.81441525319038,0
62.70623684967915,111.20404264838196,75.25002148240152,97.88114751797923,98.69396922019888,111.37976612605834,0
42.921190402988415,71.64592042103207,99.48453158526885,82.85557895556144,93.57364379313658,34.27556564367468,1
70.73321856703383,123.44011857626082,73.34043444804458,100.0,98.5756241952856,85.00285189091441,0
62.78975851480584,120.51704404087616,76.52095194686918,97.40457561475698,99.07759290927153,106.75509675492516,0
62.716176066369805,115.53758795622491,82.93847450933906,99.31735130465201,98.18125681661665,120.12030027571846,0
68.69930830238077,117.35829437776454,80.37704564462332,100.0,98.778191669875,113.84140124046463,0
71.68135918981854,123.99340260255784,81.41000271277255,99.1647107852399,98.38430818528417,111.55994453672315,0
81.5918830230283,128.27323029791225,80.93034216235273,97.16439875931225,99.42850218166194,109.38610769693985,0
70.99113708849126,101.0765636702485,85.46479555448335,97.35549229812433,98.12284152254529,95.49581113432345,0
78.54786072356562,115.5512123082911,82.61999477792165,96.4058236747324,98.00715265182639,98.90861415154245,0
71.9442686305931,117.59665376903286,77.85083588426073,100.0,98.25927760072693,107.5687526546332,0
45.96069213181081,74.34275312407716,105.251242715468,87.50794424643504,92.9415702465572,38.43464384445149,1
34.46234986904277,72.82774466622084,95.50363534257818,83.8206917333085,91.84501579981733,49.20996035391679,1
79.40851148426877,119.75805032109338,87.19977020714316,95.00473310920039,97.13796539395835,108.48439646454067,0
73.87910684318987,110.9132726741899,80.74380366667847,98.83266575788036,98.62318987864626,99.85801930235337,0
77.3810358951932,122.32029627431626,76.11652973513928,98.42783786053604,98.45256923730393,99.9192346352163,0
75.43234465028486,122.17330927926525,76.30630637347537,99.82003481276745,99.13690141052143,109.06215869205602,0
75.0917659297468,110.69694653943586,83.96068699572734,98.11859442305688,98.02845735444262,104.48664705044015,0
72.61490785294924,122.0665733084167,82.2115107806767,98.83720948672868,98.78385041488634,106.91514706432169,0
73.04004998622244,109.02408214107813,77.59918858403478,97.62768164642952,98.74110009010354,116.33870278278205,0
69.3160686260475,110.01787318015684,78.13967837334337,98.42097278253146,99.34943055755885,104.29349670492029,0
62.03423439890405,104.75422587463719,76.14593184692956,98.16502526243872,99.39146051501939,100.92062295546562,0
73.89814992921687,131.41090975412087,75.85848730211555,97.18784286946594,98.40616938259797,96.18043712471672,0
79.82604145726891,111.54568425219654,86.3551504971557,98.74627759361042,98.1784276608579,106.04304279701586,0
70.1531491731667,113.97604217330279,80.8089577030136,98.63496287361255,98.86378340977573,102.25987460104305,0
67.21021653276928,122.67213918273757,74.41774572407977,97.3250621430865,99.25039118400255,118.62895553113847,0
66.7622334572778,133.31790743660693,74.7669044595325,98.04203903699722,98.47963291470185,112.88130525829156,0
63.462150448429966,125.18711865935515,86.18102489129798,97.15193307311458,98.31294576321133,96.72724846060804,0
81.38786193488404,112.61424627163686,85.16594932181575,97.792643231306,98.26747143634975,102.53724503104192,0
68.07554590123546,110.5237172770317,84.21895012940787,95.14372458665885,99.14762451993698,101.22284462362201,0
78.43504402385881,122.79459735057529,82.23965366386473,99.28575903651057,98.50542962465173,105.08740719807207,0
77.0686462546902,129.3990530294583,81.29709995631579,100.0,98.59916107304682,109.29468561299592,0
158.22484690768692,182.4851759732375,120.78232391697775,87.3870649236624,102.22129852922899,279.0091121594805,1
73.33962501552156,130.4506683592768,69.56465377145241,96.89990303742219,98.13653796107083,101.743956373779,0
70.67078041449757,117.35728196008122,76.831056771111,95.98801863429429,98.83292515420979,103.97208310131647,0
76.86479187355026,119.71357725363451,78.28641111560928,98.22481673669148,98.83898514315254,102.25392582011271,0
81.70327544981174,137.0885520573034,73.07319740777753,98.04482313193229,99.06890060519393,101.12991767577995,0
69.98247156791356,134.3113709003996,76.68453913087306,98.27121147527997,98.52871239497286,107.32864976819278,0
73.58092329198635,116.11423540450156,83.5886935332949,98.85201503490849,98.91810688499288,108.53166819684188,0
81.13874446361794,119.19423214253733,78.84606923948638,98.06747002525722,98.38348220434462,111.56417771497439,0
71.46459507467131,130.79915457095842,75.58038525085827,98.3467825545942,98.18034850804486,97.9832197248889,0
71.35641140513435,122.74937854135787,75.62611887872816,97.84064142524353,98.86957775614012,91.82774836027849,0
66.21479957146053,131.11913023368078,83.66674003589091,97.77760584892035,98.07056224319462,80.38579590866962,0
78.13542259205784,120.75045573428093,75.27545638657466,98.09852602490538,98.09073544233604,89.92326935212239,0
76.75905412931206,127.21966367694131,85.66844249049254,96.91552937642122,98.85543386642341,97.02658454884477,0
70.6592041057689,129.22737947063817,77.96492054096615,99.35835716643061,98.998413001323,93.79824376485244,0
48.0026154597671,62.465616340120135,131.7263130508061,82.68843585752339,94.59892211419208,48.00230406422288,1
68.71991949247641,125.00321954922262,74.46827921461445,97.19646903857291,99.23093091882018,98.35902748887604,0
71.40692879256416,125.0031220926239,78.26568006037695,98.02464737821055,99.0101626283005,104.95505098095222,0
74.88605539042028,116.40269561345809,74.55328681143946,98.97063367261144,98.30164859742551,86.69810484446496,0
67.9335301768509,112.0618586984553,76.56107852587284,98.36716540504304,99.33537475981133,95.30671818682448,0
63.12333466116166,120.63787407077363,78.28877434926603,97.34539697907101,98.20211309038562,92.73644698077094,0
90.82649120195995,127.78470433454937,79.15335571442476,98.98676161748283,99.4552220846536,87.01185141735542,0
73.85892426136216,121.88015506731008,81.98763878286577,98.13458328481225,99.39496035301086,89.25672027138263,0
73.18389424443357,120.86999986395595,83.91732824162368,98.19998219986368,98.1746232534953,97.64211681739297,0
67.95039588725669,117.98356041154105,81.09284444436858,97.16562368824526,98.30336294436238,102.46208227754019,0
84.0612272325981,120.87326469764754,78.2372687863169,97.10014202836473,98.62173426378615,99.72231269658649,0
68.44586426608768,122.48736736913096,82.87193175566938,97.85541323267356,98.19389829066148,94.09164690076133,0
78.47208500058777,100.16878796900082,77.6072286664114,99.38342407855598,98.89769164782463,97.10262913147639,0
75.47574899760653,134.7370820062082,83.05800780774841,97.48889478767121,98.9275633225389,96.2940356822465,0
71.88892118404566,118.6301102819717,72.63822969244612,99.94015663183507,99.04374862778371,114.31453020787855,0
63.662565199418424,113.13071844437775,81.22645871318467,98.28726792912079,97.85742738002551,104.78940188932631,0
76.92206407567474,125.34949242337198,80.23230636577095,98.04042893983346,98.12655293472143,102.84816215339809,0
75.83196101185861,122.521582259542,82.74563337779182,100.0,98.67264608591776,115.53131203539355,0
74.9458497098295,125.74162678814189,77.69803833671672,97.44914252967133,98.81633128415379,100.100515722342,0
72.0040969137449,114.38961254718295,80.47803772056288,97.73956941350488,98.62746058282971,102.28547769871923,0
37.09860532351974,67.61962937241533,118.765985963165,82.71478486960731,91.20084417596753,57.270760840290365,1
58.97057157143732,122.42568912819101,81.05317722607529,97.92395109230296,98.8177765334676,94.49506883687881,0
74.74683365955471,113.24574689869532,81.79149907466385,96.58730884750737,98.40302344643149,101.09347018022113,0
74.24433941908543,113.14988127007942,85.93207795258805,97.77508046044464,98.61344068294142,102.7448290762842,0
83.7195548251594,116.77785266197945,77.82589693566943,97.81690921538872,99.00515622961494,95.06947503529666,0
72.45482734916236,130.7413747125616,72.37168795356578,99.3592914243365,98.15868290287014,101.02428664078009,0
77.23318200043786,126.17677962852986,78.2576690431901,97.4554270681762,99.11927756467864,76.58469590608927,0
73.3460379406685,114.7275735288632,78.7829676260244,96.6551132192188,98.36825700266192,106.06590861542861,0
67.5450946047697,110.37056137849547,76.94405748874857,98.39482002041218,98.42288362482886,99.60786186075671,0
75.54253236750878,112.52594196073018,80.77324271618312,97.09466383248515,97.74981856082233,109.55881275680714,0
74.90839690376684,122.03841928596623,87.1792823204295,97.34565812894489,98.431904370054,86.98126148127213,0
86.42049351142965,123.15347006644625,86.11355896415965,98.996388425643,98.8242117139482,99.98387327605492,0
74.56316617123011,122.35177721408404,90.85596430531248,98.23578706419804,98.39743903269026,99.93235406343508,0
60.95953353296548,126.48380243759074,71.29649696809832,99.86723128718081,98.68301131114536,83.1389453752832,0
69.75106766026916,114.92597241339963,79.01322422332667,99.77764481881943,98.32268955043074,100.81447234462836,0
83.6473046187825,112.87690655950637,78.55670919660385,98.9865140038042,98.09939088227819,93.62788175140986,0
71.8627916262067,120.97757582695746,87.35854449180945,99.53297824753109,97.89955655765107,92.24128500553758,0
76.01803529298023,127.49756350281963,78.53621040613773,98.33978302213923,98.70981447503331,101.30086936261738,0
72.62613562513928,123.05988745811736,82.9652702514151,98.66267835768616,98.82791334021375,90.67868784886468,0
66.08564372198674,122.39162162366839,80.96430921575096,96.95581282113598,98.1182764269842,98.88595864597728,0
70.7779574989382,113.81396601516256,85.49792232163834,97.11107519094023,98.72500606647822,94.32251783885802,0
68.6814610985152,119.79453808519014,68.8582878002511,97.73912919875411,98.46975148674,105.97879687296553,0
66.30650087505097,125.98641055423784,83.50104923759383,98.95654946178726,98.80503326107542,108.0766088767805,0
61.6504930049218,120.39104757891148,76.91357146560557,97.712917796885,98.43439790594464,91.52328050784965,0
62.74319090874212,118.27400262018298,82.2958065798928,99.41666130829796,98.06420313481198,126.26289255195229,0
65.57949140204309,108.30181159254154,85.58966911363576,98.10132717686047,98.69271710505036,83.51750281286971,0
68.08002460455774,116.29373125545094,77.23653523108251,97.95383805603002,98.68895109957222,96.84841693684726,0
135.61692459602995,173.85373741720593,95.25849465738762,87.96834272812856,103.48915966027477,247.3915377581034,1
75.11607908544704,117.76876179327706,78.41448583713017,99.05813611256742,98.73120388719336,103.60190184365221,0
138.7267973169235,207.0438705115059,129.37555801263886,86.49417164139147,103.85385000158838,273.80767667953194,1
70.91712051845624,113.74483490396615,77.7012930246848,97.19607965576058,98.80918862955878,104.14012941944691,0
73.50120123751017,116.73667971637644,86.29641855718084,97.61376291128863,98.75369276660763,107.81511725622424,0
81.83015839362565,130.6406421869377,76.37540328554199,97.12694744032277,98.40090194308752,88.51325747662237,0
71.42025797991066,124.85676417701372,83.70210607023876,97.28604708784044,98.22051938613473,101.57469242334537,0
63.968365201660504,123.91106685861139,74.4792727166804,99.52060090176322,97.97564891740767,89.77221759012248,0
72.27294885798452,122.19005956043638,79.36421985271635,97.81151314024117,97.67919512794592,100.8028495186812,0
73.67009180786802,114.85730234426198,84.134730304714,98.85431733917379,98.33725068708263,97.92904857382717,0
46.01295682209083,83.5818162407949,109.13241200524529,85.97157071885398,93.16951975773661,45.140462700666255,1
67.83239778502113,124.25102310571185,77.53557543808141,97.53314458960008,98.45940654553553,90.54649926692764,0
71.9521641521003,107.25467805538588,82.42367323984462,96.61614098100415,98.58033034798916,99.62718781980409,0
81.28503120798037,127.63128429714313,84.42788540847522,97.71007884697498,98.48024246266709,98.79557137358823,0
71.37330468877516,113.51877067276195,74.41529557948817,97.23784153697378,98.66972440141062,98.38687277226462,0
72.43367379230574,111.73677660337543,72.48867373829859,97.69916471304496,98.74161940343501,97.17653627622701,0
69.57382804385986,131.66664281459265,82.60488436745885,97.37793516505505,98.30964653531167,92.34441910089973,0
70.59355319810207,119.34987849024863,79.67564279473319,97.16976536633271,98.20371459144475,124.91248330007267,0
62.57471125724453,117.32027763309274,76.71050755712629,98.8460450088894,98.68601432485488,104.89647662174997,0
68.44563645456678,112.79019407656145,87.78952716159178,96.84046444954951,98.03949839432009,97.22002878254806,0
62.61118337182767,119.52938784962708,78.47345423240718,97.92087777761549,98.7303854421312,97.31592375925038,0
72.46488311111318,115.37416034932897,82.53267195692959,98.02701055430191,98.65983531422827,97.54597607412742,0
73.61476164747064,107.74317097916341,73.3735931402378,98.61602570874767,98.97389925181653,102.75668076036187,0
75.80266128559259,112.1962446885331,80.0671024269423,99.31148081896029,98.86012447899853,99.08210153187208,0
74.97409132783562,122.78633751556484,84.05456886307849,97.85041468468262,97.95474799243412,99.82139299025083,0
74.68630155486167,118.19368139072186,70.62567172249145,99.39104247505594,99.08499637763279,83.69487122358943,0
74.50923453532783,113.34516514609321,79.77716550287259,98.27393573693134,98.61927687090393,84.6462372642431,0
70.74466875753284,113.62659307527935,74.70926784352794,97.04108590999401,98.331400994421,84.923191618438,0
152.5261692506645,173.86201859295323,96.73334966722632,82.44771768558967,105.26387023205727,238.7194988509501,1
76.30525353477577,123.76904470051517,76.53967400667653,98.30570119074977,98.40067081082303,84.41300194606092,0
68.22441963784327,121.36553847795821,85.34723694062095,97.52130781106081,98.87567583947926,88.6216784920703,0
65.76873707493617,120.378361639922,84.62178684013003,98.87620599167165,98.44895801877682,113.92864689751377,0
70.20097082235071,122.05764571560213,76.43344549859894,97.16911733614486,98.40028376367778,91.64519606357938,0
75.7332428642604,118.33535073801842,85.88604393708458,98.64210775899862,97.67915277957238,105.75789977251783,0
71.43818286756498,121.6481905657778,73.07036667014877,98.20541327045775,99.00696866792356,110.04831257010936,0
69.24545813868605,112.81824627763456,82.60397152846376,96.28625642587076,97.980764644123,102.4040561191612,0
65.113851661106,123.2935689316499,83.50486161351984,97.99338375584651,98.07287562520393,98.36050177850716,0
71.47538802733692,113.50838896012847,88.72247774679944,99.16095269074256,99.0025513099215,98.78217056989432,0
70.9466163270047,132.480339200456,80.84846578985642,98.8016397169037,98.97258780782158,100.07940523023238,0
84.53024822868437,120.40859203572526,89.43812560313002,97.49835332120354,97.92768815003573,87.93204113577995,0
79.42969842860181,110.58489861248532,78.18572186313196,97.82563716358746,98.59529286487054,111.66339711561253,0
75.0786347890565,128.6338425344687,88.12665154537598,98.00692472104372,98.26890744412137,84.03043924300829,0
74.09005043547675,119.41779759645766,80.02728922140658,97.20853235748714,98.53082936679944,107.17695170186636,0
77.87333735134068,118.34423831642026,88.68952380917625,98.46632164918329,97.95840095409801,88.79554140925568,0
83.19464706686854,109.51919648374948,83.30171527281341,96.57073312032885,98.39357592938785,104.45210878914062,0
75.26087627202055,116.06648920299452,72.3963923518294,98.05618391839232,99.06244584665812,85.16731009551555,0
73.16764473142345,128.92099898681306,82.4659784424494,98.65940178984849,99.00183914684979,91.97222325131405,0
72.77532709185137,123.5300149736899,81.0274321378001,97.15403696737074,98.7970877386268,94.27391724394893,0
62.98114228129136,124.58101718973934,73.74321908880357,99.21298392854938,98.55776281628452,103.18142314696372,0
62.98217802962908,125.74208862156276,73.2839530470805,99.54522644588482,98.38198897083102,114.55328934882198,0
66.20047265408812,111.42918455066909,75.01905377202002,98.7978518254783,98.63741818375445,107.99903591501152,0
69.19379279212865,107.88816088660958,79.2588855557844,98.85494465105614,99.08138402276015,93.16733302782174,0
79.60590906712784,107.78826977975763,82.36476782356635,97.62920356620047,98.91777067570034,79.10766526156621,0
77.94099743375574,115.40731934796051,83.7847636806391,97.6400238264191,98.41733296403811,107.39531286683751,0
71.5306160456489,124.14479730199443,77.8379940636102,97.56192135189646,99.1295048251341,84.22066930431721,0
35.909690772802755,73.38330474849657,117.3624341273987,87.31376728877107,93.57583416020448,52.3371092921641,1
71.92651936291851,127.67582982761178,84.0462931406165,98.69369795501315,99.08781317437929,120.73664175433755,0
77.24633508427637,130.7530974099846,80.02602630947473,100.0,98.19170391591668,95.39940757779834,0
69.77695140845982,119.17641547878485,85.16487117457015,98.53406295631696,98.5790811449716,105.30986829362003,0
74.77303599649166,116.8227600869281,82.06035568533012,98.63695253999487,97.9671299554227,94.72550967074545,0
83.2921469788502,118.42602860943603,75.9674518548721,97.73843277677346,98.5240886801728,83.45853969426703,0
65.94161577174037,118.95381014784508,78.60940067816833,97.35147837049534,98.75513093680358,99.791158503751,0
83.09165299977846,123.27978113082249,83.5966380091472,97.86495539813723,98.76995844166896,108.50233051837019,0
46.061605955729895,71.54016341402897,96.60272562199697,79.82735174954063,93.98543180586928,40.93133616869602,1
74.5760449368104,107.54087424254283,80.4956289623808,97.33503348868,98.38705773189352,106.09350895578041,0
69.16745653381723,122.37549068929354,84.85231318453333,98.75828238611793,99.1907649185241,101.53681763176904,0
66.20252208148048,124.59850346439461,80.33070557574501,99.49014359588348,98.71467392794973,103.74944008559694,0
76.53938804947884,111.91755962889809,80.42669887897446,97.91901209059783,98.3650194900577,90.30442656683778,0
87.79429238902435,126.26437389218778,83.48525489419863,96.65902796401872,99.42846852101324,94.20240123275977,0
72.59599383257536,108.92300418183451,82.97427186698623,98.57153069690074,97.84159924203284,100.28076181116171,0
72.95677504082478,118.81507893167162,75.40050914776923,97.95545513575522,98.64966344153888,98.0088376155098,0
71.91901665157239,122.70467857693643,80.34453066560486,98.02338512515618,99.3042512138498,90.38555556025621,0
70.62270806783792,105.15938949415877,80.37136845095073,97.08857256246203,99.56878219221409,109.67611366122199,0
85.51461483206586,117.67998040102948,70.04429925522666,97.49824223883029,98.86761789698821,99.63500722553835,0
75.10595412281474,117.6935748984741,79.03509316119656,99.18289493887792,99.02502880229333,89.27109884285082,0
79.25019738355886,120.61231627576518,90.74353146968525,98.0964303795285,98.54874863423208,112.07776491775596,0
64.97007391609463,113.05931071226757,83.0819714526518,98.46291277949311,98.33831189546889,101.39308409235935,0
60.1864611455035,126.68992779779707,75.02614141034152,98.58704242406783,98.6560820504685,84.38567740351618,0
69.25619006947926,120.23410427581206,87.5259799943952,98.40146685848154,98.43455971426988,104.23944039070632,0
75.66351447170294,131.79167384222416,81.21945470810225,97.69918586962515,99.14827839556199,108.13840570650689,0
68.78809972459405,116.5730054707853,80.1542474637847,97.77660158365791,98.3330761578116,110.38174476694235,0
62.21716053770916,131.7582316755507,74.54476641402962,98.04168120721691,98.08201041036156,110.30117850090463,0
76.07758649360805,112.64563674720539,90.13408558021196,99.48521658414711,98.2370014477056,79.41319313794708,0
74.82849333831842,118.05740466797836,71.59015608007294,97.07535598155197,98.38486865205398,113.11992790392097,0
61.3284744959609,127.66358951559127,78.3713055340869,98.92398267912014,98.35418826433057,96.72992337348094,0
59.86920816022831,123.24311057163962,72.4736041191928,97.34070096314954,98.35335002309519,94.28637824088221,0
72.7217737902714,114.86036674620273,72.86675394594826,97.16802889192147,98.68471696807431,97.80378159268396,0
66.66291342224686,120.10628059778303,72.4708379733469,97.74562558297343,98.38593429313293,112.63364084950919,0
77.01415267239085,115.98129527301481,75.92923371701198,99.46420127252358,98.69542301261671,104.09808799649595,0
64.49755359618169,123.09163794930242,76.78936413084199,99.51539674926359,98.57026019407682,102.34717732842155,0
83.97400493870379,117.42957246051776,89.31434560700089,99.11891227170717,98.71730855017736,85.94836140060218,0
75.90681745094194,119.2033122311037,74.80632782918664,97.12923362355926,98.65607201240063,103.68429808434769,0
65.24706571620975,122.79522321203392,85.60342853211297,97.48460620188457,98.14676993076313,92.55335097585086,0
66.58769067385494,118.97202535121289,80.17647695372608,98.14262139266889,98.8901966289052,97.43946209604748,0
62.5128557878072,116.93583874316973,79.72051766693203,98.02915191232502,97.7681211859416,113.07035431954878,0
64.27015429521877,119.41351830077654,82.73199475833636,97.45278155973402,98.87279246772906,96.82330586205347,0
85.74565543554445,123.61651112155177,76.34593437195623,97.87283720370587,98.48713618560501,94.22744179008254,0
75.11941283717252,110.43661163631758,84.544687484443,98.28029129196591,98.33246148285248,101.48826729031634,0
81.93244267852977,111.35007884565414,78.77346256906098,98.31017582718283,98.29298139950794,113.01625638130389,0
74.66864284698957,106.8379811260185,76.08910273023683,99.23303913345094,99.13413814269481,94.37700815105119,0
70.24913238650673,126.88696640524303,76.43403847816934,97.99207141254664,98.9211799706078,85.03904508605555,0
69.20813725931968,130.7830886784367,81.81271545546481,98.62528951254207,98.24032156158079,113.93495297047524,0
74.69531232771021,123.44395440785547,79.53917094589262,99.01714767437932,98.2862232325035,113.81949321533995,0
79.20728353298367,125.56220268061648,80.7427395179632,96.73007691267246,98.89852660902365,98.02963139723173,0
79.87190243144369,128.84699157367473,83.23041620605927,98.93087328906569,98.21615707511526,119.27830772967133,0
85.17733885291679,120.85022744939683,75.43597756699403,97.07659952747493,97.44719465473278,94.77127186626056,0
77.34119046674871,119.84294763613599,78.46211305218128,97.99332142694733,98.06746022344991,86.15564396093663,0
68.34130257408371,109.44010822251,79.69922750297437,98.03475447829184,98.62735754425466,98.8117915727092,0
73.77945327084457,112.72622182142582,77.24733015899649,98.47781415292066,98.6591875522531,113.4621276611262,0
74.1690211512366,117.71636406891048,75.07526937441484,98.7240750507443,98.61505802603885,96.86243054734372,0
35.79258457029745,85.02116005850438,115.98550248085252,91.0,93.48546172292457,50.96846351108423,1
64.29249440580018,121.07822289178512,81.78238552334746,97.23854444323615,99.34897946432348,90.98648057376376,0
71.11438448220798,120.24365278349883,77.30881434962606,96.57351684337884,98.82864348432284,89.02123711745315,0
77.40319846398955,117.8990984922026,83.12555273124474,97.05653017559185,98.51507542080783,110.4580345136799,0
68.70265718454851,117.83727989781465,85.91450244693762,97.95854203767021,97.66479651328338,103.84258136821629,0
54.87224002257365,119.79217846799816,74.96018882543181,97.01758375951907,98.06331110265747,110.02576400574678,0
72.62520662371125,124.8831087923744,81.65306630545203,99.29398921329167,98.73721941227761,88.80054729422787,0
65.38074980566991,109.45426178866721,76.42979128111273,97.9725977091335,98.26490333026045,105.0913947567154,0
64.7148683232736,116.49136124546851,75.90306584750604,97.74340516421047,99.11967250105167,108.82257509608077,0
74.37482120062445,120.58091193168757,84.97189365496023,96.29987913117174,98.7643683975527,98.66021525991202,0
85.92024433210355,123.2738307270122,79.55696946825695,98.55139834277824,98.88315380576489,108.24690350210867,0
147.9216320783637,170.9619919738031,127.2868915748914,83.59910041563373,103.3356790630692,256.4498295117677,1
69.768852706328,126.92026155449422,80.33047123149488,97.05453166000534,98.17859095187359,100.25866510288299,0
64.86200004545783,114.0930228580257,77.78239200081443,99.6201586849567,98.39105602965834,110.98870787843987,0
77.70184555184146,120.97320080867188,67.53805174208466,97.94440947680073,98.40874131091748,93.22687471749812,0
71.88217320643992,141.6880960384988,77.64872141866822,99.23715097547871,98.72288157835915,101.47705820763008,0
67.25715326732814,132.49342527429567,81.47597684079417,98.13631129556367,98.24892139459337,95.22296284025572,0
80.82702196496166,123.12887201906896,74.43467949406411,100.0,98.97042703729313,80.37570487271448,0
70.87602588956175,117.52715105193289,83.63017999614667,98.00514314054185,98.62221549635666,113.07309118971577,0
66.18993327081819,120.66234731268551,82.89538150437751,97.68277161177852,98.51424442720928,95.23776119295039,0
75.74471890231293,110.96607004637647,80.87801774902185,98.28722034517529,98.92132641709513,119.63999235988435,0
70.61439281874793,125.73561287697585,75.85909718063246,98.16495687540902,99.28908388428829,111.05298252874866,0
72.88028211859994,115.4382741449051,81.52542702353377,97.22702656583338,98.45747947290717,96.0743832264241,0
60.93723849911552,133.38881694049758,77.4586742695834,99.30898940972911,98.21006576938855,91.80291198773247,0
65.1419705236171,115.77313191754769,78.62258842410489,98.820967139313,99.28431031107775,98.15837460457804,0
72.03853361886563,113.65346018391995,81.64911530434254,96.60190198531812,98.76621519753479,116.43825930089093,0
134.41761201875275,152.97057874880468,97.64066331535264,83.04086772806626,102.96768185853763,274.30333074316184,1
151.9464454861354,177.08970134809678,111.72658115145347,81.26974309951486,103.16359013070614,298.58853309100346,1
68.6941091787705,126.9609016974531,81.881942809446,98.24023062577045,98.80251138859504,103.97616834053193,0
62.62179416057248,124.94553824483077,73.66730585527515,98.96260727407665,98.88810460942103,90.14499816419661,0
77.42360904651717,126.70276014295837,82.20709879946475,97.64866506454429,98.96099666222314,98.64729459295735,0
84.51628229722269,118.51537231055703,78.22890692041679,97.71490448417165,98.999911831807,93.89845360797452,0
68.61135597497434,101.43720355868535,64.83005318927366,98.35202482878928,98.52248947191372,100.45466526233194,0
74.81264553645015,118.4592038812162,79.6351528405936,98.73702285555632,98.46930216402356,104.1758838164279,0
62.03349950659697,113.0802969449387,75.57032537267445,97.29281132070653,98.34477479627354,95.82257632958421,0
84.85362215167117,123.3365572856039,82.15181320753248,98.48190163204033,98.66747709792375,106.26205561632246,0
54.357668192014316,110.75375402245687,81.6718737343665,97.78238457728233,99.08281060537107,91.99322257120812,0
35.20785377446386,68.48010492551911,111.06040498524382,89.22145898974973,93.20163293734015,41.36212890434022,1
68.78803088427647,127.70931115422685,75.99853359196311,98.35823459401445,98.71906756612512,87.65999879260072,0
73.1429980786744,116.29737266092711,77.36466940880113,98.68684697706372,98.24222231992512,81.4864129201008,0
74.51719466344217,113.73200427352471,80.88914899852718,95.81261908502395,98.9257291405631,85.13281530094768,0
66.63235618668298,127.82984960978729,84.09297309171606,99.51167341418544,99.0306658606009,99.35734871570389,0
68.71038723044954,116.79382371889811,85.37695277208206,99.1280026262015,98.87061950416117,84.93012815373896,0
62.49658305908566,110.56276068200756,87.54459447133452,97.87668840093384,98.47473539084795,117.93464924877179,0
163.91259724801984,175.10412993898342,120.97772643619639,82.34089973754612,103.992924303024,218.6585803173845,1
46.52411059559697,67.52041730025618,89.1705328347378,88.82449934513693,91.30170016828954,41.92948869879657,1
64.92576125304119,115.84052389332834,84.32837325583685,98.42776894435062,99.31787557886501,110.89321356628155,0
138.24071275320264,210.02466679346773,104.35800704525793,85.5260452104226,103.04119442347249,272.83092372900774,1
71.50391588494381,118.55110787631142,78.77413789074308,97.37884075655477,98.81690375649941,104.36357593411118,0
82.04071254179122,124.95220397605067,77.2786278353773,98.07857322096113,98.16407878233322,88.63610649267669,0
73.66426162774916,121.34856072853617,78.65253122148007,98.78727369481622,98.76058638703381,90.53688754275132,0
66.2030596597775,124.02893348081255,80.45020791933479,99.04191260417748,97.7280875232143,110.10015717221316,0
70.94468512540598,103.88969797631009,74.8687881234855,99.46537942749852,98.27323949926897,99.8700632131641,0
73.66014479598012,103.75779081238704,75.9532665760256,98.26151859672584,98.93932688788183,99.10999463391529,0
70.64112664859084,125.07214245106186,77.09629454721775,98.72001353183626,98.61299282190129,107.34481655977937,0
75.35001853927024,120.46016362033102,84.88248851386444,97.58872007566946,98.9384047753683,95.93146927736774,0
82.36178310740043,128.54906461979604,79.10184813637242,98.67414400511998,99.14148393599059,98.69860933119874,0
83.09617284831829,120.26287153662393,82.89788923556924,97.838872513314,98.37015883138639,101.70432476884662,0
70.57908835955995,113.87895046162058,81.92104610824731,98.45077041718626,98.73634831653851,102.65006359068305,0
63.005904237249595,116.97389169933321,93.39814346950001,97.6735823738519,98.44772102975334,131.58941784588663,0
77.97348908401217,105.92848341803756,74.32201367237238,98.12034991537718,99.22747276753654,82.55324975876795,0
69.83420300508553,131.01613951588575,86.25973727256579,98.45507557572037,98.02498168742223,88.66540360949541,0
77.98115264079485,113.2464718365922,79.64985111595978,97.80318887690237,98.7040218061843,119.12200420608934,0
77.35558402979585,120.76358079244882,79.71581573896525,99.2556775257411,98.8440977031158,102.8385728982886,0
69.55778212243932,115.9532057889905,81.8560338173503,97.29716718706456,98.23125652802896,98.66340266737578,0
75.67664343037542,126.81608361596658,80.07347047772183,98.51006659317106,98.98383035695404,96.42507152728273,0
80.04270267613887,125.28471136299375,84.02471286818674,96.52685412335347,98.16121928113814,100.97288728539291,0
77.35772322065262,119.59514371335685,77.26725851881763,98.25758174921043,98.65941901108451,96.8177243524884,0
71.21116442597,109.0000600116319,79.75266714338375,98.0487166793938,98.58563583854462,108.68179273053221,0
71.66649197453727,112.45041081044782,76.49021350852439,97.43569705418938,98.49513443194994,89.47574039757328,0
69.8397643874581,116.36953401760798,88.19978340914331,97.27769981204641,98.35816796493833,117.1676274918435,0
64.10510510143496,138.88830185155962,76.46628409178824,99.8223928325514,98.74972523581859,111.59771962377694,0
73.4136873486514,110.88888412037669,81.99998276471803,97.41964499714727,98.69153968323836,95.4053960962479,0
71.38066948240503,101.04719301233176,73.16336769357522,95.99078465597444,98.85756520411846,97.61370285128177,0
76.1751830345627,122.76715076854532,81.87873440859829,99.68417040634063,98.35772911489713,109.6583164685813,0
73.07936490692087,111.37221782145804,91.74554279012517,96.80584134390868,98.22553982157004,98.43752227322354,0
75.54392898415385,115.01976464141407,83.85025054458794,99.20321278229228,98.93204706579809,93.89507673727967,0
72.43608314597604,122.60853730536039,78.17109627348997,97.4763144673231,99.1876853758908,76.2677026714936,0
71.88348236467361,116.89715574627468,74.1701290715977,98.60614969975848,98.4322747876062,90.50786519243317,0
66.3099119746548,129.51508319555364,88.18560895000853,98.95586060652498,98.30817556874096,97.20089426829519,0
77.33778477374062,106.16825690075866,82.29158969562721,99.53553077337189,97.68430909432637,116.50520903087974,0
72.80577898348676,122.28950662414492,77.97248316722956,98.79756562268595,98.12256337438639,98.65199887799817,0
73.56193103262733,120.8692297932123,84.07662083404507,97.26414642408764,98.83313122778245,109.5268675490817,0
75.09028611783629,129.99113755002452,78.05298219237312,97.19043319791042,99.11420019859376,96.40720965046285,0
77.09761258212615,119.13185028827002,81.9622800923526,97.60017731640453,98.16671932672615,106.76188271578346,0
78.30392637604567,106.66538882192553,90.3021134922235,96.9891185034104,98.62140570972542,107.07913339053505,0
69.28745800300152,105.25177619761743,81.24272552559493,97.42752497618841,98.40826678241405,85.46393554890476,0
70.48587898724227,115.38175951122224,82.540061455273,99.01779596903596,99.46675361392651,114.75133657032922,0
73.01616494421647,116.03306424361463,78.66050632920751,98.20792969196168,98.99893569030363,105.397907333711,0
73.25029684768532,116.12775928256912,75.81902574647914,98.24959247607438,99.4984752054233,118.51154062019116,0
62.60611181036642,126.28359040154821,76.37807417438916,98.78525535957155,98.39722052389614,110.78829953740112,0
73.79251745019411,120.08556483890618,80.48004633998525,97.16625275928088,98.06429187380587,99.41130144757679,0
71.04036882021944,126.78698318027034,78.86736263808581,97.50940425809657,98.57895525065744,107.37786756289917,0
74.1609851036746,124.0163697693133,72.56422882145114,97.12467643240896,98.31283121962056,108.01394323783383,0
80.1639515750319,122.55775969347599,79.61860924130208,98.93427401763655,98.79163082219898,107.75843947069924,0
75.2001554682327,119.38138698731522,84.91005493060796,96.1774656563134,98.48679135778443,104.78426200834457,0
75.20777451673462,105.5003597446329,86.177158878784,97.94565915896335,98.83970513016031,96.77209798684612,0
74.55293959944139,113.01940198792857,82.26437163397446,98.47096706978516,98.71966582687539,112.22393437650575,0
77.78327470076945,121.12412603220231,85.53230885406036,97.78549743317578,98.24753877506149,100.8450580575679,0
76.64780432057601,119.00931972643136,78.99290049961513,96.9952951392932,98.47392317603061,93.09925406056465,0
83.12455539800513,117.59131380216367,81.00697279357641,97.94751731768929,97.92062923630506,82.96168664833782,0
71.77777921770952,120.45154181003801,77.05945700537845,98.27092134270744,98.57646943633277,104.82229360055162,0
154.13739417622588,172.79103334104022,123.0326782723246,85.47905967704232,103.00293539337181,258.0536080108917,1
72.26161467823472,118.18742842395126,81.88777366418955,95.7005444763301,98.70468291339053,111.84755503411057,0
61.96263659213055,116.17514666375429,83.80596186350755,98.15213371886412,98.90187750012343,103.12958125436249,0
67.93846799816424,120.31894716799329,77.82430626018983,99.48443403844023,98.29290834289255,105.47706193163144,0
65.6363696016204,114.43574447098817,79.13803650095385,98.58372936152182,98.66366610412855,103.16078192153614,0
144.08696241675653,161.82044688547836,122.18504497972408,84.10318270178753,103.52873002988785,262.6385028582544,1
71.63354597188574,110.91171842231768,75.91209206611154,99.12005663789978,98.43970568055346,104.29405080090311,0
65.11042026748429,130.10569223416366,76.25594164488211,97.12935720903333,99.45138710740063,90.32059785727017,0
64.22330001450064,122.20037078192001,84.44631712379488,96.54452652438269,99.17703664857814,109.23096947062527,0
59.07994248077253,107.44065693415395,80.93046510437968,99.34277696442301,98.5268131837734,118.62886899544819,0
75.88317563821644,122.08916269787008,74.47987183263807,98.47661350701982,98.46171843774917,78.40433322357342,0
60.01079589280735,114.78382560777855,87.87293178881171,97.34829585178177,98.3900429737454,114.602877611748,0
80.6494117239474,117.14777924895878,80.93970888216379,98.28983004187072,98.24888907742567,85.05329779805771,0
75.91393727048052,115.7470184575431,73.33775109500897,98.67102601138885,98.35834468529934,80.69091799479845,0
71.46982224476798,112.81743409063063,77.01360532076876,97.7124158524079,98.50934215057347,110.34657369868208,0
57.770043834846646,122.14927466076276,88.3602088652116,100.0,98.20148039418186,112.27461092279538,0
68.38976032662362,109.18543857326269,79.73622445999617,98.49891440096441,98.59697413613013,120.42944861135031,0
70.89609998188392,119.93572352630403,77.39553548048119,99.33494672838364,98.06466326987122,103.47410477695102,0
39.2736313720939,75.60906843071822,119.19809601007576,76.23647599627618,91.73404017619967,42.97815125314132,1
170.92095697962745,196.76836801083803,94.80524565116932,84.29587097297114,104.02323245220937,300.9150464060931,1
66.34465196524874,118.15787109558121,72.86768044288128,98.93680567713307,98.98259859033661,101.95205244352506,0
84.33724277964194,127.50061154906727,86.49935621765303,98.54286372035823,98.11951487244269,82.03541278829995,0
70.321438989025,119.55378300147224,73.83705467915543,97.26567999768663,98.66300699893311,102.99830464127743,0
81.77169327342776,135.29566426525278,79.61880491339701,98.3492927723542,97.84967636286095,102.50398697279306,0
78.43786828659607,128.4407289450123,71.9331588189753,97.93519074643886,98.27559790421444,100.86459090042442,0
73.49630210226454,124.46324068561846,76.64346204314457,99.58956333286258,97.99903016094257,96.04283889124856,0
71.96663823811157,121.85614745922611,76.88079875656369,97.4906549036693,98.10827279167499,103.4531619457538,0
70.50556893208176,113.4307302598124,77.37665609717318,97.18381582812388,98.52141231017939,106.00884448841404,0
68.46532720331324,127.43517213312062,83.99832257673788,99.37891124300168,98.94558971136473,102.14918287141396,0
76.08138125050577,107.22039403034775,73.47725550207946,97.26237373472915,98.92547598681628,100.04981303939589,0
70.49076668373303,132.63902102880772,74.49336685615145,98.24107897640582,98.22848665200662,109.27591521174213,0
79.74764303409528,129.89877273424747,83.72593440946913,98.50787984506862,98.93226227651816,111.1374173223312,0
75.41389847511165,111.40624024880759,88.08260827256875,96.86849469864784,98.61689984177073,80.52176266899053,0
79.67071117564379,110.32587701915294,76.63230176051378,98.76295825671397,98.51468463464562,95.288869764087,0
63.76284329111362,108.43430125852558,87.15794452607055,98.31825524658343,98.31027697448644,111.39290517659146,0
59.84515276133174,125.21210478931191,87.69008140930816,98.39454403431668,98.29187458484364,110.44546578143184,0
73.16464578572014,110.56402950942982,81.41963943802361,99.05535306747105,98.19537188971823,89.89774070947867,0
66.8160553819211,120.32255455143206,84.96314051489715,97.71997576707822,97.96382789659228,117.23884876422765,0
76.5449708960249,125.97344284138103,72.29621095842319,98.04929742521716,99.07942946834649,92.12853404470097,0
74.89483449145911,113.15050317893376,74.97342437001382,97.929539659534,98.5209885582835,91.67598523239941,0
76.42106338255459,131.05606524186402,87.78208017785883,96.55260390794106,98.88634653486562,100.77708460025006,0
73.49585157385037,123.19374641969974,78.78666769286438,98.53211613418638,99.37004524957476,86.4032091231391,0
75.57094215262148,122.13670188571948,89.91235225084463,97.70643316340912,98.41173074200712,98.16965515006311,0
79.16755332308239,119.84578949238141,80.38366429696478,98.3770609096284,98.23789753608942,87.91742258378976,0
64.98049898573828,120.306801596223,77.93789965075047,97.63929549955043,98.52907088484397,80.58581933113356,0
72.65135823465914,118.0318517027481,82.16486464021818,97.6199463493997,99.39206174061255,86.91878423027514,0
66.21744644273633,110.79191085065108,79.34712271352414,97.99652279029806,98.99297553229155,94.91385105911343,0
75.82830660864454,114.66888494474647,80.16431686990107,98.14029342570055,98.66236743442045,97.76576527258348,0
71.22877493136642,106.70230803398783,77.46955354404055,98.1980786170316,97.94269238617188,100.53514652579668,0
68.92071860117049,123.22577405782705,75.66776115023801,98.51160509036902,98.62329774426375,91.801558814401,0
70.36473167182915,129.42858871072298,72.58097072483338,99.76340404591852,99.25447252042284,89.96791980136348,0
65.42234947862879,117.31287681068451,84.43901967789424,98.0822029262628,99.11442004154536,95.53766633215554,0
69.67721610126291,120.96654885892283,85.5693119899111,97.31745995384645,98.66674375595707,95.19047270311573,0
63.12886805779544,124.46127278116151,78.50153252033556,99.78202411270148,98.24141222489992,110.10909565342745,0
64.43901140896452,106.40902539565845,83.67212926404834,98.51727542736131,98.50681799462058,90.62859476318957,0
83.30751783560765,128.2026710029169,77.8247369988207,97.60724104758319,98.33416580482056,104.5177538587469,0
44.49388525876336,59.86309211275315,130.13346275706232,87.33129270125153,94.73119690163936,63.129826291357745,1
68.36630676157881,121.67900422094507,81.94323623016655,97.5991346649903,98.4387630840984,84.30602578863392,0
66.94052042810284,132.51142490100878,79.1488810401441,98.28601580763463,98.31518373783278,92.74048099700752,0
64.2770185884945,114.34644609577265,69.19418948214145,98.59310539935774,99.25343393296362,112.86300885521955,0
79.66606093139106,118.33621678127311,70.63379944090424,97.84691949551859,98.43517909208603,87.38081023162358,0
67.3254435637398,132.16589489586465,76.69489059228644,98.42872799329407,98.37094459223032,102.39264175610559,0
81.00800191173292,108.90062005261285,79.45403452749724,98.45276258784807,98.23348278119818,112.24724521909755,0
65.96074460832216,112.97592767550347,84.9743434689397,97.28445558024147,99.09645372800591,108.67399541489266,0
68.90373163069576,117.21873723214047,78.47250268473174,99.88785898795864,98.81655174905409,84.67817583918544,0
65.37980036295676,104.13763534095501,75.07133483286263,97.44487484419639,98.74140559377936,104.3612308876979,0
70.91764990942555,120.4050483319873,72.85137878484815,99.20742574915664,98.32638262198395,90.73476233659065,0
67.19976861361413,118.01793680584088,88.01933033633932,98.51775781570885,98.40956061222286,114.47679990471119,0
76.01004293230848,123.9465151250484,83.51982338397117,97.20147960781597,98.94983505832391,96.53823550405791,0
68.65018947632382,132.25648159349,84.21975700259466,97.3881711832601,98.82239882062858,106.15037627761045,0
79.60146689511974,126.09522651211883,83.90679059903258,99.50652863631227,98.16543561865775,108.30505188633492,0
83.6711704456616,118.75982319419667,75.04402891187723,97.81215717993621,98.52692409332747,129.61283696951352,0
83.02910206077074,120.77790562707558,78.95541021314564,98.65680582850948,99.00505410176078,111.0511354327409,0
59.07965931837771,111.36829086489601,72.3750752992797,97.99608749070492,98.4843995125595,113.79023240971291,0
62.886535049459596,134.35872860288623,80.65875054873646,99.55974194728397,98.68921210303405,104.87249358765145,0
71.67423080089313,109.08849103483311,81.25475510356021,97.12723892921146,98.99844191572683,95.46101218873139,0
69.29992285202512,114.39765215684287,80.55611667420429,98.4425624290228,98.58897762539377,94.85908660820037,0
75.80832881137061,126.7117141452737,72.4279296880094,99.66277728917947,99.22440917217918,110.31130434680523,0
81.6934969412894,105.80625909830405,88.6525897591398,98.54352433255002,98.38961890408228,124.39334278719267,0
75.98821647199865,131.385015142262,81.31909542839671,96.61845094112056,98.61119981807782,87.58379938341828,0
64.12898260589904,113.74539435236504,84.83069830430524,97.3722450132425,98.55407318414062,102.76913195799703,0
71.51086396139013,110.74356795721692,80.61364453852742,98.58448878864746,98.12073663500999,93.85018246589368,0
70.81596947815605,130.325786550169,73.64755877209089,97.98413408154649,98.47323718055772,120.64494389843675,0
77.32374502360045,113.42591101160522,76.23146177569127,98.96688341675575,97.95196226432198,90.31037944686452,0
71.09220467860487,125.12505858238315,79.90159622835866,98.36471177320848,98.6377708897414,105.65197205837529,0
64.97932184364385,120.95618176912127,76.55335465959963,98.59027031107533,98.91900412275125,98.34845876971625,0
82.05835816324922,129.3130264106517,84.59630545840646,98.7069754644706,99.30259731267012,99.38591449133843,0
72.36138125964617,122.86745283078795,85.39062697897386,99.62384374426925,98.76095646761128,101.70784147600207,0
80.96962936471941,120.01256411014676,83.35343585363117,99.43174948424108,97.93352430478936,97.79401478819199,0
65.85367415199426,110.54610824959911,81.29465214112845,97.25524384321561,98.53200832551562,103.66235753183739,0
72.81921198649643,123.63155112216205,84.17666717682418,98.79464120357366,98.62386182600282,91.42523653457012,0
61.8993708466743,118.29180153480206,74.11484184273465,97.26657483318276,98.16518786879948,96.33656679410488,0
66.10507563877015,119.25119971099063,73.85252421145955,99.14330427433002,98.13182569700099,109.2764948870962,0
82.21508794877764,105.89569137245374,80.84972355525741,97.32368413642264,98.44571385238463,96.6996535374911,0
66.96469486066417,117.79292341299713,75.82064872190847,97.01084548200701,99.43969980770203,110.79983169634201,0
74.84818939727971,113.69037024071977,74.34465685032515,97.67060354403746,98.69063357161092,86.81344090782132,0
70.14272136411606,118.81614120050028,76.10845723496749,95.7917219801199,98.66822641070804,95.5277887053615,0
74.80002589179648,109.32099804357242,85.89043684281087,97.38271543074478,98.42929486846457,81.45390689101589,0
68.78421932931572,116.3820718177832,76.1436529166126,97.89687193764863,100.04113285432435,88.4409021757542,0
73.80284615766497,115.07961993372302,84.62952088363859,97.98319868402226,98.91937549039301,105.04344174629321,0
77.97670928946677,116.03844008375316,77.25597488611416,98.25786161729496,98.65582526112853,104.59188522891608,0
71.2191416737939,129.04921702662745,77.97652071568336,97.1298368422201,98.33586749487995,86.16171196075398,0
71.88075818779014,131.78320203149272,77.82403333901104,98.68938254297562,98.79479388306353,86.19651679022542,0
68.85287840232135,127.1882623278054,74.00397837452178,96.82130886820374,98.7785787133219,85.11455360968048,0
67.7412660465988,129.79592548657718,77.57204943977496,97.65838153322969,98.65735953721341,99.37896600190713,0
81.13943173027354,117.21201876520216,83.01958520741687,97.64904725786191,98.82835663454732,87.74136228696172,0
67.24548047400023,126.38834225778308,76.67649547424493,98.64212100387658,99.40532837843897,95.68844933582636,0
155.86984419539831,194.28053932860695,104.18388842073675,80.269137966641,102.10990458675052,243.10036536241978,1
71.63757762481855,126.16743531166466,75.13774681156498,99.14096293236541,98.49311519052213,96.49756665092136,0
71.0892894297865,114.59759629824987,79.18968948981588,99.37274966624888,98.52456325955747,81.61730265602611,0
69.1569639175745,122.81587654040909,65.26547890357993,98.32659595991636,98.25574034723411,124.07591421547559,0
72.29864212308576,116.78098516379401,80.9350386073736,97.81986439559014,98.10712061347475,104.65238217214494,0
73.05126851345108,116.94947189263455,78.93114875968826,98.92885124605023,98.9083132591925,83.0692714616859,0
65.10723578904806,114.86562553325204,80.53762500215399,97.57906643541624,98.48523296962492,111.0957824150095,0
78.68593016801323,118.43569246334143,83.37832226628488,98.08202992938811,99.29020742270178,115.35327733376613,0
69.85996119492077,121.16539690804002,77.38078414843302,99.54764077359528,98.53697521777849,109.64902758754235,0
68.77171344905916,122.31548664576765,82.09107539133099,99.62386141232214,98.73595159252596,90.9614975395634,0
58.22291428117657,119.64216914889235,78.26625054495878,99.0920554114388,98.99965983784686,104.50414161315705,0
73.53617840588325,116.41226122547415,81.5603106586337,98.24618394429596,98.40554541326046,80.19146152504693,0
43.06429157613052,84.22426732410358,108.24071533733209,78.6119051773792,92.9549564656669,49.427917308462575,1
67.04701681924493,120.02203408834428,76.00896961820924,98.44228163833031,98.74159277306839,91.03915302119951,0
68.35979823140822,123.15108943762654,70.66877032575205,96.45636947812632,99.18422265423341,75.93721861969821,0
67.52052992075856,120.4074890895954,72.74991821916234,98.52067776708007,99.17350001368568,102.21642092972884,0
71.15774964656798,125.82049206852163,71.85872976142413,97.47654757016554,98.53785080471279,101.11358495698099,0
71.24895342970102,118.91204297230568,84.5438173906218,97.52259376840219,99.48207492006364,96.79719049493907,0
74.86224496333872,120.32204470715439,78.04795406789184,98.86535870905007,98.54441090737795,115.96464524800186,0
82.43339798278548,127.0758781451422,75.93093179035536,98.14411636277968,98.64062239424409,89.97612355383515,0
69.64945110573707,119.35622073657868,83.44356372277385,99.08339214358335,98.63412180601898,93.24119563892091,0
60.530156696089456,125.81847772239828,75.22122821088678,98.44367572688812,98.8644552053352,114.93241559472105,0
78.45206041174139,133.08346552574784,84.11055423641406,98.17893172893817,99.10309538700146,85.19732543101219,0
62.81723154153974,117.70137318408239,74.45912651757627,97.97732247451266,98.63543125176669,120.509403797981,0
75.24545111136594,122.13605585112481,77.71685607139048,97.73715093383963,98.44150587597233,109.89184883976036,0
68.84472194462877,127.21174785778697,82.66662515307173,96.96987789470323,98.4658571717816,84.3373463290426,0
62.84606211257943,121.84978334525137,86.05713751816215,99.69974274219864,98.51304552023339,105.72490880452138,0
66.74629047969145,114.63195173396814,86.0178902726673,99.68600694977044,98.61915551307008,103.80177387605447,0
67.99890769829062,119.30895373881029,65.15815784882074,97.49810588500233,99.05545557987485,96.38923234749352,0
80.31809638357706,129.33960435920883,81.00764802891251,97.76858193879501,98.33593436535457,103.08432380929601,0
74.33495517400758,117.4872913037441,76.94197426897708,98.35716258570127,99.0763543731466,105.76917180403689,0
69.85182372151809,120.0876530503085,77.93280598811745,99.08591841150673,98.57125168567569,115.67195314269739,0
76.4700318772637,108.89908051729907,79.60301809307254,96.38983020200656,98.66738030797299,113.33566822198345,0
84.25241791756729,119.64134915127465,82.48608990226597,98.52276674236671,98.70593439860718,102.03241873878441,0
65.46220177594567,124.89267150202195,80.35710416290547,97.58728072080524,98.13199852542405,101.48770349249416,0
69.2542005039743,122.37130713596257,82.82869252226976,98.67688820448072,98.87796592436455,110.82709773542916,0
73.2285532944107,131.31931447165178,71.34888936927257,98.20178510737095,99.01386724070117,94.29301329468916,0
78.36125944499328,114.67745451148708,79.52863641384516,97.58276516476168,98.68784067272541,93.3599022227752,0
71.8538724464341,113.42022519594954,69.69297287988547,98.82522441918162,98.58924005900424,113.32645518695934,0
79.16465641828424,114.89728524976786,78.12688590336973,98.39048429387434,98.70695652031895,104.20798888827515,0
42.970797978474984,76.41470092228249,113.61135925830992,83.1769992116312,92.6027015884568,43.0329219021338,1
61.17682324462581,121.87232772228643,81.64816766403895,96.71443440628889,98.77635195929498,103.53958139978882,0
68.82400732530978,124.63988765115143,77.2424213494851,96.96003184838295,97.95505694762984,106.35131038980232,0
84.58763603479458,109.18460514815496,76.70470154742729,98.81662474326222,98.09748558343722,86.10124267195636,0
72.63858136615139,114.26976481337945,79.851167558318,97.05319990581867,98.65892754361255,84.26565161009486,0
77.32502380448436,123.36044532532873,82.18976131489877,98.19627233844086,98.05322433656715,95.62933513306385,0
65.80485657883476,113.46825745969024,89.37612694241695,97.79611653102015,98.40155440808664,90.87757748015426,0
63.19928885630594,127.28040523555373,80.86598821354373,99.12308039934064,97.9557222820331,117.18921573723013,0
74.96136122600575,128.9032968179676,86.587704095087,98.78382340574666,99.24657022299601,118.086630283268,0
68.32699849707107,130.06718440801993,84.11678414738586,98.67703046980081,98.43666532774172,118.55264109576363,0
69.09668499567407,117.71791252928206,66.29786788982534,97.23523171014746,98.37730619507009,101.52569248740934,0
69.40465087308228,140.42721488542065,77.52147026712551,98.3019316851187,98.43419351301293,99.93040117087642,0
72.4160660222175,122.7913463509737,79.3975129305032,98.17823974390505,98.24373274670171,92.00730275419588,0
68.02259449469432,117.47293543723201,76.24988659217142,97.53735525811871,98.85227194483915,102.60148576778442,0
73.27976224423763,108.08833899198808,79.76751709436721,99.01717421417015,98.14632223075388,98.7383787102116,0
65.44839659762812,119.41837470579772,78.81343882902391,99.01585651899298,98.87363359151044,98.20070847067936,0
68.5583893626186,123.5677815406963,75.12773726194852,99.10079980542271,98.31403766118017,112.76694199339649,0
65.14986531519897,127.28667921658453,85.87380900116518,97.97735586986363,98.37037411457278,110.6561525970831,0
65.67790548512187,124.83637670174535,83.43413747726419,99.12195049191523,98.72740034119926,88.29812924557645,0
69.99299258495431,123.71682963374863,71.3028737788386,97.21745871367355,98.91101990620965,98.78069586418002,0
62.12760751825865,110.16628139250746,73.78749581540306,97.96208532186724,98.76155523789625,109.71218413192508,0
61.23664501279266,114.5389928302856,77.91367317338803,98.19937992065401,98.02998699723852,96.31204135103839,0
81.79446782358981,121.33641566900597,87.16816804408938,98.66986803790482,98.47684161398462,104.7918753078696,0
68.78519122168622,115.95078189786568,80.92384325124512,97.97612903169055,98.56725690145613,98.6929967326746,0
72.90251343086146,122.76205989838954,76.73128985096517,99.03872789991492,98.8732250326033,115.96106515312923,0
64.82276025551597,116.70078995194217,76.16766784490106,98.1112685191675,98.50674562698197,89.44862453067637,0
71.74305971213055,119.42673934299255,87.87860225186883,99.51901957253098,98.75068673914774,110.7015853441254,0
69.26327503515488,123.07405093590292,92.73027267971396,99.47792673615953,98.45651750369353,109.20000984515043,0
67.45030758667446,118.38258324211371,81.98313969610729,96.26623290999176,98.39002939168783,107.89057468083202,0
79.95477988525315,94.1814429600009,79.96832929767372,99.20908639801401,98.64596509054859,102.44609171810477,0
76.65093296420869,118.49823634837425,78.92216028290525,96.82187210464994,98.2177924926323,86.05011101419349,0
74.00505850346939,126.96009178681336,75.75811098058931,98.7110461025453,99.4680379967505,83.97076086809011,0
76.8849105727096,107.6573431076756,77.39372596571936,96.320254673481,98.96553066245822,116.12312140023703,0
73.19368888077896,126.28958193186095,78.09114401662978,97.06294232353386,99.44581738492052,117.00288642297991,0
37.205980728146194,81.07309297874048,94.50583358994425,79.90666631399935,92.43353635081787,48.12504976361017,1
66.28610171556721,118.87608273348742,68.63413898726584,97.11388734865236,98.77414325081925,103.44478440847024,0
68.67847054975203,130.11088536538563,78.25369057326019,96.66430847830692,98.7326695846541,87.85443357677309,0
67.18633638467028,124.0458496654769,71.15792287180963,97.20025711188947,99.34186485354383,115.50078823961093,0
68.08746666844164,115.49771660581078,77.3680456744466,98.71672764771735,98.45345086109342,82.72438962363664,0
78.97898251292976,111.28820249940694,70.70854255887446,97.0498245379302,99.0874432697338,90.46236334128203,0
72.29112976766896,112.48417938757574,73.27536106467414,97.13582792082603,98.71886685888995,97.3109232378499,0
80.51761802708182,109.53120924451257,63.394427222054304,98.33542132048036,97.8196930690514,113.22818269150422,0
41.676167715201466,79.84159680241457,94.10734249270811,79.11783165405635,93.15011796735982,45.63556079418224,1
80.28872447214292,117.102735404076,79.84264314898158,97.89517963405953,98.97926000472084,102.00034162130171,0
69.6737906403841,119.8512865450663,79.73763071968476,98.80233277788446,99.0738783191524,105.86428501659016,0
71.98557695448687,113.65649267566953,74.64402571065507,98.3091381873348,98.82810108941744,92.63451777459204,0
75.87290508684646,118.41025794553352,79.61567296498168,98.87424016923325,99.17061446176265,112.18257922619726,0
76.44494607252075,106.25697596512718,79.23249652215108,98.20092570656524,98.24662235769526,110.38298411769601,0
80.36072716514659,123.74821123186743,87.7919200594039,97.03442499379017,98.31445833588279,91.08640319247937,0
79.68609817041067,122.7571125271532,81.40445563300585,97.98405027302323,98.24263236566428,103.66834868832147,0
68.4922936160568,128.92108159494234,72.48422465200198,97.75087899651128,98.43175226301759,94.36130097494667,0
70.641095406901,114.66722729838806,80.13092574592899,100.0,97.88598966437212,102.50352608451054,0
73.40528839521913,115.70911710110518,77.52392450997633,97.94860507280748,99.15295309827597,107.88180009145144,0
73.93631136202853,119.63933950032748,77.12699070908305,99.24555681468362,98.4770518721211,86.87503648374982,0
76.88110330421802,110.44484743201355,80.1638681877789,99.20832328594723,98.8042715532664,100.06536847735195,0
75.77777305154167,124.22653364194525,88.3257119127189,98.23054158685073,98.17953455745992,113.26621639499942,0
77.4815077573995,118.8902361530848,79.27483154235789,97.17613868937691,98.1458434704507,99.66589079902073,0
68.11837933376655,126.79221341251797,80.27585318935732,98.04117951694893,98.51059717588139,118.64413663859997,0
59.25662565414116,122.0074187866781,72.33700882701119,97.81473408506965,99.00364136469122,108.10051396725017,0
77.23474396968086,131.68945946983249,83.76445540746893,99.25876123976006,98.07495669313892,110.42139892635177,0
66.7304204830592,128.9479666322164,80.11033850468432,97.09843450469648,98.35617022409075,97.87327143310482,0
38.72653463127128,81.49874360361086,117.68221573707874,79.52147699700718,93.92182629150729,53.73450826923565,1
72.73205888787217,120.79871044558564,76.07839514849871,96.386098544521,98.72612385070823,99.32605746806207,0
70.55245407228874,126.84920463966586,71.47396196111991,97.93304110968475,98.39246518287132,96.0671586338619,0
76.67796319361604,103.33482626133552,80.36609725156232,96.05162149326785,98.49391045381978,97.67358563317855,0
62.48410012657225,124.80597422727223,83.23160081567913,95.43241488206624,99.36475766579898,101.94990292099496,0
68.95115881411614,116.38866280807362,77.38147858555237,99.97570510123008,98.49948765547009,97.02555245355768,0
72.1148866644945,131.0067874718923,75.98319783617153,97.71720678989068,99.27375333127262,99.16778420596971,0
79.23905379905014,104.63932271125984,77.99940169349435,99.09707530641263,98.82987719748303,94.45355891953992,0
74.16388734861476,122.41789927150697,82.94415975770974,97.29401483450108,97.75377543435252,93.9285329127274,0
76.40782527275599,121.67910926599308,76.9278823777608,97.51350738445451,98.59872965729315,82.11536050273185,0
79.11422492797799,113.40557871498028,75.72128710024246,96.70983258554854,98.8515255313331,116.2287598447121,0
63.13845043480859,115.83847412835695,82.30098840615021,98.56730562529226,98.51739677652004,92.00928943166112,0
68.69668840974907,109.79250820326875,70.48686881784279,99.99615231975493,98.91682404083173,91.50033383325699,0
67.8823251854695,115.25165759465155,76.96338477264543,98.82215643265717,98.50356102040483,96.65557108002177,0
82.48417918749335,121.85003147107275,75.24923734974064,96.98896286995426,98.83560923185676,96.90715706687051,0
67.69906607638318,123.364107308994,72.84405833382124,99.4571018262274,99.15090556152529,102.85486943199166,0
75.30031259414731,107.76944833124321,89.05777886596957,98.85134212217314,99.51140692638239,97.66156784865868,0
86.47006005347052,121.18823437579464,75.45966514620017,97.20152720320037,98.89290704797129,98.96992124231359,0
72.00316775313958,117.79313566258621,90.6766056198798,97.27961164119952,98.19174998379846,94.49906708143924,0
47.72324722109532,91.3622393413284,104.78807575166896,82.83329565151496,93.60712730384968,61.38261263724595,1
64.34217350076999,110.17508959305437,84.27218875570279,98.53259648761407,98.74775794440797,98.08595383715983,0
73.54530234433659,126.68688466045043,81.10094657102566,97.32406233519617,98.49040301073478,95.0739712889768,0
134.16165867309255,183.29642386847553,115.69465714829555,87.53425492838846,104.20510054941657,232.9702430728723,1
71.6279759438038,111.80352574334782,92.24293494087028,97.51719931131505,98.60985039542271,87.19012076262557,0
161.71533667285692,191.64739978771888,95.1054601286966,84.468355161701,103.29033998730227,230.02520169644072,1
73.98758058842138,121.72258530721486,93.84186802812971,98.11263668182563,98.62750470033791,95.87843444808183,0
72.52228240942902,124.84938322294202,77.87700916988929,95.68614050439312,98.87422334528686,85.90643143163479,0
71.76266907686006,121.67739262767299,70.00827516427687,98.16208569264677,98.95961661313484,105.5184758064251,0
72.58605659129299,117.93880969688377,90.7817481586465,97.54921550690653,98.18003458185218,81.01473589777427,0
38.50368396308042,72.34453447815946,114.21503155546722,80.83493088843119,92.12793122553252,37.333867071759094,1
78.48468435332774,120.16237184990162,78.03636880787091,98.31571942229652,98.96847561512982,82.30108664109422,0
69.28050954586192,107.71193471882503,76.0734103986838,99.11206068003315,98.63567507889542,90.98700292379687,0
75.99554551232677,127.48154624976004,79.79981396239451,99.53362284573292,98.53670794539563,113.24277763129672,0
78.63540254614385,121.6671991429774,76.50377967885463,99.79841497916482,98.87379720987876,110.84939774187481,0
67.25460370999468,116.87349867229776,71.22448984364419,98.6604889823457,98.363154351466,94.54431849706152,0
67.33577109092457,116.83116896043326,84.53989878902567,97.14569034958564,99.77344228246851,97.27694249009589,0
79.03874782551985,123.07005503644704,75.17086614552018,97.05137809879103,98.13418128875595,114.16583823344692,0
78.65819905173734,127.893804061615,82.74350238197451,99.30109669346562,98.93254570179039,108.7599038257929,0
66.54367527123156,123.62596343474016,77.96944821488299,98.32363247251298,98.92861552692328,92.83173392091885,0
72.95913835198441,125.48902491447448,79.97868531178062,98.46538407681918,98.28004773379466,80.0116246740078,0
79.41486972004164,125.78482322131367,76.61972816725597,97.41455497908004,98.37277535425216,87.72541286787705,0
64.80181482980815,120.39557453925889,72.60663201844851,98.36384043429261,98.5184849722333,96.83665806760169,0
70.153330590282,120.94894391490297,76.51769455106655,96.71580178908884,98.17984635706007,87.8593547692742,0
75.52114256280163,119.43357863636118,72.77240926127338,100.0,98.8444424381784,107.68991536344917,0
70.20194011195927,118.82106201579784,82.89530786347335,98.28930463587376,98.5102964834242,95.75086461391403,0
73.05864933166335,122.9176110213818,85.28713643557069,96.4514169663786,98.15815001036239,99.02928179851446,0
74.51411405619628,116.37351686367461,93.1619310233875,95.9250403191047,98.21460037579358,117.6315211464998,0
68.3152646099501,118.71728329753503,78.99480614066682,98.16025928664166,97.81833990386846,79.99312120246475,0
70.18691647810427,115.11845040458681,82.39340590325469,98.24552817205617,98.59168512644364,111.71129775509894,0
70.79788453323502,129.90388463977888,87.47365503634651,98.7043386011476,97.83777065881098,101.84758646853669,0
66.0684533570945,120.20433352754897,79.14094768098663,96.89533164389789,98.97295009665886,83.66562588601391,0
78.14118386511207,126.96985628059254,78.3348011213054,98.74299541093914,98.16291925470117,97.25567973027547,0
70.68808033538978,117.46250697982552,71.88839693353117,98.21359657456432,98.63265709376846,107.44842335204484,0
72.79156780063174,126.47973730399708,78.38009574649712,98.19267992984948,98.50076118014726,91.22278719678276,0
78.75260870648862,110.2022294668712,69.12225611506216,98.67125966607736,98.61057156248019,110.7035183536376,0
59.59534739976074,118.80729964228263,81.32240842475687,96.25403096752501,99.18359192673273,109.35349819274732,0
68.39745860556776,119.91391085484359,77.04889016847183,97.5112229550866,98.26835997915356,97.46381521053046,0
73.57240085452035,108.09560925244035,81.80953918180494,96.97356588936411,98.66342667818743,101.77974834187255,0
62.86087857129735,115.71856384313809,79.36400308008778,100.0,98.21010592723502,94.62170931546699,0
85.01961952848326,114.46988032229355,85.28365215387839,97.73216056743169,98.54504456023328,98.31783227896742,0
80.93918063161249,113.54467766197861,77.71650427653243,97.60590952101943,98.70657843024745,100.39981934230124,0
156.5393764107402,198.7414160302572,111.24032238395073,81.67599835341953,103.63408868558334,284.0378463810745,1
75.33738005640396,123.12575554858498,85.61101666646684,97.529010189736,99.5569193534679,106.46497965595994,0
69.52905978621806,128.1508821837469,80.68373251324232,99.12012940633105,99.09850511239947,103.00466822305859,0
72.53194554576862,122.58311506477617,76.40758007419441,97.560383846983,98.20678680531209,104.27636325552368,0
80.86518048633157,114.91280666582587,77.22703379783724,97.55277564032248,98.20374107596317,101.82258443582042,0
71.11798799022907,120.24062716318522,77.49004019909398,98.74033342255647,98.57042705389723,84.11249650271974,0
62.77449122130495,119.52787409011373,86.7066503477484,99.08158072836478,98.54404852775771,99.51646344762995,0
68.24593627502273,124.80800537708579,81.15824035805461,95.87662146160177,98.63352094384453,97.53237461139912,0
69.03020711779156,122.95627358214912,81.88855880056917,99.31160202972393,98.9879071112014,104.47821876498004,0
76.66444411658706,133.42081403898285,78.68579750268803,99.1349242815992,97.87427675144414,100.16526414134552,0
75.21774545710313,125.30023774771416,77.8899705164546,98.66118547481601,98.83969105226575,91.37861217546327,0
65.96389571100178,123.13175755948284,75.38824335469042,100.0,98.83926984119623,88.42555047634045,0
80.68383419635084,113.0914008444891,89.94442319377427,97.82908994652526,98.32500934943859,120.70458315354071,0
67.00827049503329,131.20068492774334,74.57413160832128,98.65386450464237,98.45539470915725,88.55785044863609,0
75.6270919581322,109.9638898263284,69.86711111700282,98.76429258142043,98.73999021425027,95.8297781742164,0
65.07989693642425,110.6191257304165,79.07694502781474,97.95435714666621,98.2192284609295,95.43528484049489,0
74.68123500481619,117.07551891240468,77.24131074083854,98.2167912776045,99.12500373758176,125.87830497760498,0
78.14437515486877,121.63130066070639,82.60607895594363,95.70064230376293,99.01721701073454,89.43361785294478,0
67.09080669946616,112.06605287195164,77.89258501416819,98.52189123413508,97.85906299875604,106.25622895349608,0
77.3711593201664,111.10333795235402,87.58058090177522,98.07462800981685,98.54289001873171,111.42522819504146,0
69.94272683065462,118.79953079728233,82.79677704857718,99.07085759791248,98.55702409806521,99.4605955706392,0
63.61729088932205,117.25901015850772,86.15322902089005,96.99789089536623,98.18344836459138,100.56871950285765,0
67.22665759235471,112.90085047311122,79.43209065884605,97.49437941408081,98.51660294759188,100.54504421773954,0
74.36802917893789,127.68054134124507,84.57433899048925,99.42150328523309,97.7899854741961,114.18396868514863,0
71.22107580159944,108.27871377682729,82.53457860068156,96.75169719813069,98.7464223661843,105.60454252949808,0
72.9483209395208,107.93156732392376,82.91855709911975,99.03256172036055,97.98000032860159,90.46699529565566,0
73.91791095551386,114.35805788258409,80.5666723195265,97.44951173973237,99.02445270277951,95.0990553993371,0
75.92985350533014,115.61035022659392,83.24790665823086,96.43589823652071,98.413698642769,80.45081510436877,0
67.95905625453679,114.29670798023517,86.36214191408298,97.31191787341969,98.71419446507521,105.99132101374893,0
75.03744593583556,120.11461969351906,78.99873086593612,98.52486499172512,98.13363199881721,113.06098712765741,0
70.87043198948216,118.8017444114252,76.56322782820854,98.13941515934641,98.75072602841631,101.87666675141938,0
84.36448754929192,119.59464575086164,81.81224940797263,98.79864820719115,98.30708703582792,119.97844773627145,0
74.55506195177898,107.31607463706563,76.42243616938626,97.75894578540604,98.40896001945053,104.39033834695303,0
81.47527689304435,117.58384706185143,85.26273655367375,97.19691541928094,99.12909713275191,99.97264443908887,0
63.31191659750254,129.20855803658074,75.72258652037209,97.9621071682053,98.97489006946664,104.40918827808359,0
69.15057806026485,130.26747789829284,82.36668337777483,98.26070616197127,98.28295086785153,97.5372558858246,0
71.6667138066203,122.6821773283123,78.79637848005474,98.06584849756592,98.2190406459478,88.23036794940676,0
75.34686183811117,122.84239285699657,72.93962196842185,97.45971447210432,97.932886615781,115.61940737186782,0
77.61407035888476,114.56887623783462,74.4527222227689,97.29419594488435,98.42862862609776,83.12258591875636,0
69.94084634701554,118.75755681358002,86.7305171193124,98.28966981213814,98.68985292634243,104.33972080346355,0
127.61430186205965,166.02970947364568,124.97384927780286,91.0,105.57163585461213,197.63584960875045,1
65.84548389815834,111.7828867158578,75.10292130892422,100.0,99.29766725445891,105.66444986779027,0
68.97492101395397,116.31411406804308,78.78635705344486,96.23173649049852,98.04918392422518,106.67853913287823,0
150.9138353917152,179.12602222081605,94.67113533644098,84.42006774060864,102.90083808245407,259.96808343575054,1
75.80196614864435,112.13114698797459,77.85408854886172,98.13035720265711,99.04832745953232,97.62008672693993,0
70.62120221654884,114.11654910145316,75.76800847111156,97.05039975593499,98.58406183088768,98.62491255569223,0
62.360537395567924,114.52186046216306,83.0424582433904,98.11088050289284,98.52192733083416,106.79583149385647,0
70.67092042228725,112.05054866669519,84.60526564023962,98.27892309716745,98.57354417918141,114.18485032603473,0
71.34234117644502,124.64481932948904,80.81713910193065,98.5558584593174,98.7378522018538,103.93580650335716,0
72.15126520524049,123.04648069802721,95.93287455905528,97.77633072580208,98.96036630471411,110.65418039151757,0
47.450603105887566,67.03093475451264,123.87138723834322,81.52046904607042,93.15804712185162,38.00361180680759,1
82.85583809839866,124.81743714517017,82.99086075167398,95.06622935277052,98.56622528545778,98.861721855376,0
73.03908555510709,118.94918134122335,80.84987269874635,97.70210465525646,98.6134599834142,92.23287909140589,0
67.29061012150656,131.95130866691457,72.61417791843809,98.40868476227541,98.59395456396561,86.26952455334956,0
141.1932088637625,163.42044475646375,101.10234556108927,85.89962089145854,103.83623308640038,283.71260509289067,1
67.84256881322456,130.0935968136682,80.88954195705827,99.55496272772577,98.6969032626481,91.87005340590063,0
69.3794145765707,103.99955928853535,78.95180003290419,99.12854577753119,98.25714611582617,69.7942407817022,0
79.90558521364775,110.58353230433978,73.42280867056368,97.8344210274324,99.04351066412289,106.87041091888639,0
74.32085112413522,115.37282461760753,83.16291399821098,97.09540878628692,98.32614808112898,104.29769621904977,0
60.19758177847709,118.49420339880658,83.28058100930136,97.23451877955792,99.15296745200285,96.25216206186768,0
78.27053084450853,98.68740422529787,92.90145949345387,99.21587356219898,98.91555785231378,87.78712994334522,0
83.21290704326312,112.43010633482498,75.01469836318368,98.29248418794229,98.47838356033867,109.07457902387628,0
80.86160655670965,120.63817702666508,79.5099951660833,98.22731379549232,98.72281100717174,116.54491929554905,0
69.69617236828589,122.95704481031008,82.95900595572508,99.26727364631839,97.90574764965798,87.12776819495905,0
73.92814329270163,118.98585006636479,76.12598910932235,100.0,98.42729380440265,107.96009970005858,0
64.6542105822638,125.05712889654686,81.22617923947118,99.04520758203225,99.16377979324086,98.17549997125731,0
73.19435817344082,110.61949550213245,81.35841792250015,97.56648817879646,98.19448250361211,96.13237211268348,0
76.46515182899962,113.92454276074193,78.84065746687105,98.82415236345564,98.12334058444051,114.53884488548135,0
71.5704044888516,125.97215714489235,81.98159841003931,96.84120693357539,98.65665525125425,106.40746380998654,0
79.3216973785063,112.38575927252433,86.38938260520986,97.15020499697705,98.9461613080009,94.3594795825382,0
70.95024145982755,118.93622832378773,83.88867523623927,98.91736664947784,98.40061436698366,105.19032741091517,0
58.68419776351479,117.4439317076125,76.32512449371367,97.8501892812542,98.17792562214753,96.15909081789201,0
76.11756114224708,114.08028826854121,81.46084414103663,97.11203706339838,97.50340422820905,98.99158652455425,0
74.35449580307261,122.67703320984775,73.43236100823003,98.07086499705514,98.37153199342512,82.80352859909648,0
84.44449601849985,127.83781444987366,85.30400035902974,98.15689874119852,98.40124038113896,99.3248599247171,0
70.68539682714682,113.03378228070534,78.93774148643472,99.99338350058241,98.39374638636787,92.59418459795097,0
82.06620488445864,106.66727714574175,72.4166872685704,98.04342340881641,98.58801814154938,102.11970935649984,0
80.25897870011723,127.59150371203648,81.53348471014918,97.69322731533637,98.27176588165841,98.80709694304261,0
75.55088480244827,115.23654166565167,85.50196446139364,98.68834703703801,98.71640385089897,92.27261197049977,0
72.89200474321267,131.7140931993609,71.88512518998218,98.35873614399662,99.075669113242,95.58680995599903,0
73.43642700321226,119.80830975717379,85.46268916804152,95.42985245141965,98.17058262259044,94.14558737400907,0
79.07578310438296,121.08727499439581,85.13530213436509,98.76645595984971,98.46490038691923,96.46540229713716,0
39.53973493994901,81.2937368376717,116.68965274848428,88.03627713967684,92.04725340403107,38.300088744464425,1
78.64909690042509,117.59755851209874,81.19368962645679,96.53529331838243,98.14253147938437,101.9418090559442,0
67.75398320628732,126.64169167530135,80.26186384363784,97.27408191400622,98.79662316776103,90.46475274163362,0
67.84254242843608,119.93108633944732,73.95282335520471,97.37190216492021,99.00613711450839,85.3712216319257,0
63.88397828493879,121.62466246549977,74.28528726808392,97.92948044727258,98.82883104840197,99.02289110134707,0
74.05053585466295,118.45270275524065,82.03844868418588,98.44123982217027,98.80330692858533,91.8139409559211,0
82.56712874920424,125.40993486980607,72.37192534977378,99.07884956650896,98.03492717319723,108.95235216663532,0
73.19208005728444,118.83229681511125,72.47925734526011,98.49941460793907,98.22128637450152,98.49513683849894,0
76.74375359497661,114.74489275096082,81.738367711225,96.8210038270431,98.41844656046037,99.80739243926635,0
66.7902436087418,117.3015473136135,77.00322147473501,97.4694196443528,98.49839177353172,109.33440408168548,0
68.12656756778763,119.6586404370982,84.51945700318001,96.53971409394119,98.49193595735512,93.15942359418608,0
74.85258409515974,118.8817605140589,80.45635949083787,98.30193063500302,98.99896837524973,114.71451302567998,0
70.75129885636476,123.69487544940911,76.28670417113811,96.83308219862856,98.81218074123565,115.53279187692493,0
68.35516627427816,118.4225396046906,83.60112008452704,97.72800002769186,99.22091316375068,86.36693743762393,0
77.3042723781663,109.27237206219235,88.00453995944457,98.96627873923467,98.3085884495114,106.40337110929671,0
70.83704316736318,119.98800092431655,85.55976680430204,98.62507679700407,98.73901019761068,96.0941768735143,0
65.71853410390837,112.20143049236839,85.94403120596579,98.95950805702333,99.36351050935109,91.4621361997196,0
68.7304854791463,114.36433373278643,76.41073392822982,97.05629456856992,98.61256698938661,91.59187198440218,0
78.2839062397287,134.34095780389197,78.42778104851185,98.03301587693485,98.4388227725562,92.50658699879959,0
80.7349339328806,107.8255639347904,83.31153448323984,97.83857210196719,99.02835291686858,92.76930154984069,0
95.11638894392833,117.06395673139015,86.7790266971575,99.9019131486625,98.62186244836508,82.77771439286806,0
48.4032778044113,70.11937404788823,115.16929011437115,86.44185556123679,93.8622857168016,29.865515706334392,1
59.0826564422851,117.54455256078911,76.13109710554671,95.84296327477665,98.67582394420346,92.48363728980713,0
65.64471886866629,118.69324726380589,81.07491408727275,98.79274017630577,98.50003260606418,111.38097094110448,0
80.52302572362638,121.4121705835723,84.58353236294509,96.92083818309551,98.32016692140107,109.54783096695002,0
70.59227658025551,120.26988618149022,74.58579735565829,98.02160554759169,98.97172463488303,83.87817649341324,0
71.21245819744617,112.04076981796759,82.77319354065904,98.80160515972636,99.18501215307657,75.79782528540295,0
75.41860368139322,119.7954851590221,82.51273123227091,97.22636015506187,98.31488884606895,106.90617522145618,0
76.02804045870279,115.34744231748556,77.88715790489391,99.29393352310571,97.84932386746485,98.33372891945605,0
153.068306643859,196.51058241839712,94.21170931443832,79.57705756991261,104.76332725911791,230.91383863292074,1
87.44015881949916,114.27622322376406,77.15324288209432,97.3322176057117,98.75526721337357,100.27154909222497,0
76.97839450727504,129.47417553334842,81.12894017042761,97.53092938205619,97.75227945292471,110.87318378658628,0
79.77637837068838,113.80000340140217,81.19283063071038,99.23048435635835,97.79914291006702,122.49326791978808,0
78.42090142989856,129.29716237770134,84.24822391353325,97.78234487886188,99.08214782231379,93.94331618241488,0
81.83978717622836,126.2885169784289,65.13346914353721,95.12422657237173,98.73845877758096,91.54309180235052,0
79.2716639123184,113.01333760561675,82.15071487157685,99.20843998913608,97.58736674859949,99.17749913346677,0
74.77973118070864,122.88367099343267,83.95336159345364,99.55137772100949,98.74828222684623,88.17937926123544,0
72.49197333848136,130.8863897390314,82.10383281259293,97.79822562370084,98.7445009133454,102.11504262338185,0
65.25214744897278,125.13483469454106,83.17863263220275,99.70976325166457,98.67785143116696,94.70369887298297,0
67.54517648581171,118.79828442252652,75.1583206837322,98.30100123391847,98.69183495879028,106.75212430413505,0
75.40861923077188,104.20946068233677,77.05331717707409,97.66883573414418,98.45544334377283,98.23245818065186,0
63.45625708529913,126.83501964038648,84.25491339253382,97.14888521316561,97.76321588198942,90.71813799236462,0
73.56168303949731,106.3387796098198,76.40339156595913,97.73579071500563,99.16283971566443,91.52265770173771,0
76.61303805581338,121.45944379402907,83.15950169578906,99.49260994746403,98.220352948688,97.25870802909992,0
61.52575540284209,114.25770077207272,77.63446293319738,97.79434808814662,98.19567453155307,103.687963079583,0
147.46005240459337,179.22676440798935,119.59776080390866,79.07040017124848,105.4178863255935,250.38529804884027,1
66.50207448555948,114.9490164236198,87.40091538440933,99.53884729046935,98.80914850676571,101.2405541783854,0
74.08536968282131,122.87268293750824,77.07024615643094,96.4058173202746,98.07732826774208,96.00189505446693,0
169.65154226937838,179.54897025155864,102.6735827891261,91.0,102.23742827588771,277.30028934617906,1
71.32123168490556,123.0516334080083,82.93400925367827,98.71042453409144,98.22415376748839,108.34817158667587,0
78.87618086485239,119.21707027139581,77.05829971346157,96.25828338013389,98.56922969768833,100.74435230509062,0
71.71146895601537,128.13801567731488,79.33304838944188,97.42960326040325,98.39706192160638,92.29045990527135,0
72.10567951160195,122.46163648481841,76.87613708611192,98.40043199385629,98.99556916685682,86.30223510740885,0
64.90044892400535,111.34704942778676,90.02211651837585,98.5508128351835,98.26323478366638,111.89919716047667,0
71.79644864443254,129.62917875012946,83.48094857913122,99.75531107063331,98.49647453180283,96.84789819594307,0
76.67361902107268,115.58407517936968,65.45669627759749,96.78823179251063,97.87815883624431,81.5578329613276,0
71.83617276294041,125.95786868866166,86.44565917718722,96.875344311667,98.8795615166007,83.94674718646282,0
79.13348022884786,130.28848981151248,78.59714146700723,95.68355514307251,98.27210745742445,98.10213254095187,0
77.00000347068185,123.32734447799244,85.55249932823692,99.16024813182962,98.36764834472908,88.01839049253113,0
61.842259114827684,123.1644748678177,84.80306616251742,97.04002748085595,99.07668812096067,116.51233971706858,0
61.00990651676384,118.72487591299453,80.24795913830793,100.0,99.00855907353615,101.02882676136772,0
71.27431110835332,111.05153159838373,85.51346023037189,96.68715972690727,98.33671110249992,111.26723636778634,0
67.71191593805742,120.61174000244085,80.46729245883176,98.89670777836871,98.24128990219714,108.03948141972549,0
78.72618400394683,132.58936060996683,79.60311929989844,98.86109798900668,98.6607276370975,97.31046932100557,0
69.94371290083939,124.66388770430466,82.67173606726892,97.9532505460973,97.97590320897851,112.36848707354142,0
65.07784631196085,121.23733472275185,84.35030108453742,97.7096170083492,98.12226433415229,97.2405227719599,0
72.43222116770247,114.71150781806236,81.30433087360989,98.29456851257517,97.69625164646732,101.50853436806833,0
66.4759584415238,107.44255220765626,75.77155344276738,97.51120020164907,98.30639800228434,85.00403903440632,0
59.2757990841896,122.06858184113237,80.47340694735365,97.81944970911427,98.86695777522313,105.1710637700941,0
74.84083139421136,121.47005815615812,82.44617006775017,97.61228313350843,98.80191254436602,100.46885859018391,0
60.13064850375114,123.81237202149538,80.96835009174085,97.9391140230933,97.95755164765275,100.37267609589348,0
79.67319487988036,121.34322681515154,83.41707336780016,97.95529124324041,98.41639069980226,103.75201574916467,0
71.59125944899228,123.96578690957159,81.74824878573737,96.65196574845497,98.19423135068656,113.9503314012069,0
78.82388725418838,116.60024878797466,74.21143538029365,98.02084148213777,98.91208898984057,96.12745945901048,0
37.91753122142903,81.23908283465666,107.31899302244406,77.83995773013412,92.9002872826042,38.46237117069823,1
76.4651142618902,115.94711046042066,86.86139456723288,97.87092001195315,98.65478923583946,89.14233676737896,0
74.7142307774984,126.5025240947255,82.95785509226549,98.43701762207341,98.16561890656858,93.9336543377739,0
74.27643238563066,117.59765901919302,85.76106831534334,98.33632180962168,98.87510669200448,106.06085182880332,0
74.9802849180674,118.48827635754837,88.3209602739195,98.11106747319563,97.98794762850267,121.98837038261284,0
73.20341518338566,126.74909118920385,73.76719016920286,98.313123417193,98.98503679313832,108.10227832302432,0
79.53242165675938,112.75077160768224,82.99297545722196,98.81585351007851,98.92270961428495,108.92102040446999,0
70.5438075130483,124.5101735007574,91.66517781055734,99.9799483682906,98.74341908555168,110.15826144734348,0
68.7225333104851,119.13804495253413,81.37019420324651,97.6584795849947,98.40180652756027,95.07067017553312,0
65.45874955920343,111.92405573458745,75.11122799478976,97.21864230438305,98.77602026427742,89.28843922596725,0
67.50385386346333,127.7349804126309,79.18543903311883,98.90316759199477,99.16288440859135,95.68067030658976,0
72.87038247575629,124.98737235103663,79.95564533855213,99.03479913052624,98.0797152797632,98.49099930277507,0
73.10309726852216,105.65339838668172,66.16337288698801,96.44123774686186,99.53552917661129,98.99265737069967,0
84.5983307349991,119.98341758707035,78.48825216834125,98.70349352271117,97.75979427350647,94.04510007510713,0
61.721192825454736,124.97987405625847,75.13586053708522,98.13775840517404,98.26504716626016,103.19500766415518,0
41.948188789795,55.36727799148693,139.82038371195836,90.95776169880808,93.05050489048628,46.45058936989527,1
69.82535435158121,116.58656605331527,83.81834074859498,98.92217345650708,98.24874597077094,104.92783973923527,0
79.20318995084324,123.72948246525837,90.28292910353798,97.0346038408183,98.16802708724126,90.21329957978031,0
73.38420543431211,122.5603199026504,86.8489055098119,99.17953826760774,98.67211390919609,98.41785189182292,0
72.49370393565255,116.00780152549474,76.42596370504265,99.29854132976908,98.91374685430822,98.27797835420739,0
81.67332376953254,107.37374661135253,79.33186135136614,99.2344569787647,98.5159345409776,84.68585017756769,0
83.22579105223069,113.86312040066495,75.36880443705725,98.41708049800864,98.29889700125715,93.41197173628224,0
66.73210447946063,114.58879203278107,68.75751732750172,97.48329089057012,98.45033056607862,109.15318300272152,0
88.88792666683531,118.4560384181288,79.15614030281046,97.24996182235688,98.6682302325908,102.97961556164456,0
73.60230159521555,117.32283321631496,74.63153576901269,97.37787251964362,99.43401187050426,86.40710948579836,0
73.76134759299977,117.32957409623135,84.3932742509019,98.17103949263715,98.24754347644888,98.92706056566121,0
77.23694610603381,126.96790633314632,77.89507065993412,98.52511294288581,98.89588899459497,96.95556929160679,0
83.40714411451805,122.31079653329661,74.10910156332862,98.23053366721133,98.44515309056807,102.4100313766236,0
73.11413148251243,119.10121213857674,80.17921647429024,97.89068374276395,98.39969823252372,94.29887583781861,0
68.40364412733587,126.20955843512401,72.95392100987743,99.59222507364878,98.43565712034541,95.21494619676079,0
71.8136464027746,119.33261236162322,74.77666734684378,97.8441909178181,98.51235713506654,88.90737522092716,0
62.506939419923235,121.29378923535158,85.19193018579816,99.39990344116956,98.05249818576158,110.37640014763186,0
142.83097692816727,173.14207146419037,125.4203459281719,91.0,103.63372972372353,238.9763269248139,1
72.3071874112865,106.87575555166727,76.15418840678925,96.43956653219497,98.36976581846187,100.98843508389507,0
82.77126813547393,129.37528612636,80.47034920595762,98.7969359256586,98.36345031064322,104.98264707195882,0
63.562095217968995,134.40467823968433,68.28760831167327,97.95337523478533,98.013863846622,101.85669559044487,0
78.06877821245014,128.247769932836,92.1993723349275,97.00855771560384,98.66361450589268,101.91061817281303,0
76.95628302864904,113.47340129772608,78.74110663036811,99.141896536968,98.18817416310912,92.0763073581935,0
69.85782479516034,119.93234905080656,72.14762477316015,95.91315147068406,99.41163594397962,112.46596314288654,0
68.32326785709368,106.22872455041804,73.1766183704973,98.82777521437191,98.38447585644114,96.86631368714926,0
71.25760391940146,131.3111074308562,81.97322041678333,97.52946086047058,98.82545373017724,97.23119575473916,0
65.0738239906021,130.27495311498117,83.74969196472419,97.63621547039013,99.0136906696019,101.59271972167008,0
74.02561597245122,113.91499109107949,77.7115771916046,97.3846861179263,98.56130023786785,97.81419795912075,0
70.05101169894826,125.97241081536089,80.61245462687228,98.28235266397965,98.3334080292146,112.15774756407974,0
77.36954626166664,114.10724857692293,77.36173111910831,99.14752061663225,98.76884724596178,82.40297401349537,0
73.93249386460191,124.58663539959632,85.45236084528497,99.65632250780355,99.05296924399555,95.3624230520048,0
60.843979370039655,124.79933561952939,84.97207210045119,97.46524919540909,98.60779760931074,98.33849439700634,0
74.06170973741077,108.6830063753639,86.64897182602537,98.14701083361287,98.91729028712403,101.16232717292567,0
61.75585225444232,119.45753990074908,78.76041987128495,97.2584287411065,98.64520828411952,92.42591344020587,0
68.86366187688576,118.53932140145673,84.67327353668311,99.17289427863147,98.92707452522181,118.20886591559406,0
70.38666785667101,116.73268831633992,83.43387035251678,97.90615438377664,98.56985910349617,105.6681693206206,0
76.56507992586887,129.6823616073054,79.99242748525977,99.31254919434022,98.60228851243964,112.23920201616917,0
77.2570150031474,128.03663606478204,73.22456967112497,99.47373757807617,98.56343185521234,93.75904949611053,0
74.69684347699385,123.95352374135354,80.58758809579048,96.2393635566625,98.74314176044186,87.77266745862255,0
68.33089318204831,106.00777765197125,79.0096318492532,98.56605745883206,98.00717068980703,107.7779475172141,0
61.4354234450651,130.50192226300692,87.27269230443879,97.73899651064832,98.76012243726193,98.18244189219807,0
69.0247309679391,107.29045716884828,78.85924325355883,98.98495010300586,98.95085384775113,92.04155040476532,0
78.21149600834252,119.59434620766098,75.16123830226451,98.73556689830257,98.51210250079127,95.65926178240593,0
75.06899745217117,120.29327144807993,76.58309481739936,97.8028920120626,97.95793182302339,110.55872141356059,0
73.71519234434943,122.05476270978048,78.61832352477892,98.10073580812134,98.47210391429299,103.97433973855752,0
66.14476048213601,121.17299074060693,75.5507761452943,99.64919132333446,98.3845894185726,103.59692104317047,0
65.62563883111872,115.76565265250278,78.09381356363563,97.35727840611729,98.27456029825647,82.95084919271034,0
67.78768143673588,126.65914371009639,72.16520314416323,97.90196892872021,98.61342063872729,114.85400523570422,0
38.865296822244645,75.24796615724726,101.31197932395952,78.63410306313517,91.1317461686545,43.13122451472814,1
77.13333395412427,112.20693616119758,79.61389144200787,97.78094141197539,99.02755571021767,99.12598290308821,0
71.85868709475457,123.506421303601,92.13089001920888,98.99938094639279,98.51952553193962,105.35215147609695,0
69.12304219560454,124.63584087511734,80.61509336763378,96.70819254633288,99.11620439905118,90.59932544608148,0
68.68885112464532,125.21752506854513,77.44658030902174,97.27000332841992,98.8909960816627,117.00774787540927,0
95.55742623861796,116.49817288389328,81.14093644480478,99.0553655467507,98.8063624921256,102.51963604128066,0
73.10844347337435,122.26825509894573,84.87918445811908,98.04108086409475,98.90778292432115,87.90888711011449,0
67.33017164758613,107.77173016058111,82.7386948936878,97.3762839650836,98.66137095215414,101.62399906519589,0
174.1383638355309,207.2981621050565,105.97143252333929,87.1440457005413,104.20211413917676,246.8039311277354,1
86.18323496771616,113.44243335528432,80.03836596660753,98.20518489073618,98.89772585694507,96.39778228693964,0
83.85864350709292,133.0975213761568,77.28008293313658,97.11426439936625,98.57147284379407,98.86725246721845,0
73.52243796896744,113.3433263183387,75.20322519675939,98.43304637860395,98.59555896375086,113.57184246974272,0
73.43021389640872,120.5297147842937,86.05083047682659,97.64531964006925,99.17501870037306,94.8820398634802,0
143.97973768141327,192.7565725806122,118.48051522143244,87.27858610535799,102.25409764989078,283.0109238345371,1
72.81203008735375,129.3005248808125,75.24445976628768,99.35421092524508,98.54510992937658,91.7839832735952,0
70.71925932389738,125.92282928507154,80.6471083840765,99.48615132514334,98.49834967072395,93.71699455833496,0
70.85590559541993,120.6091153627467,80.49507224743628,97.64160551697198,98.32027245069733,103.44638939471542,0
71.10618414139621,136.93144445519425,81.621829871219,97.77111983684206,98.79980031878756,82.99243063465414,0
65.09307758068279,130.60789670743748,81.90168325157941,97.90210759482787,97.88948041537368,110.67566120657956,0
79.70290115912137,116.35558575406391,80.37203335963073,100.0,98.82062941552792,96.83920250596218,0
69.1355357628432,122.0585742715525,76.26448623166466,95.92284034069917,98.67711363108971,92.62277412243157,0
63.311493951016054,114.82160185218923,83.35635068352677,96.87103673486683,98.71863353486032,91.87975125446172,0
77.6446271279293,124.13795282546752,79.32332883038445,98.00981374039641,98.99272877777544,91.10423515044977,0
55.77365021038335,110.05055038277017,95.48294448071275,97.88640307236525,98.3962244223119,104.87009259173539,0
71.2695149497003,112.78282307396886,72.40792150585659,96.08413097369156,98.58601572153864,98.92495779541949,0
150.7974216222057,166.97939384727815,105.77780875701897,80.25435183548997,104.41861760538974,285.4874560241708,1
63.12848252532095,119.12579180254953,84.18495577316837,98.26769625435867,98.26546460013414,92.80186449006729,0
75.3336267960207,119.84700276790514,91.34495805829727,99.50954686261264,98.33494264246879,82.62671937435807,0
76.93141502625134,113.26144291656716,70.6664970659803,97.75748355047398,99.1295042152049,104.13859199677786,0
70.33912020066647,115.89019310565897,89.05261239210496,97.92506242827628,98.37862750160991,98.19561464649301,0
73.68605550169084,121.69449469201577,88.70691827643353,99.08653055789883,98.71026543269409,99.15824674658877,0
61.313049513206195,119.91583179760768,76.25995256699733,97.48558323834347,97.53079854244636,87.41853271818009,0
81.43811835128913,120.88521453342483,67.23729923989625,97.04995811973419,99.13535196150558,98.68326217544681,0
41.6999188051318,92.43364089527016,120.25798336986433,89.62644887149277,92.61633405968594,44.74047016896536,1
79.59424704518821,114.6376835831972,87.27700668863096,97.09758527925588,98.08965871812747,116.4478164621639,0
72.41137784883617,119.65083892110317,78.45144594096713,96.20934900704329,98.5180858969577,101.1645197770735,0
70.41205900057227,112.33310636810037,78.00114744278471,97.68472181254785,99.14293659828651,97.24054223906694,0
73.72397342641806,118.74266195016057,80.81111608449416,98.96136035981881,98.4794941261703,123.68045592155443,0
77.10047599450532,113.72390121546965,88.78188993813995,96.27319679729324,98.92612675408316,108.18286758761509,0
57.678420778825966,111.88977715438361,81.80008232619113,96.69122169551405,99.22414672700195,82.260250703559,0
74.20488999284582,116.65512104507346,78.20434185945562,98.03796372821064,98.23090057457425,90.44018083888754,0
68.70765055355423,110.31661456119873,78.87660049185065,97.45434460563742,98.40533487707052,102.32013088408029,0
62.677447403903614,112.09105099947008,78.49715304707375,97.17252324873817,98.66996938697677,91.27659714699703,0
64.32581558268129,117.81826879964336,77.71091515204907,98.48689481116196,98.78961678262466,98.70105389048791,0
75.01069641700526,128.14842106810156,80.10856509242421,97.22054379874777,98.07069705729258,100.55154557341586,0
74.4806094193422,136.6719947221278,84.1128646060024,97.32443147140879,99.36690381380163,118.46603072081052,0
76.18741963523416,119.64439447966326,79.9887689912144,96.66775541323655,98.64171452889288,104.22928608511285,0
72.66553553825919,128.83063476774862,80.90435555741216,99.30661706929504,98.63867628115472,86.77728521408824,0
73.18850856460713,108.61096555393276,82.77871089021446,98.44637424475853,99.54188455909762,107.69206347497548,0
38.153429495726975,74.99664636843445,119.23618422491846,77.29476742707405,93.61166950809859,35.14624237864949,1
66.10617851773611,116.79947022476563,90.53470091131592,98.61965669176315,98.00269882758735,100.09390608018599,0
72.83932339703476,111.53798794765495,75.03670492274209,98.12477857967741,97.75907784346202,103.28985278904597,0
74.04691184889987,120.13566866388618,81.65519451408606,97.35684958987734,98.71339064160759,83.15775202469844,0
62.62085514782006,120.88120571403661,81.13152103872567,98.76705021849271,98.77923928534041,65.04954777511395,0
63.71939125071065,115.19299259897693,87.48440136925429,97.72888485163809,99.20811119555313,108.26128633822952,0
66.61647377108501,104.66122304184303,86.16164302607332,98.7244281762354,98.23824195081815,96.2978596939209,0
67.75864459207591,126.24304115512524,81.13531526572075,98.37763957178664,99.0155025158458,96.2339525605847,0
75.39305787378926,122.38851089744423,75.74717305248284,97.3931746582136,98.03488456888348,97.2412604418346,0
73.46979942665234,120.5798279936267,83.91577828006588,98.76394536371546,98.99665855130432,109.37206270581686,0
74.70735191591105,106.54059759556364,70.66775923618262,99.02601412570729,99.34160952017544,105.97948613992739,0
64.93822732338019,128.80329178803655,77.93919427475893,96.26867542112369,98.30082655124882,90.71814370621895,0
70.44574712507578,111.12304236517281,77.06652705619064,99.30112985217858,98.17000417314783,106.54979793913839,0
78.71744946860746,130.34650328849511,79.96468547724585,98.27524868756836,98.02058762318651,113.71952050679157,0
74.08549023217003,121.52461637824108,78.82710485190407,98.55496716499862,98.31588718513956,100.98715052321003,0
64.96659747938016,128.7000379400082,83.95308859419988,98.21486470946387,98.72709068048383,105.08447103797776,0
69.28616208450553,115.32299866170564,79.61038632160742,99.21163962564917,98.16517299482602,100.77784341977114,0
74.78621918127945,120.86400427192554,84.07267729847662,97.61086490402343,98.66680719124678,104.94001667303017,0
66.92210413520559,119.78449448310609,75.64204764465786,98.53648772712133,98.47566434068999,83.1405079893075,0
78.60575780999143,120.1371973160434,76.49375227797962,97.22126048463085,99.17429602437394,99.46737440006314,0
64.8247016277889,126.07031188979417,80.32892344737375,98.9987265700831,98.981437980265,107.6074476163536,0
70.88827404673376,115.8217365068762,75.22780686854519,98.50023835069824,98.70037727729466,101.824993111127,0
67.69248665551439,113.63217148114165,73.14578977585496,97.39156295860886,98.62506245797431,98.23390489836949,0
66.56560619482428,122.78177916421464,73.88127576671866,98.51155552852201,98.72147703756848,110.56258453447951,0
44.33135629886619,84.0230842611796,89.95024686289676,78.43454986185098,93.72633607423937,54.47021589187281,1
66.24732926287935,117.61234947500874,76.57222714258248,98.3836550238668,98.75327846048336,93.01789917662971,0
69.38168465684059,126.70595759036013,79.69111968864719,97.75560016446249,99.01422602711096,93.84018656915148,0
73.93018683717608,127.64263737352252,80.6774568615838,96.71353050643059,98.55223073570566,95.54170519024464,0
81.09836433152144,114.07451537991764,82.2651982828603,98.31977804112682,99.03096659954086,94.33334394591037,0
79.86115144848539,116.79243879520449,66.97211622155734,98.8854705829401,99.09531328434225,104.0680618763089,0
68.55802795871858,128.76778511720462,83.02702252381373,96.86498790181393,98.65805947846813,98.28617325726326,0
82.9232634476509,116.26583287956869,77.2961832251139,97.50102125694411,98.54768571259902,99.00274652314235,0
71.13057252551141,128.3552822862081,80.46210573669619,99.58944693610471,98.79546461490419,100.55885637692055,0
69.07678247283043,118.25718441303528,83.21358576315743,96.78445678794894,99.07543967221376,94.12557556575979,0
42.02431127466796,79.37012196009975,112.6804543366387,85.26701832608133,93.33724146150321,53.550364441261124,1
74.92536178252031,113.65941950640197,79.81776339870981,100.0,97.6305010726888,111.49940830609086,0
74.20589575794853,112.17450674374282,74.48120718698841,98.01133237836774,98.21801438574279,99.7005655294225,0
121.2976661966284,183.91156902115588,116.91979495974884,87.87707181746937,103.32061519368295,242.6833547321906,1
63.4191517322362,119.7456857437036,70.701684797251,97.05601498465211,98.87760803482429,107.23160112654952,0
75.31131583093293,122.82309722916777,72.43360265421114,97.92767099869769,99.24419389412928,107.11414969204638,0
45.70336957167862,68.45752962284517,94.7350117483539,85.32557002690706,91.39840748547503,44.232634591408974,1
80.70556528967526,115.41661157063236,81.59418701690213,96.82165387519315,98.28548103785005,109.65899264493581,0
78.87864522240437,126.9875235918021,80.12239834925956,97.29015734055528,99.04015672962218,101.95365575648607,0
65.23502340628177,132.3408575677618,82.26637021066588,96.03395158703208,98.97810403115766,102.84746560553744,0
62.1718256553839,132.6534156396948,77.40162760898183,97.14141377437001,98.87673672160354,95.46243882388491,0
76.09241694037578,120.71206245930239,81.45641832845128,99.63610511059632,98.92715278668298,108.26834717872907,0
73.1522946989402,114.27814305909962,89.50324520861044,96.20372343322246,98.61248583586782,86.07067362411382,0
143.09520348580128,196.40855685539822,113.92014197971639,83.30355818885249,102.68160974527301,250.99282220232914,1
75.28991776532699,129.0190353575237,79.69316979950044,97.85477135416107,98.87631293059225,106.18351929807918,0
72.57206519664786,119.42185197254096,81.49599883044448,99.11643074878221,99.20485045695065,107.0690228062692,0
63.370332130095804,119.77406174128167,79.67898102523644,97.68334223526335,98.68199565892355,103.161044531064,0
77.31714713150878,124.46730899194002,84.12926334913854,97.11074783752908,98.82989877165019,110.98969995819138,0
70.61685224891849,125.31650026261286,87.97460104043007,98.4065421382667,98.77958702222809,107.92739689327578,0
70.44722362399739,126.98085897361211,73.46450827800433,97.86221413880772,99.04543990047459,101.91765633102492,0
70.424042878103,107.7866772867629,81.74873907623991,98.01006700852258,98.67844371685273,100.10943114783474,0
68.49840404192398,130.53543427025832,86.1035759774772,97.34990624469134,98.16609647939582,100.01747460274184,0
69.95640775854083,125.41815941849737,88.38982918484348,97.63853567083653,99.66452746070313,94.8118971782512,0
78.02119738735215,131.65746342336473,70.37011090777449,98.29091340159233,98.42928541163063,97.17387609991361,0
68.85546961239244,114.0255316395706,78.23173722559224,97.33156696935123,98.86047590783015,106.38866696028849,0
74.23263283564118,122.20111213612397,79.60075423256102,97.06182014877876,99.60545738728355,94.8823604326635,0
65.74453383197654,120.64839311564246,75.47852406674205,98.13054229242836,98.43410884746146,98.48822326647634,0
75.5169948023567,122.77139954670632,78.78855950910805,99.10317393879365,98.15723317879389,113.04972440849761,0
68.89626929939777,120.23731906577636,87.7242073120913,99.82897475625435,98.81663317279975,105.66786390588204,0
72.26286883187466,119.23683606025575,79.7989763273181,98.09417646917365,97.96101831266834,89.20627487359346,0
75.6127099223549,124.25563296904028,85.36559013399688,97.90283289362749,99.08613038819058,92.90808727486278,0
61.61279217933045,117.17089988364488,82.53193373616448,96.83966314389986,98.69049051256984,89.59514901754167,0
75.34883708711104,113.63223692481267,82.29787744155533,96.64845254573576,98.69110156850353,104.30309564506618,0
64.00122987133317,119.1953434795571,85.745073480262,98.33521834621737,98.62099122286817,108.75228629163064,0
77.5764599087449,110.43720143346421,82.26248228051341,97.82462031567901,98.104131824259,85.86168708289651,0
71.17802706334525,120.06200392568226,85.79333511670652,98.91046110245185,99.13107914517266,99.34319527193011,0
72.75345872082926,109.74028299860534,75.15935701073836,96.72338179975534,98.75850862543443,111.68232599019461,0
80.12323424499247,141.79037140730688,79.81218245316904,97.55862249670537,98.45911307244101,104.8448423912974,0
69.50283357068848,121.43818980925413,79.2984188597642,99.051121747758,99.23724248860117,110.91567539224489,0
63.80629557485911,121.49918258792225,81.18271096807432,97.27465995918524,98.66790257181474,112.81605441495942,0
75.73626734340161,133.60470216785538,85.32981859865913,96.90337495585268,98.51719041572558,102.79384493400606,0
79.20248344766655,123.27565295492296,81.44075020770127,99.68574419197397,98.86806690485218,93.11771738361071,0
78.83927136677427,117.68053390638505,77.3307767809254,98.5374620867252,97.74856391646922,116.1239062215756,0
76.56248793686578,120.10977565530138,85.59169068396564,97.50983268462343,99.71329405689893,97.58698978298689,0
73.60435388443142,120.26279289040775,86.2365182533234,98.683861113932,98.46553999891289,104.41944383808378,0
71.80631633370318,117.29798197045392,78.00464730378454,96.43607073509935,98.10544714863741,100.97428796195511,0
80.8673642684491,130.29724283571971,75.78350844357524,98.76418761613556,98.5606218743293,84.58642344988522,0
73.5937019590352,123.13654838709024,81.75980537104027,97.38460767424512,98.42821440418895,92.06526930901398,0
74.9981106618176,133.67175038790802,82.61222605463347,99.02700441178766,98.53068854068262,98.19109545073916,0
63.911717328358996,118.80120586622546,86.61308920630387,97.60660756204426,98.12015161934372,87.86970171041953,0
70.03982272088182,122.14443273752416,79.64146826857515,98.42825439751687,98.47993775991088,111.91143372748036,0
68.41493883185015,115.56709106702809,76.86474577276324,96.30057048039248,98.82723496824467,108.41856629396482,0
77.82942570572614,108.80423666463982,84.45938817285138,98.5512559223347,99.32251291855303,101.39013181058975,0
70.09589704654479,118.92717612620486,78.16488790684187,99.60039729888929,98.0923113878587,100.04098437450524,0
71.35618713597462,127.45763390581722,83.39274827310525,97.09036782725529,98.75818777601823,101.5303175278115,0
70.68680248958624,115.72299213137259,79.53700302365803,100.0,98.48774500827462,106.74700415202238,0
74.56990015425143,118.10740020604946,82.61863882706926,96.61540337527265,97.87380723467227,102.01325967621614,0
81.89688536594352,115.40075334087874,86.47574272097671,97.99339608951664,98.71590685774261,110.62627497387989,0
70.31203465729072,115.7176825234679,84.66447677596905,97.45791644495212,98.97686972143754,98.77346327745326,0
71.0062115380942,134.69585264351755,72.52401206348422,97.91027442367222,98.34512211309617,101.5402893073247,0
70.71606693464695,119.57973720818005,89.9283820550742,97.41643945210393,98.74241298685085,89.89670212403466,0
77.55706528518985,127.20138293996436,78.7700233082215,98.14328667188202,98.4900670487771,100.20708683685403,0
79.84285652569457,123.470635147193,80.38792694743195,97.10112618912267,98.75438269450345,107.27113763338743,0
78.23942812437646,124.36161143522367,77.60323028671958,98.506636454909,98.7350294933756,90.97380208628766,0
73.99564506194518,122.64084281539559,79.06925890517175,98.82284207321636,98.58820875399122,117.56929058199408,0
70.66078647219116,112.99079742061423,80.55990966310628,98.54887851552033,98.95254459464245,89.6056903709933,0
75.58440041909915,115.60299382581576,77.36149294039697,97.25192819567833,98.51135864392694,106.42931332422644,0
73.28827909902316,117.17634177821922,83.92996406351565,97.61023786388357,98.09245096295768,114.20999164216819,0
67.4870615664565,110.04439245345655,79.10646557718252,98.58472534703594,98.91505174358197,98.47789048994395,0
65.93641068042652,109.78869125228515,75.53209516010995,98.82408658054426,98.96958973366704,102.95845055223816,0
72.5195387248374,135.93077799353347,77.5768571769996,99.19594190743531,98.38024664642002,95.41367602698271,0
35.8981317346189,83.16724706819909,110.34017848950604,76.1079998665156,94.40592790347306,32.48735848870679,1
64.56444963087917,118.42316150256052,78.08452539420104,98.74300969405007,98.59983632564068,86.36136850332862,0
71.72648390186701,116.55630166591362,71.33752702516337,98.11108835130483,98.46981826843799,107.85047022912812,0
60.740683763748756,120.97756171951127,79.99760640965748,97.81805456165758,99.604453019076,109.01517998238167,0
71.6035212081161,122.74843880955677,86.34806631299921,96.71164858079595,98.31193483852806,103.6661224429402,0
72.11309773766908,116.73398150158056,81.22448650856364,98.43199656336961,98.96055068657157,99.98692465744911,0
76.01192882854744,118.2686172908239,82.40983913526446,98.64373400119212,98.92986382513969,100.2149690568995,0
69.89490341954115,118.63855960594657,70.78123520603685,97.82940733520994,99.46320760434287,95.93269309478592,0
72.94656863576262,130.76285923324042,82.28249017625323,98.9957835101575,98.53270311858779,103.50261047967048,0
68.12421492525279,136.0433788677308,81.45043949817716,96.66417315484948,98.2253920616778,104.83290496429024,0
64.2295273676183,125.86481374660636,73.8881769250638,96.86456769096944,99.05156263835089,87.66163413745805,0
41.06237648549825,71.7171014420132,96.30141119090709,77.423406981773,94.47360311016287,49.62361425875241,1
82.8056425974649,124.84133002584971,80.58330875584751,99.98522653567136,98.68305095920635,105.64650721503557,0
69.91618626625294,110.55245230845901,84.17027725924684,98.57929864507963,98.84565907761508,109.90505424422525,0
64.12668483941157,112.58839896226526,81.396200506105,98.72048610825429,99.13402074671765,94.7455700856581,0
73.94615569032962,127.13246268062929,81.2130140652747,97.51488998069594,99.07710760065883,91.36992861997008,0
73.93911289474923,126.46084295598301,88.91557259996253,97.79513936572862,98.8516330476965,100.87961558617943,0
74.95211308795679,129.09991160583493,81.37698117071605,97.10150951322716,98.96343643807502,87.63106812429287,0
67.71389149184179,122.06480018996174,82.41266854910593,98.25318369569929,98.72023476985565,88.37182997339002,0
71.72753269240657,106.79709907234282,66.00017848703207,97.4832324324537,98.30701844961146,124.38399345170654,0
161.1183791266898,185.50105802312504,113.03996912127941,80.54201646048051,102.36372981053124,253.00067444353343,1
70.82190090549012,118.8221860585872,76.24416390188061,97.47022174796928,98.5990626387402,116.7818537889891,0
77.1271513623997,132.73840251118818,68.3728992293016,98.4156633725386,99.31698032925543,99.31899425657821,0
60.94861336225286,115.05331627148801,86.36455108623711,98.72061054867893,98.2803455196574,89.52828584683728,0
73.6859512064102,121.59247113012438,77.59892782933801,97.3320583295405,98.45023982080043,102.97001294264729,0
68.66880283984081,129.04442234028565,81.62172855597461,95.61688781891408,98.71634847625762,103.14513743802696,0
70.22946051457257,123.61300827710465,79.43001723580187,95.24547837160162,98.65671062431979,103.3107589099049,0
81.59122867257804,124.52833166279596,77.06857475223924,98.8876229633804,99.02578248325625,99.11949874685058,0
64.82823741840453,124.51282862298963,81.33568148230866,98.81660357035771,98.53952104572114,92.37749966676697,0
170.40935839660503,207.78489631622875,113.07400660233574,80.01859599807271,103.69866625270397,269.97274133061364,1
57.07314806078952,127.41965118833663,80.61728778084571,98.52733007948068,98.99032586144101,105.28874385522653,0
75.90120706775197,128.56764127202203,76.92527948741979,98.48292994517759,98.56920253434465,102.24179484853792,0
70.82765789293785,131.12666125272705,82.0866465083022,98.95416451419092,98.14469514601676,106.73421407091914,0
133.36931493795169,193.16385275062612,120.82540595973842,83.14556869108023,103.57903644461383,271.30034860863725,1
75.0834470979535,117.57259896263301,76.61494411604828,99.10308327829337,97.9025221971771,112.16051725228441,0
159.43882320976337,193.23533130682873,113.98989176947252,82.74864387497647,104.99903160548199,281.1696709771476,1
73.11105322097949,114.16481201923516,83.78528000909708,97.66017883169171,98.7618990021262,114.93571162557879,0
132.92483513027923,195.20825806728624,122.6676050820779,90.06387930851785,102.49786162191015,227.84795820898975,1
151.17500992323855,203.81984067390033,126.8078788948184,85.60981043566973,103.27333779700389,253.91346748969883,1
65.04981186484474,114.9322468867255,94.5705460788418,98.88695260747318,97.43538003227174,90.6239222035269,0
78.73114713738282,115.17621741594746,84.44223465179277,98.45467274094258,98.19866981701838,96.50092169525789,0
66.67991446629925,117.429340994405,78.31486812659311,97.96781404905572,98.90218468554838,106.7449919843457,0
80.77317563230582,117.5084555803912,89.27559286517673,95.97800647725194,98.51066625222636,89.30791074930569,0
137.3628317584465,160.44738360909864,105.82633802432197,83.51780889420316,104.56070886631652,283.197986442908,1
74.55274537070979,127.16139588676567,81.11997484450524,97.47721878343383,98.61986454228328,93.62432074677125,0
69.04126306560137,109.77649370407059,87.41945076883881,97.89141352317206,99.19070149193956,97.09884635000591,0
73.54319382213556,131.01902750222686,86.5008826340657,98.29066649311305,98.7209082051818,119.79804603169457,0
65.3305185029187,121.84628909375803,80.73005304887863,98.84880545773144,98.61903176686111,84.91657938119303,0
75.84287877120494,125.56446179712891,81.83680174573743,98.03627929263834,99.42930268267315,92.57012097327912,0
84.40743802898132,113.374564428081,78.4718397260716,97.71264112585037,98.26821290616788,100.85825840013008,0
76.96937814110774,114.0417366228676,87.63990786819755,97.88702952405093,98.03472886325368,101.87842407271167,0
74.28695030929667,127.17942479710808,75.56680415397702,99.0678566772944,98.6061550258005,96.38186011915475,0
73.10808183518945,121.20028522313274,82.50056414810433,97.4651456772133,98.90244607047006,90.7940905553041,0
70.48459109164104,119.46889984520483,82.68403734612451,97.94755230035088,98.13108700123881,86.79206596380502,0
65.80826854743339,126.34002320348156,85.3781339700883,97.97187567605816,98.40544329248365,96.58896472083295,0
71.60549843356208,119.22996150909265,74.25129272316053,98.415379622506,98.40870695685662,99.39593867783864,0
41.60843158285282,75.9130085948728,118.47337196816565,73.84862424326332,92.49989189197127,40.43727590052812,1
71.76415627423421,115.61858787620778,75.43660619652067,96.99565973770041,98.16866208302558,94.04947293709101,0
69.15032813303426,104.75252076187999,75.99888632300048,97.68604781308414,98.55584003836037,98.88887285927284,0
69.62262193138945,126.62603902501371,84.8766786744438,99.42189308870434,98.90412772630377,102.26375202840067,0
81.67366954793187,106.12624859982901,81.74807665514193,95.0,98.52258170033296,89.51353853905943,0
44.29249238121466,82.91683634205876,105.75774806142594,81.78140398534977,93.2795391689428,42.1443343821894,1
71.29940450522852,127.36547809169942,76.94242098980823,100.0,98.17151271079571,111.672470934457,0
67.79927511036496,115.69822851416234,71.96179344738401,96.19922929807737,98.42087399845128,93.51553864583751,0
58.57061260005017,118.42154603665755,86.29443102871411,98.39337834446971,98.77338546967741,103.36280830757356,0
69.3597330798181,121.02854708870682,76.57593945130552,97.01034071248873,99.1128433565706,82.34478711084198,0
78.54904111153478,125.06895591520149,78.44266402550399,97.82079734568086,98.98112751088938,86.68780011492869,0
75.08437531454865,130.79964741638778,84.32936294292172,97.80247066253084,99.09511860152463,86.42716180288443,0
82.39508999691056,130.8587168649941,75.74191379906645,99.59121529088229,97.96644176356486,107.88364800777356,0
66.23972222832322,114.24000868937097,89.61112280134726,97.50286597613007,98.80300514883292,112.35055735507584,0
68.16622951386299,129.7368065060098,79.3311031373938,98.70049706315817,98.65050234908557,112.20570292345089,0
40.01559927561106,67.79575317365256,110.56328139485205,91.0,93.13739870675288,42.119137461965,1
84.31783214700998,123.26511217788183,88.07391627123664,98.66025870670654,99.11910952551646,118.88060241245824,0
77.35240559839032,125.03719648337425,79.68451223522827,95.71491550533065,98.7410998434502,106.9151585586533,0
70.61358313525392,122.91811143813028,83.03118596748145,97.17665046163737,99.0958150980937,87.60828116886182,0
70.08091486047094,104.4768624444886,81.18937578174433,98.29203572173091,97.71189747406414,98.15093382983012,0
66.52313448422092,126.37661082687633,68.90005456221812,97.24776546347256,99.06908847192923,109.9182671433812,0
68.74395720159588,115.07402720467996,82.4460591233215,97.17577756063255,98.10850929582176,92.87571410063403,0
73.67981175791893,118.77293829067192,81.92606326129678,97.14152410882735,98.46598484319266,92.04244922938591,0
64.20251257843441,131.2554054278341,75.97819249118692,99.41209637467759,98.66912491190851,100.48017817158077,0
68.24210834290196,105.90155708033566,80.52537985604147,97.72588852461928,98.56651605714438,91.89658713690726,0
75.36551668764743,119.53485717283381,82.80786735285552,99.17390093157421,98.65402228191347,91.0693144349503,0
87.53738185211168,127.0462457872284,76.84568244658296,99.09493405564193,97.95283574168397,88.52748008825348,0
58.76660365740558,130.42719586613353,81.07515971471727,98.15565829767174,98.22957513426039,117.60082597538478,0
74.66291656887736,120.91483017125067,85.22730120241127,100.0,98.80170289779366,92.22989769795096,0
86.73180083946536,132.37718505141848,81.04843031787244,97.07828216351808,98.87759329613081,91.77480355818317,0
73.26401079121867,114.71991307175,80.70233487867428,97.93053394838742,98.31256063906098,99.9446364083373,0
87.47825602592592,125.74387452021529,79.76070536173621,99.74401023407573,98.71380479300865,94.31855094744586,0
67.47434489988385,118.38589521033471,82.4905599782227,98.60402484694956,99.28130837040693,82.39280686751354,0
71.09236029807893,118.64600659993157,84.8161326694697,97.11219861966235,99.227060143915,106.63803578706364,0
74.36671285426978,118.71097929021758,79.36667986326168,97.35092366643336,99.05060715747427,97.74472172678271,0
70.06783107304764,117.86057290315243,69.3567543774074,98.72035749839351,98.72582111834295,100.03184849504859,0
67.46189552829418,126.69406501463942,76.100966621312,97.62201025401478,97.82448003624737,103.60828408401797,0
72.33989954938264,128.7659856336965,77.94369784758258,96.96990492351051,98.81990048865802,89.22987299151228,0
74.61585233700028,128.9449965852136,84.29186615986063,96.66517318241151,98.28563377487619,100.78463893448415,0
76.60460837491745,123.42478174553429,70.78531546876162,97.07794695282257,98.65244487847137,96.05400533260887,0
75.32434662669544,122.79330898452568,71.10898636217077,98.61454723765087,99.11094961540529,98.67917848461109,0
82.97772121029652,127.89451618978153,79.51189652112961,96.69926492961267,98.11130545212299,97.24101605741123,0
73.85299807559379,129.64026655553192,78.90293839513964,98.35747018584873,98.8208033241263,112.16293885097282,0
80.17537711627472,121.21763045888967,81.22638466108803,98.00827449434232,98.67039890085096,115.06012721175688,0
70.38881611256501,122.5519303414882,84.70809506775745,97.22658507338498,99.40468863017709,93.81091875378449,0
77.83532669776038,119.52490032810363,83.0189073477648,96.81286966771668,98.90396513727059,103.07552917728448,0
73.1855976281544,132.36558260229344,82.01258104867661,98.68361831193633,98.43633397231442,103.29969924990186,0
74.36278378929751,119.86057122590188,83.19092020364107,98.12872868073964,98.20922727156376,86.09194332224796,0
80.13265680663298,117.52055528043849,86.88115985317786,98.71329817662063,98.51154688335343,85.65927336664764,0
76.52574797888144,111.7556697940605,78.59944496124997,96.80366010078978,97.9708998377234,91.86457427294465,0
74.35990703636624,122.66544649955536,85.76456628102405,99.04166673308335,98.83569131395465,99.51600949371421,0
76.56033578213761,119.11436772132235,82.68589907270868,96.52222789224669,98.89825433312112,100.61781823193522,0
74.16850390363862,117.9021276033498,76.59545585432153,99.63188884837022,98.84451645889528,111.90538984372787,0
74.1995894765811,105.47859554288581,82.50950116850336,99.52066417298118,98.6925846329995,93.59485775644019,0
87.16159455524173,133.71886078321273,89.24331534483275,97.30705676985293,99.15129193866805,91.78713204279829,0
75.97231100855083,128.06165908133232,81.00197392438176,98.92457786586284,98.56495058149831,103.82882122595565,0
63.98793384773939,115.66159510222286,77.48138831585273,95.0,97.98358677235981,103.93634876574566,0
78.00627655540285,114.95320924071072,91.16557958566088,97.77979047036592,97.76976197404886,91.44321033474198,0
77.16981674698766,122.27330767673479,71.96698632320997,96.45780710581278,98.97669954214574,97.06404045586733,0
42.151224138373244,75.82861217420054,107.13820034800807,86.00690695390189,92.30549314952933,48.67151163971664,1
78.26496526241444,120.25747983221964,87.83427353606893,99.22047639108108,98.47526917885017,89.91732242133655,0
73.94434216932936,127.4071906567687,78.23703451467796,96.62974341079212,98.38429411550905,104.42406763825703,0
71.77666658094095,107.77473292094676,73.04008356601462,96.20380224466545,99.33832052814877,99.22498811212284,0
152.62222138923795,201.69521665903451,124.7295083738582,86.69525164381032,105.88236735876151,223.34985548648697,1
62.03087962638624,125.90687656749216,85.7829082579712,97.77401845465594,98.60553428928895,93.72181254046681,0
60.88894361055205,118.01405290144687,84.49122286428114,96.66359757664173,99.305949484181,110.86768964537194,0
65.48367250729149,131.25647073020912,81.67137733038261,98.89284055431929,98.68790118205101,99.60731551403043,0
71.20698386613377,119.27331260917923,74.59174451867969,97.30267034150255,98.54210704043258,69.44291050855799,0
76.84834678968687,124.33323062611973,77.4854517498099,97.48097428108186,98.61663562702337,97.32344229994446,0
75.92619393812434,120.75018940681717,77.1839513297869,98.30941618514206,97.99777146359212,95.1366612275698,0
72.11051027513732,122.16926345566444,60.38799874190829,97.27300517428294,99.2120688220882,92.00259851850032,0
75.49215940250836,121.65299686915371,79.03002603716688,98.40271818926982,99.56902222983837,114.30705997640632,0
70.9113055845149,114.22295627418394,75.83964766133602,98.6373330412722,98.61953244992335,102.54045282954777,0
68.95834094777322,114.90279669321129,77.15561512401315,97.95508046184557,98.84042117402963,95.75088589917158,0
60.55315465273566,119.09785834917872,81.65431765533457,100.0,98.64840369727952,98.58656794525295,0
70.39415345460723,124.30614788995007,82.35934973938338,97.67490352852907,98.32964865425907,93.47985876143423,0
81.01414231257617,125.01013968819588,79.65898734833665,98.55143653817555,98.5862972723584,95.11862275941574,0
74.21785315318856,110.409813608449,81.18358560513197,98.07310425438074,98.40474548794315,103.03392375197781,0
66.64327490704869,129.46653782148306,79.25910733250885,95.37331524400139,98.26325065963316,106.97614474715806,0
126.55256642268868,189.3309852007054,123.04892664364039,76.64496377231195,104.04138537059028,239.7853376672104,1
77.55729241344956,124.91861998949514,86.18244756092088,98.52368474137917,98.54354527139344,116.17959684380905,0
68.80379496202853,116.0017121814107,74.99864738611606,98.38622606410458,99.53599852877298,103.05402681893426,0
63.29294585969065,120.22500202875193,70.93636017463429,96.45246891772555,98.54333632091911,92.77865129671252,0
69.12697526394957,107.1303696370955,81.11761881270769,99.77095755334774,98.1354612517131,94.56332256124672,0
75.78487010732867,114.14113751892289,83.74468056902964,97.7537098573912,98.28309836289009,84.53997455780323,0
80.64070329269684,124.83051573435628,82.50545004654386,98.43948582799577,98.57195434236878,105.71995637392685,0
71.30865460468681,118.58175958957348,83.4972504530327,98.06978070221521,98.52976154613481,95.81521465057247,0
73.55833501032889,121.04718570263151,77.68733516843311,99.33393563988795,98.40462156346453,95.6084466605319,0
72.07801135126745,119.83037016291216,69.6756736115818,98.88048646022413,98.52460927244219,102.52365924183074,0
69.83213662819625,116.29758534626741,83.43775359796247,98.59068804484419,98.94746162337465,93.31956092151489,0
70.14910326926508,108.23390678533316,79.41964594939758,98.96557355879318,98.07671232084145,119.67366111091494,0
43.44447571782697,78.40340511391115,107.03460318914699,85.7975944076662,92.54953550012715,49.22516375763203,1
73.96156424258497,117.09761169599696,72.87617173139256,99.61806848116603,98.6490220627803,92.76211210886119,0
62.98151818944109,109.67848119066235,77.829833228382,98.5282699389151,98.74500440453767,112.37130707788697,0
75.00144281661942,127.7474216303703,96.42059100643942,99.44929242840382,98.78983352787758,98.56461562737991,0
74.83201362551564,124.80869642469074,77.7570156344544,97.99625146619815,98.59679998068948,97.57759840938493,0
69.50871739256837,122.40210987938191,81.11358031300482,98.01670738473797,98.12576159689021,98.67849109865139,0
71.52366945356579,117.9346066713605,79.81495952963382,96.85179270802828,98.42829031085073,90.9936025202188,0
70.12165181686107,117.37056437497861,78.42699276278975,97.67194354932325,98.76929392100725,94.00245761841188,0
134.20891940334383,205.84412830653238,115.11037493166678,84.72431314425262,104.30566940318093,231.89320914615038,1
69.29004314304227,126.04848987497263,77.54525525134066,98.36460180370483,98.87621298486047,85.26993541290453,0
68.84546986991543,118.96956304920081,81.34653094781169,97.39176085193546,98.45239992429939,84.98173481085881,0
68.1756772361609,131.93214465308165,76.64492577168774,95.6018369047491,98.39440148866866,104.63280341790389,0
77.78910979858475,124.85252321161093,84.44493874591822,97.22977301688985,98.29322349504677,112.61460803988805,0
72.14706104555366,130.70123495378635,78.12008210324066,96.70506811465974,98.61716293046707,113.35701394954714,0
69.51920903326034,130.9217887067165,86.08003269455739,98.57949873760064,98.3644793733522,109.54589840510336,0
65.53992523517392,119.13275345735359,78.13612102767624,98.80112858391195,98.0551341712315,94.35236561199352,0
65.76056443724681,105.39945292766497,73.63081337432898,99.13295616480613,98.43279634854663,105.8756559543533,0
67.00763217090086,119.60903472143032,87.78593316188379,98.6530079383099,98.83464995304672,97.54346647874466,0
75.22577941769927,120.56894017313748,81.74913956340043,99.85383415750222,98.77424995180287,98.837866228444,0
68.31958401875436,128.5892421793421,85.48742485676581,97.46259362109619,99.54435286872518,103.61001946177102,0
75.53131961862432,124.81198728588554,78.59858643461409,97.81707670158741,98.7999170701916,101.13602025977885,0
71.9513207903295,112.94096885628198,75.99389820093559,97.23973760029652,99.232701663031,99.59193120136067,0
65.39907460216983,119.77937040670326,78.58156889536414,97.18761864530997,98.47645414777074,100.48163691137195,0
127.87949540077202,192.47958988275042,124.61495198070114,77.51827507931637,103.93036486283451,226.90806046314265,1
63.38454285678883,113.68141948008527,80.82692384511931,98.45504509424222,99.07212732679444,111.98166668123079,0
36.03185455317478,69.76299668630365,118.44930251559731,80.82221351316473,93.11280738792146,50.408379025355856,1
73.68714854381625,118.85030610477578,78.88166714098278,97.73718317670294,98.42915578050695,110.31798754599401,0
78.21781735243488,124.49998845774063,83.53477504960271,98.77523072883776,97.84055146172487,90.23648248941738,0
74.00315979941121,120.85570103182947,78.06255668365155,98.209926052413,99.10307079114128,93.52151547449444,0
69.81028362274269,137.4452879902048,82.28612405974671,97.33831012903369,98.92848045990073,106.32506976061805,0
74.52583766633634,126.75338926011712,85.55338842027047,97.94676633243657,98.91381449501193,98.35952811851796,0
81.1157035418506,114.84079447193112,80.7613468790375,99.92123741708961,98.34909701485536,104.27947440588528,0
70.69721355032279,128.88478970329035,79.33237132273756,98.41211430073061,98.62882034007465,85.80524281397197,0
68.51685930117166,121.26049726387187,83.38818550962444,98.30730935373634,99.10376072119685,100.54726425110022,0
71.80123816275722,118.81103349625589,84.58884098897569,97.59975771706812,98.75685125019507,83.87149065235832,0
82.77816493756178,118.00762147022425,76.33304314542941,99.67665080276136,97.93518904879578,87.22742331560067,0
77.64709119851982,129.90643168691275,64.58718912428381,99.41031230659064,98.44641591918605,101.57771311253669,0
77.00117376965355,116.70857662850283,76.03389401396483,98.92807200666068,98.75594606322628,106.97481090811186,0
76.16087347148397,117.42550831400261,87.2596331615736,97.42069469142096,98.50653068331002,87.03561624415005,0
71.7032177420854,115.78638890645377,80.61764600920546,100.0,98.94465954492925,94.4964641218018,0
80.71270619509536,121.9084346002359,75.38511550812953,97.4754632609999,98.83020644861762,71.84189505522706,0
69.5082725165952,116.87575639335958,85.3573796512728,97.73196741267239,98.58419338310738,91.25158722766781,0
63.733983792257455,118.16077276619447,83.11762899412929,100.0,97.87173620272027,100.1691979916675,0
80.47332333249258,113.42530921522595,74.37899951526511,97.61291575552507,98.57127474285959,103.4530955616477,0
76.97684905159049,125.37235541187891,82.53293835848638,98.25578425232636,98.23680330312875,104.37498296408455,0
72.2786192889369,125.89246542348809,77.26867995411267,99.65191433686738,98.75701912609496,99.71295928299645,0
81.17730191676368,123.54310358822498,75.92657173381164,97.23737708356448,99.62451911070843,97.9004721635888,0
67.74587425421706,116.08585315458554,74.4861181308984,97.4542739593638,98.27680193235405,94.81502663375653,0
71.88774746132462,121.1112923565628,83.30576464330673,99.3062804757282,98.47397455616033,96.4587876432265,0
78.95157347404442,124.70361225470148,79.8541365038672,98.41745903136317,97.86963956235495,116.7480167793573,0
64.09720848032049,117.96690962592196,82.68987984913244,98.32383926632745,98.09561009643656,102.6098385001607,0
70.92544028990307,114.49074604746691,80.85221499360681,96.6646774612445,98.23017791221227,100.62899917406641,0
139.2200683652016,174.51581887647652,118.93952973139285,86.02844763529045,105.12711942439039,190.93358961334266,1
76.35459974339216,116.4509393851096,80.00901753178208,99.14001328640079,98.13304120797295,117.96044208266184,0
64.86460520953723,122.69476491233344,79.02707668480166,96.75141831090023,98.39598473019426,70.58371528236236,0
76.89442327523578,117.02618056732054,80.52885191762061,97.69501870015166,98.71455139320044,88.82242051683689,0
70.78172768374205,118.52031039127422,74.21501772167818,96.17448789101529,98.58511285653448,90.00828157154005,0
80.39756787087477,118.67214554583315,76.48421768872093,98.01690619559011,98.91215823783406,103.28220331980988,0
71.39714567656976,118.26432054870477,68.11215085036449,96.69317865883885,98.5473131668917,89.7307762471675,0
79.07107613879053,115.4570103566879,78.61520452886417,98.19477400562806,98.51655310534484,90.39020939152766,0
66.45460113439017,134.63765990912734,75.28612379884763,98.1606928674649,98.37359610859198,99.73703799134358,0
76.19213288110225,117.9902334659636,81.69764393702108,99.29240893046872,98.19324219430496,101.17957303203288,0
72.17074548709896,118.61358165746765,72.58761742318178,96.15457611519547,97.9300334408327,107.37659254863593,0
68.20271835069124,126.01741550798393,85.63119094218192,97.88521117836545,98.70741437209783,86.70479041681827,0
76.86484963895869,111.1137431379103,76.8869305002034,97.34136791904497,99.16042774225086,102.7364598746979,0
69.98529180425923,119.28603698354847,74.46564854232972,99.2559370400157,99.10751223536553,102.76079005548155,0
82.01441715495798,133.2660402847628,80.5541818934611,99.26835861149607,98.96555589661038,90.7015228698479,0
72.43990780313042,128.41803553657658,85.84290182136691,97.29181383864042,98.71395435988612,105.74722941075262,0
76.55708932491665,117.01927401143413,83.48591310396426,97.38314466689643,98.93712107650421,89.5768976731275,0
63.50839684845488,120.02142081717001,86.35422810537774,99.45743794937043,98.96830018726554,112.19230137592038,0
71.26374639842565,112.72545885206463,82.04606289303274,97.27253519354572,98.75835924277735,118.87105982953246,0
76.02288370344728,126.97941549517549,75.98138169552658,100.0,99.0556967273453,102.67010333430174,0
154.84966786805768,169.94433845413135,127.39207707753005,84.56439381826291,105.92706739555491,322.78570772256387,1
82.90837153534694,114.8025925556128,85.13535150322069,97.73617176959937,99.00350082867361,91.94214103026107,0
71.6118683698049,112.13285116412084,73.63393613043301,98.756087880695,98.78732367024848,103.84765021771022,0
62.90014470347525,139.54546207536973,79.49296085139068,98.32685240626094,98.32694719119515,85.0585020485744,0
65.84090820353364,115.36920990239295,77.58007830199723,98.99029954709953,98.55070322445954,104.94176289423754,0
75.46243276308324,119.12999955986295,79.4100945269631,97.31613979665356,98.30973295884678,93.01097117975695,0
76.38828151544996,125.85538896575459,81.63537609026653,97.73447713856665,98.46232437926808,86.98891592993505,0
76.18172642706442,128.59091675456884,81.85433896235513,98.31815932740989,98.73734813991818,105.35637588465164,0
73.25795649164776,115.86287080986598,78.69495637913843,99.92494051318705,98.4733817187161,99.56726811038884,0
66.01163623611352,120.38502055223363,82.10154908742602,98.70689629091851,98.09781279612302,117.26335310456587,0
73.68096695291764,137.48901338605046,79.83465999319117,98.24310305832842,98.57006858267232,99.77214365162223,0
71.52215165252571,129.3278602736559,75.85339812819315,99.5393565226007,97.53111704621145,98.40704397438125,0
68.798398161365,122.90349123455469,83.91652118544357,97.88682935170993,99.09316374962475,128.07650783278882,0
40.0463011282078,77.31558251757906,93.66444879656353,81.67982119626592,93.39604596440222,42.867452509570235,1
65.56885660175907,127.8914506254884,77.65135101755202,97.18741548574474,98.47741927999552,117.89936486306283,0
70.05559094874619,117.4980946628051,76.48171811342459,99.26227789067167,98.92839283696676,78.96950483130027,0
73.0863764566265,115.87522388443452,77.68685361703555,98.11502556634281,98.99643715063921,95.04177763168549,0
77.14021488145534,128.51513171093956,75.74014377475012,97.93078059205848,98.29150828221958,114.3598912416907,0
39.366503335326996,78.52868492000599,104.5421353800309,78.4343837431406,93.35669609727205,47.14149921861831,1
81.30300295688446,119.6007118320294,78.47827564473025,98.62770239455192,98.33337750750678,109.4449985362416,0
66.46700805493424,116.42887430444848,82.51616192266248,96.70308738672801,98.41579063153547,90.47031740667595,0
58.72882853202296,124.791153343455,78.9841573550766,97.3063035075356,98.07731081231522,102.67621052562664,0
67.62923026991794,117.33203612328607,88.39027800226297,99.61007612318964,98.54676622883171,113.05081592138416,0
82.31626743724378,128.70428389842175,78.56639152589969,97.46720678691955,98.80397249654271,99.4780249453714,0
76.39173301505907,109.23604534028999,79.19756889835719,97.11003744344286,98.85226616395506,88.31791263794784,0
65.90506908612961,107.89571977347606,76.29418665682586,96.2055564149111,98.29875536792107,119.25927320502261,0
73.74538234554004,121.94587708153246,82.86828481638358,98.79296160544547,97.88153413633256,94.07936327717518,0
66.48788093108344,120.69519670465945,79.03696780619597,98.34400010630503,99.1310218602837,100.96933625730739,0
72.02217403108709,124.95314275382233,80.36943468062277,96.55711142594231,99.13020902774161,100.0703179784955,0
71.7184765267249,137.48190588493898,78.16488692639179,98.32683220948353,98.1890746307796,96.29888396577482,0
64.07986493267576,127.68939413236274,81.24152737867992,98.57376776114458,98.50470227924062,89.94892499161985,0
44.749464432083116,82.2662364782639,111.46698263835204,73.6151323880281,93.68472835863625,52.66009190658532,1
77.7402139007675,109.496664155859,83.06085809309292,98.13814755636757,99.20109107231971,90.36238959088467,0
63.76995781661721,127.72604009605817,84.62983064926115,99.73344133938426,98.08385264696814,107.6671828262028,0
143.2713282692239,175.83831653537456,103.427397693204,87.36839798222971,103.64236329159093,224.24008980391122,1
65.13764275607603,110.58265158809331,79.43087613846262,100.0,98.5455456604532,101.4214801253004,0
68.46064609346635,119.50843465597762,80.31215851663721,96.6794037102534,98.52495634214229,96.51354909082868,0
74.5449956784115,118.92266341117718,82.60614995322271,98.32375506723149,98.14456770650624,97.15335449564729,0
79.63135453163194,106.83695119155843,91.92298900165734,98.01741424899824,99.5806850499989,73.6568175199107,0
66.36398763708748,124.70672536327967,77.18459461473813,98.45154749123951,98.9472218616911,75.70707032326511,0
70.50578376266174,120.70553750851364,87.42320930938254,98.51141525502187,99.10438067419237,105.87114397070984,0
68.85761218337147,120.57291034170677,69.88034194508528,97.62627912950957,97.94526886313885,115.51099799196935,0
73.954777899493,117.49520446591113,83.46387884854119,98.42214369219526,98.45536307997226,102.40411213668656,0
81.8602689348272,112.52035472142293,83.9298704943273,97.95540132800478,98.42196668575069,101.19535130304902,0
74.5060845134364,124.01413245348779,87.73199343594915,98.82161575223716,98.6826638793978,87.69203393743572,0
75.90913194803703,136.57190054818986,75.95132266305095,99.35389185932343,98.68983625329999,90.38510800938535,0
70.61480175693139,125.60491363281903,80.08350433633775,97.83415909433799,98.49724400643004,112.6712814272474,0
79.34141329451177,113.48298801857291,77.7941165460312,98.27103425286124,98.26863675710449,98.55172505939862,0
62.31863161273955,104.92388598345977,82.0604173243573,98.08038503876365,98.51397518557565,99.91966396440728,0
78.08622039010878,125.3956155399158,70.44420337369756,96.73612843926628,99.55674935578291,104.15671974096576,0
79.16857717126163,118.45489870129144,74.3582433124461,96.09892557118201,98.01491306582908,97.53226868529103,0
82.49750342523252,125.3647193360068,81.83599899387694,100.0,98.70850921204371,109.27715918750084,0
74.00674073992215,121.74592381379529,82.16874842980481,100.0,98.14634893500862,90.05348570028794,0
70.21461897984005,122.36850209355171,77.74629861348625,97.72003386719346,98.33347311338214,99.6611615718608,0
75.84505716760206,118.06329759796598,85.15219392818396,98.00016050740709,98.50095538542341,102.10063612957428,0
70.18518188107123,108.93577241433582,74.14033035388402,98.77462563527516,98.95094488368258,103.15171703892491,0
65.2217588720543,123.7548972992394,74.17399000017356,99.18474389870669,98.42662734494394,98.28554256543225,0
74.07893085538795,124.28953519108303,82.22879925608564,97.12740547359385,99.22787427239109,82.41778370130422,0
81.68226761435189,127.15989030085535,89.47753672995678,97.91458116716693,99.1984012678222,98.35269771241036,0
66.04982001935814,117.72599451451018,85.78401974456736,96.79003497133283,99.40914644734671,83.54445547106663,0
59.39984095409025,130.77438040122436,81.29797823349477,98.67610161364992,97.85789978417893,85.5253358272605,0
56.37471686023719,115.67287685921461,76.29078419495762,97.79780966461239,98.30008964998727,108.42157836379893,0
171.7163799292931,162.41270900988852,100.67916550103422,91.0,103.16209467363777,240.77768402853133,1
77.85327076273416,114.3840398100232,78.74224049907932,98.04668173416196,99.02167326585491,92.48256435312813,0
74.74611951632131,117.81549647563087,79.71066920392829,96.60191796008122,98.16904441444042,107.67225463649585,0
78.51471794963608,116.38370060867925,77.3102801683343,98.0659311085789,99.36320434039165,110.36432355745167,0
80.78506343251462,128.30954375119228,72.84442928614372,99.63460551176121,98.16853569158778,95.23608603864456,0
46.107041615501366,78.99426352676835,144.21689174341935,85.66561028471102,91.38725963094882,37.436746886438634,1
81.00455874380586,122.51817282588752,80.68670662282553,97.89386799238768,98.49915073649116,114.20396431098524,0
60.85259129161028,117.71346705767972,79.4481762035407,98.41046022190208,98.6177791675102,105.52811979193001,0
79.90981394911601,108.68907470323218,67.84938812136322,97.60882183636429,98.58983545227136,95.53545272847089,0
72.15233052325446,120.37141519052834,78.47770989425885,98.2769943311191,98.7589065342486,119.60691435740317,0
64.31817360797463,131.82432253556175,79.10659556196008,98.54250422966452,98.47110353846571,86.1771409586397,0
69.90808719355284,113.34170940728431,81.72810172325723,98.16601884787457,97.86400310023454,95.85620234292445,0
71.56302652405877,115.44538120842131,88.73245315797311,99.1078232824168,98.30205088588949,109.74399355301321,0
82.19974424745828,115.6029542017105,72.78035538753886,96.47655794186439,99.11379775101405,92.57220029266743,0
64.67572544451505,121.00314413500003,76.35281475576176,98.46004539088355,98.4828436679188,103.78979362363431,0
77.52990067154676,113.04484897247987,71.6345799374713,96.4820508850533,98.57552170355683,99.37768943027501,0
42.636489418629665,66.63793048123478,118.19755094072028,87.80436840473402,90.64756255437052,45.519244124742286,1
64.14707760528533,119.72586519190068,71.69209505411004,96.61803721501299,98.13113078118941,96.6564817368605,0
71.03783951373102,122.42418897157421,84.70184844311649,99.37479797005479,98.43994557467897,105.94841021232259,0
71.37394324207865,121.72834244391628,86.4687657793298,98.26157748406541,98.41259202829598,85.25203973218231,0
67.32088232267017,124.28588867073775,78.94821198111543,97.86757441505667,98.27603325728433,106.52373380759776,0
72.38568011457278,120.59153601985004,75.11030582223681,97.65700577439777,97.92831676397849,82.50837198141917,0
45.19462233374281,60.31201308819966,101.82019051316863,84.31184740102327,91.45000337398133,46.02767292591852,1
83.75008472532356,114.38298972094614,84.8806934503346,97.49043349713017,98.12678773387286,104.2745540469694,0
66.85936743703924,117.6657751477276,76.45485548842514,98.66738310314057,97.9975140516374,101.22832319596337,0
72.00795413240644,115.95726015186551,84.0199324794525,99.74590363218562,98.80053465087234,100.22448919705427,0
77.97628611483489,118.50094782502168,80.91457281810128,98.37632595764657,98.94990187068383,115.56656567654578,0
72.04079906735998,118.85095411094758,80.28353324419633,99.13228737483894,98.3753951914222,99.09575899324706,0
64.49331854168818,125.31177091314527,78.64864816162695,100.0,98.24561196701035,109.77965012999921,0
81.80058919380657,116.86427063085017,80.91140111768935,97.96424235562648,98.77041000471719,113.48927506119082,0
61.875933917335736,131.4595768559492,78.83461403974589,99.96865410038458,98.67172740046392,107.14653980480287,0
69.67054167887076,115.5418232774273,86.3276146070927,97.12848940566684,99.45330587262474,107.44633046598997,0
69.42418665289644,126.34580909976975,85.4463612346555,98.10760343622294,98.71190708309128,95.87484950676432,0
79.07835125016426,115.68257246936204,79.93861733248912,96.48890645154748,98.49702779035566,106.74671535607662,0
63.21375071874108,112.94461813200256,79.07561621877367,97.56370980900584,98.70129696894566,102.70644886259963,0
65.05730028772038,118.71521774588474,90.27404909319324,97.83747203532374,98.68422830093357,98.94661877208473,0
77.3213243405838,121.05985173437344,89.58643984302877,98.02002974882434,98.46542576895519,77.32441656790698,0
76.88105781600383,121.10582018576017,78.7517223089054,97.51005597902603,99.39501366440935,86.69899617200122,0
67.93461208598607,119.69008676108746,81.68161484660641,97.03274526201893,98.66829484424828,93.50711338638989,0
72.34207874938251,135.24993521794164,81.86826702810575,97.11572396363958,98.68411382555809,90.08982663894452,0
64.64540602198595,134.59299044861712,85.80751524240988,98.2652570235804,99.58637093258454,88.16508117624177,0
75.34614636435074,121.10666413106767,81.46132728077856,97.33122176121887,98.67222437527899,82.28245220968105,0
60.98184129737761,124.05236872648393,75.66513271783724,98.69526922708874,98.48161297078069,106.09142924210578,0
75.06721559714988,105.46016102358288,76.64728419291659,98.91918615367695,99.2611336745356,109.45667447884911,0
70.19484151715504,118.26864825272507,75.80709670259249,96.619428982553,98.46810273645205,107.30157164031442,0
70.07254340329253,122.80000003929497,84.23385554504122,98.1598353519081,98.67441908486047,98.63156825141901,0
75.7324199418363,114.9914091016034,71.44912449304103,98.53629006256547,97.96474802960178,85.40476625944373,0
76.98115087117566,132.06152302352376,75.83568362422733,98.24728812562773,98.73927953138578,100.11996068938586,0
59.78267698286438,121.6634985940997,83.95174504346144,97.85885968055617,98.4702269673006,97.06392841002373,0
80.0773545372165,130.51367075632018,79.486162692562,99.31860782817805,98.81563764170204,83.49510816454992,0
76.17832468474029,136.3647942177181,80.16132405385626,98.0723755156149,98.10652233426858,94.6829404600464,0
73.4354811846669,125.64932491624681,81.57133710900592,97.55327313427718,98.1420366969444,87.51612187872948,0
68.91679849597983,127.85303053355976,81.57485935777666,98.48731316305332,97.82690634297242,103.2394278071827,0
67.58879379142051,122.89203233166836,80.27698455891667,100.0,98.92104990403139,101.76505690064482,0
84.33926138897725,121.35414002494257,77.49923659392635,97.71913075420234,98.94170702463134,92.75382611450313,0
41.887943785481184,59.39442484463914,120.98344790591938,87.33635996099417,92.77168713528076,43.86165245592262,1
73.08855972068383,125.83225601889127,88.561523437188,99.81567745508032,98.39993236105043,103.67655546788774,0
81.19643347801546,112.79131706020709,75.98282862914371,97.6874225746053,98.73581197930545,83.01923852080435,0
80.23709084805918,118.14085156716312,72.89553007388278,97.64345757135722,98.22924606708553,103.69248443350956,0
70.53506018825611,115.98142196038911,81.00016893656164,99.10417515654368,98.17795934789332,114.88601941951994,0
73.81020005341041,117.74773107206855,85.14783461911375,98.49294981046697,98.93449239056434,97.10023220017128,0
68.30183155176313,103.30566143734592,87.11211477642911,98.62923818029525,98.57716803872164,100.63689955426888,0
76.24928653953934,115.59930827078398,76.98351575610923,99.14205459235225,98.56191955378357,86.0552142190098,0
73.56404259494344,127.89767848288186,76.15782241548254,97.42980640230185,97.97738522631934,105.09667275463597,0
72.40516922812755,113.7886937880096,84.69478589117426,97.9622820502344,99.15134288856902,113.74983636211823,0
57.36709705034143,111.22545791339766,81.40464248473913,98.20650562514584,98.63187239193816,112.05636608869409,0
69.88100224313587,122.11311366504708,78.06752554838604,98.83498942737859,98.03612828213613,104.25408629418585,0
70.78211617562606,134.85141915131143,85.55815737070526,98.14846368154689,99.20026433978401,108.55351207001087,0
79.10096200133957,124.03950528684598,87.94947797405347,97.57822313561238,97.99025637192112,92.16509658324951,0
66.1552689227018,113.1636577889551,83.83531344744851,99.34495966617415,99.14962262046399,107.74474794925672,0
75.10167909449022,128.9227869477564,69.18660494742736,98.44504269989419,98.76889899950334,97.77713326310098,0
76.01244993355508,110.74910949442264,81.68131475592948,98.01721958273056,98.99641881877098,92.51436779906123,0
83.78835079749834,117.86367808163473,79.74022614549611,97.30152624178686,98.58627466770007,91.18334871917645,0
78.96496072427112,125.01612537831757,79.37640920881758,99.53785495132648,98.98105973747697,78.08017135259803,0
73.9725066579581,113.34955551773712,81.9591435385805,97.33683762419071,98.97167582461908,97.64075148914793,0
73.8444401868546,108.562539286585,86.07472053427485,98.02884889479319,98.95594379546037,105.47769776019587,0
63.56659788492815,120.10519425200968,73.45011722812501,97.91740967458348,98.47664861230653,132.15374196212832,0
81.51610089687212,114.03329263748128,72.9551962660398,98.34477497259229,98.45290576668961,111.93394436397872,0
67.80164695204449,117.65329142692381,78.27508419021466,98.45860045387764,98.16913326953659,111.41537660235113,0
77.72401058095922,124.61615868779528,82.7934764146091,96.75663773932011,98.65587278611409,119.7135064900129,0
74.04030776741334,110.15038963651187,72.71976753326783,98.70652077342062,98.0551881271996,99.875686478182,0
69.34030649285094,122.36568887901518,77.60237502684107,98.71687953481945,98.98348313798472,83.27329615276,0
84.86366453595195,106.62078175836247,87.71273605687058,97.47816945851186,98.12000176796253,118.54430900516641,0
70.76484341471796,121.46197479774033,81.31320993935846,98.36632748354107,98.79991669219878,119.51986431688601,0
66.12741770530616,117.64173411250403,81.87679848072237,96.8828582387954,98.60879262105743,98.22970544085183,0
80.21820664592511,121.32041757097586,87.19097792604374,98.63942804219255,99.16025867474296,87.68168058872234,0
71.23470527773479,112.15707456744528,77.09209618386392,99.28497971476217,99.17703126890098,110.57184538551091,0
63.50263766524412,117.98026969522742,80.84701537456034,97.79208768993388,99.00866033402306,113.66900690017293,0
66.11300681316192,118.67689991622268,77.59915207896383,99.07512074898176,99.1147079025501,99.234640607316,0
71.80348037870401,121.90694977657527,82.65400791836365,98.14147895293468,98.63283475985097,111.63871045544312,0
41.2121369938848,74.99182478237844,119.84236694451562,83.93910750671455,92.54204699979664,43.352189770959626,1
74.77236535951138,114.29592295763459,79.88303019878028,99.28126964540134,97.99727934206588,118.17368329781849,0
138.54528212873515,179.72677286293427,112.69549637387472,91.0,102.86888162620657,276.47319514624394,1
68.29414993839782,116.8485867583391,76.12310485163697,98.33270529437418,98.64393723725352,105.76251392022115,0
68.3265795929535,117.91542690643227,87.74909303164169,97.68090396574898,98.11287867787097,109.22508796604822,0
73.79788612702409,121.29401057842256,69.92495780246455,99.33824963076208,98.53210780508579,115.68146705571758,0
75.72403258530407,116.10008599199438,71.20020558925376,96.8420663002687,99.02231929538662,103.75621231703042,0
71.47145253582556,131.0914606260994,73.06356743284567,96.29313743780695,99.1552360129517,110.70582669675764,0
73.51541307597974,112.00640726587082,79.39131373108188,96.5368987487503,98.44154611185377,87.54331130659992,0
68.21985012279663,125.13874435065074,84.41812274485486,97.26653790883104,98.11588435430784,109.64576494669987,0
76.27627217316798,110.61657951043495,88.92279444426794,99.05331027964188,98.50538136814362,107.06406608653224,0
49.57072237386137,68.84668002377022,93.80022659573947,74.7458211843429,91.91983322388486,36.0336421000632,1
76.27799058103433,122.9107864061874,74.52752819582552,97.31595396962096,99.04170522690426,121.40308779836562,0
69.50419843231585,128.16569835354701,83.34942245107871,98.54514087951054,97.92443933257451,91.1904741652341,0
77.76182877768882,117.73263802748855,85.26560726261901,98.58645313033361,98.84252861334652,86.77462068382792,0
85.63460832268129,117.71370353537151,80.11973191224631,99.11408243613543,98.35043431926204,94.72336014854332,0
71.54429385814487,120.23467291672011,71.02008632707988,96.93195286163376,98.42692221575669,107.73261221420145,0
71.08971339853663,106.65634365937433,76.80467333583992,98.06875005676358,98.50243882055966,92.22552242671219,0
68.12263614093717,118.09008817561909,87.22171705989973,98.02634128874743,98.59783546613892,94.62893584586617,0
65.51071197831362,123.53514761791637,72.38201094665916,98.26185720724573,98.0913823711493,105.13601233974696,0
73.69972722927685,130.141740758364,86.57910920008112,98.26617786520418,98.52499844650849,70.09398551795464,0
67.89222104543998,123.09621807715139,78.65661061237522,98.63306654749722,99.14801055055048,111.3262245777175,0
75.99250094215067,116.78786208482502,81.29101367350569,96.67876626233631,97.99707456740725,95.6391978290478,0
74.63700738372135,121.80161174492144,86.5817241875976,98.94916607023816,98.93818421318974,98.91834753465403,0
74.28118710603577,113.63861230434419,82.62968640127325,98.24733330168253,99.16202223424115,99.92611130119677,0
75.26016115427961,116.9469119094476,81.18865863952993,97.52681689369288,98.63604417169243,95.6181888080265,0
68.02425744632492,118.19665660142304,80.51539110765424,99.76329880029957,98.0377292769184,86.19651646266063,0
81.75575349217237,119.59425200232188,68.31965197489369,97.1996088957033,98.83618092031388,129.5669163322655,0
76.59745785024306,125.57438013824182,70.65512962086562,97.64629495774442,97.61452635043777,119.23945945929918,0
73.24360397639366,119.96425357580942,77.04892693899755,97.44595561591191,98.33435491414811,108.37890094996277,0
74.13368009271396,124.86615673831098,87.60320048008522,98.8047874435274,98.48861411451264,91.91611162770732,0
59.366118348958054,127.9533396224978,82.46768647101884,96.68672771274775,98.8631650526371,111.99497450725151,0
74.08025986562951,116.46904121691982,74.09216710448794,98.4220143594107,98.60032853471178,85.02829064173586,0
72.4788089043524,129.6609725720796,81.2835958639787,98.66476308972436,98.72657427337057,103.29848990265502,0
71.70661689915536,112.06080198305547,82.7329486284432,99.33080391563986,98.41103514235665,94.15338121325757,0
70.8380432443217,111.14319113640349,90.58006028415497,97.80370638225423,97.86540446457182,88.31279088431674,0
64.59390676872047,113.79771827115135,82.69975450377551,98.68166065139744,98.70338406972762,116.91650408397663,0
78.75939017728655,116.22998428692362,79.21861831647479,98.14999508990773,98.54104950992087,111.05935461957709,0
47.03117337635245,80.30869567359277,91.34454651468951,84.18780233709906,92.65032089521361,55.32708717192884,1
72.86152761903097,118.62734752526144,76.93724548822969,98.94654852771679,97.93017214973042,115.77074822327164,0
67.3619412968672,130.16928881588328,78.09652688102453,100.0,98.7076940531545,112.34695279194261,0
45.21274922340295,75.81445149781008,87.60118780603526,81.49316342217232,92.32512464008343,49.21695673246283,1
78.85693688709013,125.05978826489859,77.68072785247027,98.77493610710847,98.58563948095995,90.68233291153763,0
73.17678875414344,129.17424138969423,80.01598995307644,97.82309990950915,98.44772372435904,121.88581391991518,0
72.35390532953758,132.9642803136957,79.21748084895395,98.62739848562134,97.85437406997771,111.01074386893103,0
69.37968158375642,106.24824773327953,79.8271388725709,96.85115988038413,98.60235351114014,106.51448050871107,0
77.27650224682442,109.87451257521519,85.96621137570716,97.30966293755165,98.43129236489364,110.36244355001398,0
71.53297681792318,110.86787389339669,81.07462982388353,98.19564052831231,98.18145998572503,109.10700971024632,0
69.78475679731532,122.21866404888881,78.34996565687557,97.85111720397911,98.17425103582632,91.20304320529846,0
73.17912701820882,115.62842681437996,81.41565411159762,95.83908739723327,98.92071407373139,91.06411875101584,0
74.89119637031095,113.14489838802155,90.00961229624181,98.18145900694253,98.61746109372118,102.4566324137725,0
68.83021772002212,119.44848119943791,77.13706975936736,100.0,98.47069721878056,100.47448530636206,0
63.56886091917855,127.20426305289577,85.78759802904979,97.66066415558394,98.79551458951295,114.47454832346205,0
78.15065491549063,122.43178240504334,85.55572607602231,97.99574790328006,98.35815211179312,110.96547266286223,0
74.7210522753268,126.75728667012788,75.6973806600938,98.68265250729259,98.25559075740469,106.95686711076125,0
73.62897186495388,122.83376386165787,80.15794503076289,99.27577182075832,98.6422002999185,116.06458367978641,0
128.51078124788268,197.3354140867232,116.19902429575001,87.86577581178814,101.45958913485164,305.3343521583294,1
80.61052439533341,116.1782665101955,65.89915588879654,96.76813131186692,98.38218352761797,103.12454856151724,0
81.20060220777795,117.05160828370961,79.19673356816963,98.87926390516657,99.14634265013252,98.15219167357206,0
74.03212390753013,125.54897712413565,74.3473977198352,98.87017817474677,98.54990611411387,124.82677762174322,0
68.946218245755,110.81485759163138,80.19784862066824,99.93065825905626,98.08692135095585,92.96793119871802,0
73.65960459306709,121.79748280127306,70.57067691067896,96.08216733820197,98.29099300972624,108.8929478543571,0
75.79444643433312,112.32645772592005,84.22636648521048,98.20431988398832,98.13798806383679,102.69823632377181,0
67.2840632369523,109.648560133076,82.84644661635032,95.58463673792147,98.00965156115943,85.48279041986447,0
160.92279679384643,171.53859987576973,104.69502817035486,81.86382557591925,103.14145050036159,291.5750709630656,1
145.35689268729044,201.58007507015174,123.19640045564387,91.0,102.7161157977397,219.63758976850008,1
68.13889061771914,123.35302200374932,80.9089061629358,98.36442607713535,98.22157419514977,98.24471937402951,0
67.17795259218161,121.29016344854672,81.25501771575074,97.0039550598301,98.49322412514414,93.01968495359037,0
79.97359991721245,127.8504944829495,85.18585736266002,99.02513460455758,99.45679305605917,100.97794782819675,0
72.44456868251865,136.76053330407717,72.96640283720221,98.7258211480388,98.56706777999311,108.19421207205271,0
81.69225413681664,117.17698545662343,87.0953220667876,97.12098373104955,98.42990066170819,91.87841636448431,0
69.59267716868499,118.35002128600333,80.51690998106048,98.2032477313054,98.36434258180624,96.78299688066402,0
77.41366304271989,109.70211516238537,78.93283651456038,99.08760698519896,98.13585080893301,102.3555221128809,0
73.29875153749185,111.69564501023102,75.84964752435381,98.5018520493599,98.34231880067202,91.41912950654421,0
60.02680931728957,114.06768276604454,80.28877073333614,98.56902953725975,98.81212247289983,110.6735470991618,0
76.59526967688369,114.60702640603485,76.1161304540647,97.60225971575447,98.91478182563787,95.09116042339241,0
77.65673108484046,125.60827234791728,81.56571511566766,96.53197835123265,98.20642077364697,100.1723753500307,0
71.14572308987223,123.41442374759036,82.17131824961035,97.87301218679502,99.0429246677363,100.2340451074413,0
73.96046858761392,123.3120181728745,83.67827571820685,99.02719156004041,98.9225902220009,89.68301680231669,0
77.49241270621245,114.42704237769453,82.14176456885724,98.8546273105507,97.79540346981527,107.5985650505946,0
72.99871324927834,125.2896608712102,75.858531198258,98.09686603247587,98.72258252825982,94.32136852748584,0
61.98849555673446,126.05377106943708,74.0123384436742,97.33573213504141,98.60002874682354,94.74339682756147,0
68.92082181291963,112.64961647123769,81.19733494390218,98.55598743369013,98.48750283746533,98.24653585055809,0
73.39105255280909,113.88060510990096,73.20399365668338,98.87821399815499,99.022465617524,92.18509132764879,0
66.59597170492512,128.1705241331306,80.83501460847869,98.8471112074394,98.94545196423155,89.19619663434558,0
60.55198717726016,116.1130883839078,74.31653440539593,97.38012892937545,98.4896589141449,118.77220549766513,0
73.03103603876119,115.90919316382778,78.03976108666443,98.00853761517916,98.58865339822816,96.29137972194991,0
68.57552223750314,129.7964049888064,82.16770805236264,100.0,98.24616442127619,117.61402549936115,0
72.55056465921301,126.03005567942964,77.68631676001831,98.30179193065287,98.54938958018853,88.05372396803811,0
64.01811824556606,123.33368247371367,84.12778537434782,96.68343020711278,98.80334747068878,104.22484621934272,0
68.42153155218672,112.3092443859593,81.50087524642261,96.7455989402725,98.68221079928658,91.44118493622368,0
72.04307080144766,127.85182399671544,83.59205848888315,96.57833095194097,98.3999136545625,110.88038835761714,0
78.7666815038034,123.78412679268568,82.33033374139302,98.45166247328419,98.32000763991864,112.99224424346295,0
75.0357933207352,120.59859330747719,73.76803250730418,99.2100659331756,98.65150549453936,97.03964310755647,0
74.7755477571237,108.60881790436879,73.87053868280027,97.48856247121746,98.87775973685889,111.50703274666728,0
79.20047373856117,132.42843594468033,88.64650433022378,98.90841423908616,98.68338288682094,87.27694986738018,0
72.50500938111418,130.23201911379982,84.95926850253929,96.46094507842953,98.4809429856014,96.55037932506335,0
63.65866844907922,119.47030249140056,81.40967151602581,96.80628814575573,98.10112400315482,96.69159533918807,0
74.66518996374403,108.62415118782232,81.09879041970072,97.83236847451164,98.17540094351752,93.68600579729166,0
62.35403383729165,126.10507173978839,79.95819606364272,98.78849894735102,99.2204588325592,102.83059546508912,0
75.87225569751088,135.93960548637313,73.86492961355732,96.86071384078973,98.89851135597415,103.28678242348083,0
64.07860075787615,119.19638425868655,86.26173181149004,97.67747788089294,99.21312525292936,94.21836376938137,0
128.3428131736564,190.29212000499697,103.39266048335456,84.12940881097023,104.55155618381042,266.63637001368096,1
78.34420983226934,135.33291900831895,76.14500493590636,97.00930249046377,99.2212988746755,87.23517473333509,0
71.03228573000395,124.04154467574664,84.97583832579303,96.51271020679258,99.05251962009989,90.86940261939692,0
59.60950172246208,119.327995367863,74.98267287100354,100.0,98.85696016901883,89.63375838813269,0
65.64935619815009,102.35407095399086,74.72489622311407,98.79115365036422,98.30139170425899,103.18741246157253,0
78.75630150463302,122.73846529066175,73.6131443322469,98.98959932959048,98.47153912514793,117.6317492937267,0
76.03908810761975,124.18669408533226,74.10713607614913,96.46907236748736,98.4760591101238,90.17606188898304,0
67.7266754181057,113.79820486271556,78.45926185273431,97.69955719117245,98.89091175037485,97.13127021101397,0
65.97567241894794,118.71139193088857,79.79169988309333,97.78670342436793,98.33428761021027,105.45176175630932,0
72.86932699858134,127.15144649679326,82.71628482487137,98.488013486376,99.08618821683191,87.04371660528028,0
169.89845651391073,171.23632421886003,130.8127943220435,72.01725258814011,103.57719203356004,205.5571463861645,1
69.79783296550006,128.1698455160231,79.59592213418222,98.79502145926918,98.3277113563529,101.14379760702636,0
85.27518623638345,121.88168649488507,72.9997173141831,98.49634641107049,98.78872469580246,92.4514144679746,0
69.90409922329081,110.49277554965684,89.25390571217866,99.06343572186746,99.30969584721606,98.10164871936537,0
153.99255772077973,182.4318318223143,118.44335940892213,85.07383245800396,102.96602532939087,308.48532419524474,1
63.7595826661815,126.18524750195918,85.12386900332505,98.90664838580928,98.18802716787528,90.1078861619062,0
69.63882086418162,129.6213948699929,69.33440391140945,97.13326732933969,98.84882596199607,88.34329914368118,0
72.6901564748845,119.9733710643044,83.8938715398889,97.77743492922859,98.59304635618294,106.20086589499455,0
73.56750318740313,107.7200060302425,82.54267658813565,97.2259743496374,98.82644837877996,84.3244962830896,0
73.84830323702461,121.96031739888183,74.17279236889472,96.60544048667393,97.53628752638103,111.17229997733914,0
67.77393785674344,126.0052917770394,74.41336495534382,98.79668416009162,98.78928608360303,98.56620495160024,0
64.2464238293663,123.22558070531177,87.54761996349427,97.8614323766026,98.63702424686856,102.68293218956536,0
75.87603712268731,113.60578994257445,79.27657119628829,97.61624701908698,98.97316066444382,96.68553540391639,0
65.77652307404126,126.22407677351464,80.61953408260536,97.65302654689488,99.12682347118694,84.94290337620693,0
71.32603170185502,125.2055624287812,77.04061966828453,98.33394504799904,98.60751108935517,99.23035463559565,0
67.7716293863347,130.98740010857645,79.09177430546883,98.29058034787454,98.56081370716129,100.59484939997162,0
73.1965439159206,113.09338680593123,86.04946980009552,99.07865194595972,98.64718006835702,111.90109645619741,0
71.53738974351538,124.51911398521935,77.05042301875034,98.14805741389081,98.26515746930123,105.50380470153021,0
41.589849663617954,76.32472403869976,105.9101648952979,87.28405511987879,93.40334496767854,38.188224969973064,1
160.12067939099276,173.16735127099233,111.62649576382931,86.4338614576108,101.94386481952606,250.66090677468995,1
67.74252087150496,97.45288550810001,79.90830966683146,97.85181070959636,98.75850836837805,90.7563655993584,0
66.57231375003741,110.08611798461575,75.17166043076385,97.48557418173826,99.12764041097839,93.28998254688861,0
144.04624907617674,181.9663213422437,100.53342157597335,91.0,103.16374304604177,210.1302025121394,1
74.62043131040106,114.21917058733366,82.94218090120154,97.70101600262817,99.06885052383575,85.36181415848958,0
72.24551505237433,130.04016768546452,75.75547671814768,97.03195020445031,98.97721625662442,107.58713824831909,0
74.2120398532374,124.92199779554002,87.02823798753982,97.64352303137045,99.16636425619707,94.34612790879883,0
68.82829990950145,120.01383791329067,89.81776416771908,98.36752904756142,98.26355145297583,88.27793382144387,0
73.16431166163524,114.51085299148117,83.61535162067788,98.85729150412301,98.72072499443034,113.9143432515065,0
64.3225381995858,122.99470076607032,89.00764203916093,99.36103736093281,98.22753685993736,90.11628937585898,0
67.15040567015444,123.14879049608557,86.48958252830381,99.67009390058308,98.6835677093911,117.26456371878689,0
71.59693025970387,127.35034329087398,81.3348789156378,98.24728999957425,98.90847676213188,84.18524571957819,0
72.50295976757617,118.57109161789099,83.61498467312161,96.49241486523606,98.71870900283369,111.82476566449685,0
69.66991837019305,122.96455511815427,75.85428257278298,96.34964549584546,98.65736927501383,110.18924589135693,0
67.78804987315947,103.87051644839224,80.60395116250555,99.23661974214298,98.24082764264797,105.93538986398316,0
67.01429930153377,120.56757780030577,74.62448475941622,98.01265446414865,98.97543832127003,105.57786723886163,0
76.22703923894834,127.74697297001123,77.2691694789099,98.03476924809446,98.28633490312266,111.16098665772553,0
74.09880014740745,119.23095113828646,78.36102472061269,97.46475429605961,98.11665922020175,107.91527736727772,0
65.91144304088489,123.79542104836334,84.1908860979972,97.5274991069151,98.51518227505319,97.18369484027254,0
79.36159934330584,121.8032060017869,79.19980663210328,96.35448775487465,98.69117890482504,101.93594823280928,0
73.31581402320262,127.47598444641281,78.76146400782751,100.0,98.49253255343638,97.25232405624521,0
76.3185476528891,103.54680903162946,76.80507472966661,97.08767448593365,98.8041759912004,98.82032415831316,0
66.02510763125862,133.28521104861093,79.06149197062982,99.01664320731588,98.55680661330189,98.1641771050684,0
67.2003569597884,119.20789053880742,82.25661412371706,99.16298088039184,98.01593989517343,79.87651490679139,0
67.0654804057068,113.15184435124252,86.48648766962773,99.01862451003382,98.09005937159507,87.68115754449504,0
82.62480381381306,117.874617489714,79.94897199804534,98.44081979890572,98.15348393187953,87.50703074264854,0
42.472216627493275,70.97153499669835,112.13612631111089,86.26757424548687,92.6117214413019,57.704794658883344,1
69.77650342559531,121.04146444365114,69.90882944284402,98.4607888482614,98.66136847820157,111.39628754615762,0
82.53204505465922,114.85418239492789,77.45053023567183,98.92193660128535,98.37869293652528,115.09701819187646,0
63.588893623246314,117.8750497231386,71.92625068854335,99.68266291464812,98.4354173960934,77.40446687344408,0
70.38812548014154,111.68712783257472,75.86754312144883,96.78232862239352,98.7173224944068,89.29169739785246,0
69.34173587322911,121.12454958247181,75.90998907629127,96.78250067378413,98.38212148515211,98.5812327361699,0
78.3928822503921,111.74624249946007,88.97262424196106,98.6140362639572,98.88512192198193,94.75170878561025,0
76.3137198639904,116.16402926881203,74.07039200406572,98.6629937020526,98.58019814157397,106.96223682562848,0
84.94384927959302,133.93959292891833,77.56416408485428,97.60869689605954,98.66027369154077,93.23700088765297,0
71.38047143910572,116.45667657240264,86.92252481325517,97.0674406115533,98.54463285906401,102.27015736955906,0
71.7861511062151,118.15684535185459,81.08277369189103,98.3587413881083,98.86362721152099,97.35650581136235,0
84.37514951545887,114.70834505315656,77.25436759505212,98.10080387045977,99.08685196846244,85.11012497362074,0
67.48818400956708,125.6648528876939,81.20704558185024,99.84893861856186,98.4903816044457,99.95651513372816,0
49.90757559365905,71.49723056709855,86.28086816005123,85.26429122949176,92.68048957286713,37.6807471604755,1
79.42689787184077,114.06354081378645,78.3791156947968,97.81230606857824,99.13711812616867,86.9652757121842,0
70.07599424665685,105.23113231562051,85.04207984971495,97.82332490729176,97.6233885716326,90.12549531276449,0
69.06336334489066,120.57941032649798,81.36830059606251,98.93841142387329,98.9625124480704,90.10995561713987,0
35.892122546692384,69.32279835858543,125.1140931194735,91.0,93.09295180969038,38.32881051946576,1
82.34817989856666,134.8718936088031,76.99051419533693,97.98445284635642,98.22327890707001,101.36223162376663,0
75.24877636922872,114.98398558103126,73.51135812159384,96.7106179108966,98.62094913588999,85.41423592154018,0
72.26108801186079,125.96113732125238,83.93638146561457,98.22584183403731,98.35530798543257,105.22045536244708,0
80.35908754760943,124.61042366953357,78.98538021732887,97.75867861206214,98.54172104011137,88.66803987029898,0
74.63085443285837,131.77044720192612,81.7468177674119,96.82426555333303,98.57783037520703,119.74652362221809,0
66.19814314122472,131.5047905638437,83.68381672583948,97.95755147098825,98.55523332592031,89.67185590491802,0
71.35781784027266,124.96546760118721,83.03471304193319,98.84108153860642,98.0584868956834,102.31059121082954,0
65.7611608138387,114.39586760356326,75.71749021440289,98.84945625510433,99.0690415834972,92.99100378791933,0
77.10133045268095,116.50956272948083,85.94821322742618,97.52380083960101,98.60878931838528,115.1344497538915,0
61.361805190758716,119.8864381768284,79.63007609231866,99.0759341227008,98.29364637267174,94.266950777686,0
69.54414915542567,118.93001505730042,80.74443301976885,98.81748498077032,98.51571580776952,85.37071792608987,0
74.66557986891624,126.37292949779899,74.40374878889678,96.04825739098955,97.63029405172108,112.00629660979723,0
69.99553661412035,122.25753262202933,89.03429442073255,98.61353612918519,98.25215558603873,107.62832641674484,0
82.01412915173636,114.10297158911571,86.67253066668918,98.57456171753671,98.04537597648759,111.8939137861293,0
63.02082446945953,126.62121709588247,91.66508209126344,96.64217679293456,98.85843237505509,123.00449976718261,0
68.07740196810708,114.76781042229251,67.61246940685491,98.3654318428247,99.23447890603164,92.6381328991138,0
74.31793990686936,113.69686077035381,75.8751965670438,99.47737256063085,99.21301323624371,108.62817555230333,0
74.30061018842187,121.97425347323555,81.69236552656055,99.39694345623282,98.92553650770422,101.80743894928219,0
77.33422273367935,133.89766276682207,86.9347994513664,97.40835418465755,98.27119899195404,88.88437657511733,0
63.80505506750737,104.4700102383423,83.51609127428372,98.65882024468947,99.33352989159998,115.97699325960916,0
133.52543186181336,197.83192796287247,130.33190540322997,90.63413367385142,104.32805822410563,289.5769769884773,1
71.53533923564405,131.18178105255137,74.6492076824657,97.16686686631965,99.28084317364065,102.75330561131811,0
71.84156545824644,124.92198138065234,86.6167046124497,99.12567993212346,99.52464375012025,95.9156239872734,0
68.53857806602558,136.74476744691793,83.9925066895361,97.08238401089366,98.24513496465485,99.85358646196681,0
64.46095863432446,124.72595939484845,77.48418240476822,96.5531170332393,98.62666790216551,94.74027940596015,0
62.803796640660416,135.50030959789618,85.09964302713877,97.0645645945413,97.86103997565776,106.90769989585287,0
63.625264786845094,127.05113050231284,78.13470666168043,98.2832699501466,98.35410375355283,110.8165518176968,0
74.95470758404889,118.44678210095412,80.60099279373027,99.84539968125038,98.49610104664067,100.2362060241465,0
75.1788250674917,127.23716738446946,72.69848782395388,98.49243733915416,98.4448956308735,93.58887572455548,0
77.81186994319734,121.7016420936249,81.68249894410451,98.95925337644904,98.59776514641273,109.43600052794599,0
77.09767193109728,114.9355936430614,89.71288589415316,97.20482498758616,99.54735738729414,109.2879059831682,0
74.44231372274722,107.44846521461328,80.89334887609536,98.75775478020819,98.69831400695247,106.63910327566856,0
82.43310811111999,118.41140273703454,76.76735760261742,97.62213054603865,98.68284851082835,107.45932224523781,0
82.0720480402354,108.18904644251182,80.60751504909467,98.3776184064201,98.22952564943039,105.00427179088894,0
68.58100243056745,125.27392231394765,79.25060983238916,98.90511918316939,99.23843571687769,93.53160322914573,0
65.21466938804451,129.16905618603474,82.66011216136393,99.49895846266753,98.96108525931398,101.8088362456585,0
79.30295112495298,126.37151048565322,83.33609469652264,98.01662098136241,99.13087648912071,93.82513688919991,0
80.85924209835537,130.13457492920506,83.9953403657115,99.28373943370141,99.06578587700488,91.86740679261491,0
71.67063599630228,117.87980329340705,86.62502327472819,98.73707067061767,98.16722164832841,99.53820787340732,0
74.84179246086873,119.47958269169033,74.84956972547785,98.93283889236224,98.51682096045037,103.12524815823261,0
60.14707337269718,133.55102717976422,77.41016350391745,97.27205013252569,98.28138976993586,99.33547876332074,0
73.11872588861657,114.68864319445237,79.45736078717576,97.61652198107612,98.61676721609544,91.17321177839403,0
75.50126581807133,110.13756628116633,76.81871582506982,99.26405017050716,98.68493045626715,102.30706156457694,0
66.4526153137314,123.0824779571454,85.86137479804034,97.66594691794316,98.80681105792989,88.25946219701734,0
74.72120580908388,118.66687669849549,79.24835813118145,99.9417461220517,98.48252298971774,100.84590633747536,0
62.49518434196706,129.3587835148917,78.9405523440088,97.8726423318789,98.98321410745153,86.54119585239955,0
78.76745395952142,116.445982615952,77.50904039649281,98.44337598210238,98.66185598345054,85.50251549144546,0
67.07590608988974,122.68941450404128,80.6965981536478,98.08114383184962,98.74543370953847,111.44205158657931,0
74.9771951241799,119.27576047107154,78.23439909998777,98.45170020097594,98.38073484842394,126.42910482624303,0
134.19717982485935,193.8660040450259,97.59817439292709,85.65279946517582,102.81391771055569,263.936843693886,1
159.52030412084716,207.09084112063582,100.27114006374228,80.7180380619873,101.47984855082224,297.5198452335845,1
68.63635417891614,116.57590677371049,81.91058585296258,98.34211942010965,98.58791490928628,112.44789386099596,0
74.62387912223376,107.16405962659395,77.49411431523482,98.29493473511013,98.06820257112282,76.35484630144163,0
74.52927650121937,127.39270876168992,82.48190823264423,97.03056755671167,99.18972517571669,104.83053571651445,0
67.36458750746256,124.5229077321692,79.27756079277785,97.18147519434993,97.9481842800139,106.53250945341291,0
72.88075807191329,119.31183106781937,79.35351271482246,97.9955182036232,98.61270788507905,100.72267909768898,0
69.4132465825494,124.73555233507983,74.39957433737233,98.18091067522502,98.08261979090804,112.9342687496295,0
74.35984230003194,112.12361520583593,72.15450487653388,96.510390387649,98.2825181681991,91.34437173603587,0
70.67247825848537,106.24110875966446,84.65443691395919,97.65998020937654,98.55381707312432,79.06891852680303,0
74.37491868657554,113.15214045513632,83.63435261872468,96.95741684646617,98.9737314986904,111.20189460406847,0
71.77457613012311,121.7043255399574,80.71542468513998,98.6967578627143,98.37942687504143,87.05579028413305,0
75.03353545101525,122.28896159289069,80.10006902500805,99.16121140241161,98.41649326813352,100.5044744277446,0
79.13158093852205,119.28527858775993,87.22425143629904,98.23328758155738,98.77274219738464,121.41791824215528,0
126.93773386116084,179.32397708056862,113.71188198464262,91.0,102.38456574647122,262.2293867134688,1
70.32669963509547,117.00177219541571,77.0183765545404,97.38160314703934,98.83696840295492,96.27088595905398,0
73.44451907693141,117.45807847228045,78.06209554372215,98.48114589076519,97.26604291574967,107.84288125727707,0
74.00197263172169,115.86100647838674,75.2193214852073,98.13819274779132,98.18478056743012,111.06853624472569,0
73.02820968713982,120.90032215283476,79.67294883202302,98.10160771869,98.79671195584027,103.83567131707065,0
73.73864914137847,121.9110750224607,72.90283401727496,98.47729600880942,98.52521139487308,87.01280365010625,0
76.32681217527349,113.68605145389762,80.7762302602914,97.61406687348443,98.25951064333475,91.88026707271689,0
70.96318957562121,131.15074867219167,75.7303985123964,97.55071465206419,99.13312069219043,102.62683457946837,0
77.19453116502073,119.00845989792911,80.39789773278281,97.22451735131558,98.6880580761405,103.36122902945573,0
73.02249733425293,135.62049237719424,89.34263594036545,99.29599767063979,98.51033346820363,84.35669673550906,0
77.24710244479513,126.52166176807667,73.35320470532969,98.06244697666313,99.08371181555559,94.2340907451419,0
77.36218613633467,115.53533914998044,72.96594727697564,98.63618048868403,98.5601886689409,82.56644728648827,0
65.90472703806013,119.73619015480433,73.84510751597371,98.74958257137364,98.2168866572388,102.0490538869252,0
73.08612935222224,135.4140974726173,85.34641853197591,98.5921029832025,98.98053304244421,96.63141650710524,0
71.6428478636292,114.2172160579982,79.79696884160735,97.27830354598456,97.85674999450656,105.08192939171904,0
73.51899142822789,127.26608769121174,75.87451350027237,96.55438979922344,98.36660256261209,107.55633482682066,0
70.44657015777554,117.79442650463754,83.23371967709322,98.11169413010667,98.99820743086518,104.24291132654463,0
78.51589269705019,110.11091968769611,74.56644594307636,99.0974226874227,99.16683081333726,98.53651329831803,0
153.0333120821696,188.03932393783924,119.31744119787784,89.06585648823729,102.53530569270961,228.04619310492288,1
71.79189067567931,124.81553080436,70.11589215526205,98.59629978546121,98.66127725622323,102.37041223863027,0
78.19527722604994,114.05195354965613,78.51025317593388,98.69403261096794,97.8852129737796,95.83537264539167,0
70.32622241800915,138.97556009328372,76.85202884068102,97.82796863788433,98.00726179956747,101.2180132231337,0
62.354640813786155,124.77220386170599,84.97763345837058,96.2028563323709,98.9886905239042,94.34868628207593,0
67.0666776266014,124.11083689424923,81.64322012902404,97.84750032169008,98.08281359503859,103.93572011154593,0
65.21877765195646,122.77456869527145,72.85966411947277,97.59494904705444,98.39247998305144,89.87025404180042,0
80.2492585148891,112.31999445259831,82.56271814199701,98.75333117177821,98.71332943701427,105.95963308831091,0
79.15139600648143,115.959398920026,76.81900779398936,97.3940370160525,98.6774513003673,104.69762689634108,0
160.29454736003976,196.88997600260126,111.31938245999935,91.0,102.72348357582014,204.74481276277163,1
71.2324944511154,113.04487339084174,78.01225651727111,96.4156724221516,98.0777950249668,99.30666291850699,0
82.22463309753294,123.77835158979839,82.45637010363141,96.56463117295311,98.18268896235571,88.18849608898317,0
69.58922983835019,120.88777279594473,82.83303916417545,98.87316929238159,98.00972850072394,100.44241775393851,0
73.98510782769347,115.58966098056162,72.2539877742608,97.43944265490563,98.78591810777758,98.09462710273019,0
162.4287650681934,184.54622944532642,122.11851048548955,88.91570113897293,103.60069301599401,255.49836778336572,1
78.95444438973539,106.88895918348565,81.25257101877799,97.71692092640176,99.17976550759874,96.49272871432134,0
61.86490177219643,130.18378321902657,75.67395473073877,97.411307475308,98.46679881120546,104.9668561930448,0
85.02565630498688,118.27565303174106,83.17622768301979,97.15097656791797,98.52604600676052,100.32074327557187,0
75.26532211404208,130.43096265469887,79.84329423665139,97.09889671301565,98.63701255669642,91.21331904828358,0
67.7054400653355,122.27260764851763,88.39286982174379,98.76143062406089,99.16534916987408,86.66078457282302,0
67.99332266118668,121.36782254898324,82.19921443236414,97.5069005390237,98.76932935260605,102.49675027987784,0
61.24136128479254,122.06598685536191,73.4454399646392,97.18290454135976,99.12751187405871,89.57932176468894,0
69.11499726292813,109.51937323861078,82.21946419521443,97.52054058904955,98.76490158961387,107.6920464888916,0
155.36233472031054,161.27448239412652,116.98012262258449,87.48296990677345,103.58196920466384,233.50896238317898,1
71.49769224090473,127.94934409844033,84.2177514561106,97.38389984676071,98.48161139844551,111.4295973691828,0
75.65482872544307,121.45825756037914,80.46371532889776,98.52321901117693,98.22518212592328,96.69414661541668,0
75.31824051511416,94.79240426878337,81.34083474910987,97.1156197846378,98.5053917938377,117.8908898293306,0
63.88494786335566,127.15374208542002,72.55538871964711,97.12186368191459,98.90335548520446,114.65726412989434,0
66.81670223646141,124.32852396381766,84.89001487999204,99.21126549649301,98.6716083656918,111.13695678385025,0
134.68247209986583,185.360716536786,122.10043320601534,86.18739494640562,102.43141193035653,261.10507426603624,1
63.55521735374067,110.65772575162838,83.73011976491408,100.0,98.77062716471346,93.41872274443315,0
73.05321737747158,119.77263274910534,78.14467985549574,97.67457872862717,98.79070902120104,89.64769157180189,0
135.18958585982702,196.56763708001193,135.8319090843427,81.54498012437837,102.77122847132372,231.6845973326404,1
66.44745224364247,123.83646847295019,71.31156900877329,97.26873902667296,98.43517773809576,126.68882758223256,0
68.31847436782323,113.4230438292223,75.89580520574854,98.15854965315964,98.77442042991036,92.32596727832203,0
66.96474199596597,118.07415000221468,86.76379515307381,96.85942151051144,98.82194689608579,106.56120456368646,0
72.08357575147768,117.11264691678444,75.7113341169749,98.47086885937539,98.41539474589803,95.04000744664687,0
66.78202151235183,104.46155436783704,76.38582602410875,99.08675897702656,98.95272731208026,98.999589622694,0
71.05195260852607,112.60778440023333,77.72328788427343,99.44682284011154,98.3443135436853,106.71850307175194,0
76.60924329979042,115.7816298676981,79.96372150767169,98.06134366424087,98.69844709178015,80.9278092899208,0
80.66179202081288,128.33882477142282,77.65434641936268,99.03173898051406,98.31135112350825,91.67395588009765,0
63.797173161238526,115.40363150440207,74.35467789083849,97.19459832993442,99.14812660005572,102.4330822528875,0
68.52525534218552,113.15383883534203,82.5860510807948,98.32781871581598,98.0146425485979,96.15430233025677,0
74.24009135826839,118.67566873107444,82.66813212408238,97.2398076782591,98.25735494258,98.76631894623098,0
74.1699663674821,118.05138922674475,77.78390653786153,97.76396580984395,98.74193606222812,109.23014819233018,0
78.25034798435311,127.22157642202623,78.27682581495922,98.91552979172474,99.11104760529268,101.20905915086054,0
71.64350891236504,127.90193241284572,82.41424372874054,98.68714030600297,98.49574046004203,101.69785116454756,0
75.42367798331719,118.45987380638228,83.01866508095111,97.82882880475846,98.62982562482419,101.33154528171616,0
75.53147042652365,118.08946675842141,79.96162968157748,99.83443133314009,98.889600902,100.92804546056429,0
70.35604150902418,113.52949866458736,79.6062355687768,97.38977930746215,98.62865251071047,93.13721594381899,0
73.80928405400168,119.73474842798218,72.3173465480898,97.60030350916401,98.97472572676907,98.49411660591366,0
72.46111129775261,114.24729620105057,71.88041078715017,97.25460666796226,98.50418021724606,94.81834710172099,0
81.25265971540725,120.50507265775232,83.42357427024946,95.856033168378,99.0748509009632,79.20411880707564,0
73.06092523283638,107.55623326340859,82.43143652370448,98.45596839988059,98.48987098876513,94.66285239955306,0
71.47030770989247,112.27770933136834,81.57761470460126,98.5570296224878,98.96665107548912,101.89099556766851,0
66.62958094634037,120.08316304162454,74.92353812875092,98.9310118548691,98.23693691670341,107.83431186643881,0
62.99866883131838,131.1441742900326,80.78549325321914,97.38385187110737,98.70454629684542,95.30828743000671,0
68.49326824889737,111.94141339744999,82.81704975411066,96.24512914845775,99.0445504355957,102.3423541081056,0
64.06146123955502,110.50820758598026,75.69780765966584,97.24539561760673,98.35485680213023,103.01788830797183,0
71.10035568552534,114.49399535909505,79.77144622677086,99.24616499787794,98.40218916621909,91.91487807250329,0
70.14472574489271,113.41284109533535,74.52064594600641,97.5861898813781,98.31751065837277,88.0774259100621,0
71.6241625360366,132.2101778032018,70.68568206774381,98.43437692202836,98.6805969292533,105.58099372406707,0
81.0547860804273,119.52199654564997,81.33147678220311,98.01365291207506,98.06641334760484,82.5774103051998,0
46.026509903620195,63.23077790419964,100.42044309985869,80.62716721374225,94.04758842225094,58.401619392702216,1
62.302136349380476,120.58866071775138,74.64839725674081,99.94730422888968,98.52692009123123,106.29648013429895,0
74.55532323715822,130.77399642067456,80.59175100561718,99.19036141975207,99.05928191386259,95.97327440057798,0
87.06933930950655,109.36075040266711,81.10064593743888,97.78328498861357,98.61167350322216,101.741762564046,0
76.32937503075686,128.78163091666832,75.99912350667948,97.59364314862958,98.58942979145317,104.25938110948589,0
66.62792206582185,114.80329540698486,79.64976778136018,98.14171179031752,98.96734524597355,113.65058321512224,0
79.97184496948938,110.14894589555318,77.21917715289,96.01347285802248,97.9597267563936,101.45525878206975,0
67.14371507350347,112.21370771230593,86.5509742802715,98.36704679292997,98.52866464500211,89.21330723936109,0
74.18484177632797,129.99130056116337,70.94180076440807,98.90161944892475,97.89498915546199,82.00023429580945,0
82.5287650919062,114.03836477965925,91.61304612631383,97.41163843569322,98.88100120762533,94.71919359896654,0
84.55918759325967,104.90488236096478,90.55171326048189,98.13250809684219,98.22802935605233,94.15634469207029,0
72.3116753148438,112.66989701916815,79.12866482766538,96.37854737544778,98.66405766596614,85.09534005946148,0
48.331273480891554,83.66301435641596,118.89297998588289,85.99106439213242,93.62546354004566,47.94451950197553,1
67.9855635680405,131.57316746024972,79.06781792089222,98.12592382048545,99.00869010750402,100.97608141127748,0
42.14590330338837,65.15529247858116,107.52441644889609,86.58041389317762,92.63763604410265,49.895588537972344,1
71.78504376534029,123.36182350984147,74.99495227758592,99.4591609941887,97.80055777337779,88.28731789841385,0
65.56354184556116,117.41966443950011,83.2866054755977,96.9503258842432,98.45081659591474,107.58027378760471,0
76.65616748306086,123.1090161976108,75.2356947970685,97.00347158338144,98.70309189648441,103.21870382383057,0
70.52362507122031,129.73178729258393,81.44669452821492,99.92483836207987,98.46384193731365,110.02802734320083,0
72.156546301265,116.07063402490456,89.15588567782943,98.21138065464596,99.68267517639019,115.43950604761145,0
72.92696199357151,107.99374020507605,93.45157503644347,99.72262766070455,98.31106655045991,113.7973521108657,0
74.3609123125305,121.54408476416152,85.98313560413621,97.33851211471848,97.82820709494956,93.31005567560295,0
75.31379962607714,121.28096114751682,81.68451631988307,97.73025939338834,98.75130359292716,88.17542052754666,0
72.63225303687575,108.62119176506557,67.54419295924271,99.351088946337,98.61900585390451,110.0633556910513,0
157.85884804992597,193.2129534123984,106.69983833293942,89.94309357914457,102.67808722358211,225.49315465273284,1
75.71826867579682,120.45517241832147,80.17071946670106,98.59705609973854,98.5920273753371,103.29892597381209,0
65.12192764188788,111.4963570487795,73.42900235188445,97.71586044531104,99.38827135658659,97.49823370753086,0
70.77851783938583,111.6240944996832,77.29189618345406,96.68708702324176,97.81521325972867,105.27696503300123,0
137.029601776347,172.3461496565665,101.68147006960601,75.29510871011726,104.42421469291466,289.6793429570067,1
70.5416328067148,116.84146821139286,75.85798389125874,96.84634064857343,97.97403363033597,108.97197552273546,0
72.84589619767236,109.90662750721734,78.82064267733162,97.63075610838425,98.17707816498746,95.09175817022641,0
68.57292606130322,120.79376074376682,86.45734444532681,96.26160242147822,98.05033061905138,102.05654665929718,0
67.10269653274821,121.54441563015014,87.09922243686526,98.04672012026498,98.35706923583291,103.43110663431366,0
74.0103481745047,128.74797294129024,80.20261471158506,97.24588752020894,98.73504248898918,99.60686061500166,0
78.98843612674303,111.52887339610089,78.4626954999243,99.14947706082853,98.18678846198601,99.14598248931732,0
186.4667349667808,168.71386518549605,111.09727883852271,82.78464224392498,103.9600275011036,218.08721820817902,1
65.45760553534292,114.29921268787574,81.08359821061441,97.69340692532161,98.32479647406205,89.83299047248047,0
79.66179231652913,111.64069344011709,74.55243295863272,98.52707119867812,99.60145465691532,102.47247066379305,0
38.929578424387344,81.47789349217656,102.07909120279228,91.0,91.52996641318907,45.67373271157154,1
76.0736819265734,113.64048241941467,76.15146450381073,99.32240432481173,98.20174303710233,105.38866824169229,0
74.30439269363585,123.49367071296425,71.49429762866379,97.53507698563529,98.46857869928388,111.37910174804584,0
41.0521613167425,74.80505726003325,111.46134952952646,81.71174407221221,92.92029887356067,57.751620740043556,1
77.98806065915791,119.8215410999036,89.53745336276634,97.45160321218881,98.7330483139124,97.61830457624028,0
72.13578511606121,116.7867782877477,84.57477666505112,98.85306045605161,98.79269641303505,97.36943662110448,0
64.78710284354347,125.31851065867154,73.63881186384019,97.70748380645065,98.3883549330902,102.55658654097275,0
76.17723818888051,122.9672263771079,83.42828196256855,99.1320968808347,98.83156520950915,94.69461681707318,0
66.00968736487025,120.44554343047562,79.09133231192047,97.75818208747101,98.49484701078585,99.48878211266955,0
135.2068582212349,199.5918472113804,105.81640975085233,87.33747749356678,102.03543073403839,316.30697826130046,1
73.39672045764098,119.00803894808723,85.80041256199307,97.01902908147393,98.52991001334777,104.73710804907572,0
58.82323307340032,122.91966727096272,86.04137370326069,97.4311714124434,98.3040305085938,95.04677018016129,0
75.12767943008289,119.88762172525989,81.96022251934252,97.33063376088124,98.30853634358648,81.54994936067635,0
61.84521222171108,132.65325955438485,74.90597401204643,96.34789766830707,99.47670813282032,103.91081509416718,0
69.94387443551791,111.6019231443685,78.40046360998544,96.5252214587616,98.90933667785788,104.34610715548924,0
62.66462612277824,116.04224920800219,78.87138684193933,98.39412651043415,98.37312193959396,96.04540903295471,0
62.36132207845456,120.59126750472963,84.938642579623,98.15868332361873,98.4338198067845,111.9540649892294,0
74.57289900198344,119.57231744395892,87.90169885411484,98.88815732174344,98.65005319630787,102.47294053486831,0
67.60180202685606,114.13049568531234,80.96899356883546,95.76986974708538,97.89169023096358,121.43365982742418,0
125.21262097431702,189.84643131976839,90.31741293649064,88.451542936957,104.73795353148905,263.7664517398745,1
66.22360460829233,130.04899695214536,85.02465147033942,98.12809888435899,99.3132919566978,126.85305308835885,0
70.74586045628385,117.44303399257281,84.74820749308267,99.21488403018303,98.88754536781627,102.01436543917286,0
73.03352631846623,116.87969778142205,84.70533275725965,97.84762250272883,98.5323460157312,104.67379569726789,0
74.10887940211322,126.76869651741372,76.38609872277753,97.67143348374704,98.99863251810984,99.93588782628159,0
73.68381842694082,117.09758643830179,78.26249850147045,96.73266303403342,98.9600822613802,105.06424496947346,0
62.398373372977744,128.15493617794746,82.63719325929998,97.78530545261316,98.6951431736112,90.37376722392422,0
61.4217590678236,118.39432367701173,71.62209775187952,99.13705886004553,98.30175181313112,89.40411516297915,0
75.63363739578787,118.15603455416347,77.01506484477234,98.25165386898655,98.8253814086405,114.00914776169296,0
66.21176744549571,122.88096003414998,76.7460317246577,97.20932636007741,98.20493666816061,101.51749140975501,0
68.68666173431417,112.74583526838362,82.39018907596142,98.45262402998011,98.79970339423267,93.5363232965403,0
72.46093134636153,115.51220017842749,89.8437865471698,98.08936073859624,97.93957864197523,84.881952553216,0
71.6583262576736,123.78201560824986,80.47731020679149,98.9386110786255,98.57359120562158,93.88985648239436,0
85.84749750369666,125.88424698948369,78.70156568279465,98.69663150121775,98.70097942198146,103.39885309751881,0
74.77910877160551,131.81283638665755,76.916349450218,99.4769220222147,98.24839324553409,98.98420411277165,0
43.10606264958623,77.8145567190349,123.29408360032326,89.48240778599643,92.7162528189421,40.33127492995056,1
79.90269040403919,129.91488254190205,79.25182027874104,96.45173833176916,98.78016478397178,96.2341112518249,0
73.01076585761768,129.7283489376245,81.60029095746623,97.95537237693355,98.91554568634085,98.86782702375231,0
75.085528536107,122.7962856082153,70.87511126519442,99.09416683561513,98.56603707058585,85.5561448550173,0
68.50930779964767,117.66559603321214,83.43881924280885,99.41474381935981,99.13978924210464,101.3953746908304,0
72.0513364849461,111.28464143547204,79.86626849413537,97.03998947781217,98.6298136000889,100.25659849098722,0
53.03006230835508,70.2867164885547,130.55483180372966,74.61791076296741,91.75192404741018,60.64433133831366,1
71.99811796432935,125.48211921443908,82.76062292364921,95.84073106468023,98.32150864785112,112.5353405777955,0
69.23298160779228,117.64949842714175,78.23104634428843,97.45045540918996,98.8949290462702,109.9416804630132,0
78.3682257892388,119.50215796418765,85.8509616703528,96.71505533804518,98.3610938506906,108.1990077675885,0
140.54766416248245,194.5336580518356,106.3608114730759,75.35001104341534,100.78943337842072,213.58841234832028,1
66.71547546238362,142.10439898131008,68.20767928896268,97.93931456679807,98.78975642606241,120.49507318183537,0
68.37153201277073,121.96861344553022,72.88970751416035,96.69174674457562,98.9802511492506,111.63023302957036,0
73.79575548243895,116.01596260929226,73.66361655813635,97.74091594091936,99.50338431846185,103.66686773855075,0
69.61465340704967,121.05332149141731,84.27184660174711,98.31018651682871,98.37668896151678,85.9441591692256,0
68.05863432617163,111.80803505522258,81.7942403633946,99.23272834206828,98.58744162517358,100.8059582402975,0
74.64284842776239,119.25664136972173,75.70300394591399,97.09034797416696,98.20246988445709,85.32727601807886,0
70.06392096694718,127.98047492546613,85.67319849910528,100.0,99.01577655689223,99.94256404484084,0
67.9793087972746,124.29422115970286,80.66880287027115,96.04992207347561,99.04662570764552,95.51842381214782,0
78.45604283159159,126.1604617407014,83.95570002177942,99.05604160645855,97.6620110921915,101.77328363141143,0
75.88968260306315,114.60426838089917,77.44854420218468,95.06379905622188,99.23144615619145,106.59774758641778,0
40.75543441283533,69.99909905703167,97.97087982114837,84.0548767866949,92.60811697037904,55.418453686277836,1
64.67493810017386,99.60020807128141,73.43766348275724,99.63486285116035,98.26999524063751,117.19984530329404,0
80.70600862878801,114.8608669371529,87.52106450342615,99.69417575819105,99.0926777201736,88.1091629265485,0
78.58291627052218,127.58201648862514,86.48128354874001,97.72949469590382,98.09345653806143,109.84485002434657,0
173.37530348767757,184.14788904926812,111.54679896099607,76.13660465709218,104.9268438196157,265.7250589342177,1
74.45191686888403,120.68009050960373,74.41967911964052,97.31393847345632,98.63532360531374,81.31088593529347,0
80.90469617121579,113.62772960650202,76.1469102493733,97.51598037680372,98.42111570538218,100.89834122128455,0
79.82104759160856,122.68045197040084,75.73216857648697,97.54099553977709,99.37890269546571,104.88695145747478,0
60.98276776138022,114.83834067551429,78.78812270947444,95.77042442588812,98.54755181470013,121.75954161835486,0
70.71931708972892,123.04151852263914,69.73256725672056,98.18861234197502,99.05091244937282,97.90297893704447,0
81.29412090897112,122.32342913395522,76.37818184098269,98.40105830769363,98.37003646851771,99.67161649344052,0
70.53551715795479,115.5079099944351,90.15579356536615,98.86018521078185,98.30981131625676,117.63537502442354,0
65.57885062263401,116.20968895444982,89.50415907532873,99.23291858667748,98.88619137271321,101.30364059961826,0
60.66210424742308,123.69236583119411,71.463285231752,98.06310712149202,98.18384793966243,88.00924682362452,0
71.8548263616545,121.30086340231927,76.35604901811308,97.73398330443965,98.36757307997598,97.9918276545835,0
39.82189210623673,65.27146784858874,90.44968175963834,90.30625290699774,93.88929811929346,52.238047264523935,1
64.21900831226492,117.50735565966662,78.95897371005017,98.62301102929774,97.8356086485819,96.08052092805733,0
78.35237117930328,117.23301516388673,72.80147351690982,97.9939381742264,99.17036413292854,97.65740542798888,0
69.79905352911187,125.19275606073089,81.40959010375525,96.99986107876005,98.87212115682418,105.39112065252031,0
79.42592254507198,121.10344190908661,89.3137984319014,98.54380665388811,98.64012918230246,120.0778171781302,0
65.37846409670537,124.88581821091068,79.266841129782,98.5356402250166,98.66876833956297,109.83906155332923,0
69.84222196528522,122.669469842062,79.49652063591411,97.90112737434052,98.95210528224028,97.87987107665458,0
77.22778378474347,123.53890497250505,79.85098109074279,97.8357862159585,98.07263621977677,81.02622669477184,0
71.44233476031847,117.53282387853581,73.67393982000901,98.17729721314731,99.26514843942562,87.43819973278214,0
80.70686164677025,112.94085887216855,77.5529288275279,99.21506560559163,98.392625747249,106.61929564734008,0
72.2041644664334,124.36060821289315,87.14759829262997,96.17280406252874,98.27966363353488,105.23547657871305,0
67.27329748855057,131.84642600724243,82.2024724808167,98.7936392943301,98.47000856233252,106.24910088468843,0
74.35082403241528,124.21806187584839,78.67037902963783,98.8930774345657,99.0661302396893,93.67999395395687,0
74.65164389741645,123.56782461857259,87.9905544787588,100.0,98.6817019770628,111.91006549750692,0
77.00353292729342,129.457110267409,78.14268989456157,99.17269757718506,98.4671288824277,90.26642580565903,0
68.54509055613192,122.02428571183108,81.34387894574321,97.16381288546168,98.37243805876423,105.50742691532548,0
73.36475960762478,123.63209826308085,75.32703052550764,98.61215680695555,98.58490328151656,112.21834906005519,0
71.57900573124812,110.68506408068352,75.09526636493315,97.05518550975827,98.39405413503849,98.4544118011226,0
84.55432365411276,129.89931101831763,90.85901333698301,97.38823213780728,97.83589832748757,109.5987546128489,0
73.94450381636877,118.25968902363326,75.9674008377172,97.08871994309705,98.35215049812427,110.23680849162606,0
71.77419178545091,115.40317458060811,83.27194067030382,97.83607402324448,98.44360022339053,79.44300226043784,0
46.19111978194969,82.77188798614482,121.15875733555539,82.88206813429623,92.61627045471506,39.90672602744057,1
73.77374693248257,132.3543966388554,81.63455432119588,98.07978843143232,98.39487247621746,80.66085188322566,0
73.76534477408096,120.08518777598033,85.73481434127585,99.5639613368597,99.08999256322235,100.56496341418485,0
39.1363332262848,76.86353417696176,127.91267154429956,82.51927439598072,93.24307829503796,42.49722723515219,1
58.68991343969351,124.66114476594473,75.90473678440597,98.40741803465198,98.17694842790607,97.9820289699839,0
70.3347344621067,130.76177711479002,77.98975349862604,98.75391206519214,98.74226794913544,114.5931081335376,0
78.2302731061159,112.43998174132507,77.83324722457736,97.54806386199401,98.23772176359827,106.35228478791204,0
77.08904527600001,126.11792825704818,79.66699486489013,98.02027189212228,99.31574977963805,96.9042372642025,0
65.59427742370443,127.33937855735415,65.99044215256055,96.82851687002902,99.2508472208639,105.11643063469575,0
68.26779116667372,120.46052054054273,82.22429110299161,95.95283311483652,98.59946796878947,110.65415630203232,0
76.18933988168153,122.93131972089247,79.99695758838855,98.51367521579331,98.59220941387946,90.71117541589834,0
66.68850788325466,122.59238187130192,72.70106664041,98.21092616196393,97.8558353991214,107.50810238851608,0
76.92289308718418,117.12282544447778,77.80575004760914,98.27820459602098,97.58961548729225,102.91861313014654,0
81.22759151047532,120.22529560925788,93.01239937437157,98.20104766428169,98.10571759039115,105.03414243549322,0
74.59775895216417,123.33026394282072,83.04492223246217,98.75875619265604,98.72456334047573,111.73928247354809,0
52.78377244311844,65.92487571703032,112.27605852787204,80.24207959717705,93.68833393384105,48.916020832325344,1
60.922872826571435,124.11653672617483,82.82249102023748,98.4870865591156,98.4816289839165,121.82267809695493,0
74.27491871235675,117.754512967036,80.16783824034503,100.0,98.62397715575887,104.78821188979828,0
71.30611030567056,118.42040533501424,79.93248377703512,98.14403090197922,98.41592518044084,110.39632329301116,0
61.77677047903968,120.27799675203744,82.15641908443149,98.28981119556661,98.96116662056558,80.96196132518733,0
74.17869376646713,120.12776722599278,75.92106137415713,97.27855925016979,98.14914696652725,95.19243493272967,0
75.66222159260079,117.3871222784108,74.87624624961805,97.57656341682072,98.89887463605004,96.91685630790153,0
66.38642220742544,117.7353953725088,77.06538697277452,98.29378668827472,97.62980684057892,120.26195977193967,0
73.07085998331233,122.21247508810966,75.12916285913889,98.13982527132605,98.31946875994473,104.68702967249409,0
67.72292530393702,128.33760098341435,80.57798369339955,99.82246334299379,99.01872036139653,87.65594342238255,0
71.4099622392315,117.50818140929917,83.95748717986478,98.36539620823619,98.88235767844182,130.38281613621828,0
74.09790028379817,112.61706881523855,79.02605189358383,100.0,98.6327445364327,90.72364849112489,0
71.82442311789013,114.27475710503046,81.71225439588451,98.93798960029135,98.24550462665461,97.48275659392483,0
77.80910796319716,119.10815189327027,83.14039348450125,98.17070548275451,98.44971283637851,117.36323808849889,0
72.08812916837518,123.16929446453686,75.39923884271157,98.91632895343857,98.549853205601,114.99940092536312,0
71.61489503226709,125.44317243254591,72.11385181933939,96.59101570004826,98.68147691139058,107.65813813920393,0
75.01646884494488,127.98175386869843,73.19988211844702,97.71196926056078,98.75558341441611,96.63814196378048,0
76.03716741580092,121.03108600272358,82.53805911471623,97.59593054974752,98.09028511077962,94.72983012616693,0
72.2280208690092,122.29467751501886,76.68654258255982,98.44858087925185,98.84323704958682,101.68101461261595,0
79.97491518079458,119.81617444711104,79.15607631292025,98.43489296267734,98.50741911400493,99.90628441479235,0
74.29793390844557,125.65999704823082,69.89971792738388,98.52086569256157,98.82317511260975,86.45707073673063,0
72.24795379362371,120.82395192922671,68.22040537533839,97.57301962849324,98.73454269498824,103.56286548310301,0
77.62542082575935,121.42351621999137,88.38619796487228,98.03474123353902,98.68654261383651,92.65679496726025,0
62.140867133075,118.74339797589263,81.26016989967438,99.85880263558052,98.23528084733573,94.09573045940249,0
73.54785588732709,129.0244213598481,77.23624606466839,98.50116207006845,98.72522001952748,111.23302531113856,0
72.04237895176905,116.99255515030744,83.12966047986451,98.4927154194614,98.70010469505819,105.05692501297453,0
72.85829261927371,123.99798869426651,75.98639141887541,95.91971738275755,98.70572056563037,110.43995191330686,0
71.87459043621512,124.51162944151704,89.24020095885425,97.26273832360803,98.20002118928264,92.21508434881652,0
75.97728761200447,126.67859571509639,81.36807290582853,98.41362637771434,99.07102816565978,93.27968923352923,0
84.36902145981838,111.99662706241297,86.88987166962707,97.37013265086263,98.69066294385959,105.5136769928264,0
75.06475253116557,127.39707437896293,86.16102118706955,98.1538542288735,98.84421135768372,101.68667760019291,0
66.541899498109,132.11225270400018,82.27437900331921,97.67664633056128,98.62726684015463,97.101601073227,0
75.64737905829924,123.53207270134173,82.22295997536564,97.78731026569488,98.38635134335483,94.50624231393273,0
66.92184168067816,128.28484371807124,82.629720903124,98.28057496595862,98.9801117133953,91.77923305038328,0
82.21903565950822,110.73234241046306,82.02620012774572,98.72045689507607,98.8427654841148,100.05586620867348,0
70.9393550213053,117.24593472607815,75.17014537694232,99.40009981182781,98.80386524308405,91.23062934299251,0
83.23978665730527,123.64529284251098,74.42376731811594,98.1693774699427,98.22620586067619,112.41118372495373,0
74.27860581624537,121.3646856468853,76.85312894396772,97.10038134245421,98.00512887417999,100.27110953138911,0
80.45608464111348,111.66714585027857,83.02048713177784,100.0,98.67048508225544,113.365940755445,0
68.35064095533144,103.51861954112378,75.47799748834565,98.90888903636929,98.32802562209663,95.63979101819264,0
68.54093759563969,123.71626019951165,85.04792983945597,96.90530795597263,98.31805939571038,107.97577063264224,0
78.46108886794607,111.3933162414783,84.55875061986133,98.62325542345847,98.24922616725019,77.83879353048113,0
68.26115684145141,116.90705750931423,71.14051658876778,99.24632981107494,98.64566763339525,79.6817644367786,0
80.39613261951601,118.68258292859025,81.45866362689155,97.80007007688158,98.89101894951624,93.28626480540115,0
66.21277323053886,125.06126557705905,79.75611867749691,95.55829301309751,98.39960349210783,95.29901726656279,0
66.55185554687273,119.88372760371864,75.49919886063168,98.4419089221642,99.73880383558306,111.7093278612036,0
74.54159439356077,120.36768457750722,76.57501924936804,99.81464916732308,98.65906073621497,86.51049655282029,0
68.97135047263069,126.78138926976948,76.02670407927098,97.3929228086243,98.79511440700435,85.37614268132609,0
66.83229479203042,131.92871454641383,78.86053720617083,97.72120502022845,99.46538994148005,101.16650650015607,0
77.60591946743564,128.16141564178656,84.5176034190175,98.16097549758716,98.96752185868094,101.92890011885082,0
78.4186287299031,118.29612788202465,81.86561198545505,99.0025798142716,99.24076031390794,104.45328162175578,0
39.63591302222958,77.94320783461812,113.5994776250703,74.8068505067796,93.50493095461181,43.355698680662655,1
76.15713453490687,116.45355616348456,82.77071463256374,97.45114614036774,98.40872532110652,106.58525962430583,0
56.38117747303621,127.96705231677333,80.78045369228427,98.55855815328157,99.2557188540829,89.91168717549374,0
69.75107515470242,129.54363559476838,78.32242083983466,99.52713238415512,98.77416626109238,107.30935434101578,0
67.0308223622086,128.00378675004686,76.87446289653174,98.80905428908778,98.09414109108539,100.8389261934609,0
73.93847563869618,119.55708228072159,76.7992674745315,97.85171686207259,98.50738020242187,89.83325623978885,0
79.86700498681574,126.10089176401699,78.00649108758405,98.33859443311586,98.64460568970155,95.13703389495453,0
73.17289038931975,118.79337529782437,78.16641165711984,96.97405666030058,98.18441060651409,115.34946274031512,0
68.78858873063659,120.26387601186747,76.55652783277382,97.59158014986868,97.97558296976528,108.96601294853058,0
76.86837932694955,129.42600163827208,73.59254513565588,99.66291365498745,98.86493852790132,110.44711241764601,0
76.36577726182188,122.32153366988034,75.60141319307722,98.5712830531643,98.6210488520069,90.29651650586399,0
71.1354746656703,121.1665907215189,75.26717740736092,98.2665216499782,98.79868064489695,98.3989758630795,0
81.12789631153471,118.71530279489993,84.91868021951782,98.88398316046967,98.46938535864946,100.51552217432763,0
67.5305841311613,132.18659040617894,79.78834052169894,99.47611487456577,98.88829089531842,100.15584572569658,0
71.84983824752914,123.5401480273096,75.18929385904808,99.81827870374282,98.31786866762293,98.06144843702717,0
79.12040772106398,100.04978923477972,71.03423248772924,97.93288361246489,98.59357044553516,93.94224585101448,0
75.09706972268975,118.17974624873689,82.74231636770286,98.55106012421594,98.39358073755928,101.7405603934302,0
76.69724240969144,143.64168043357853,72.13393530219146,97.83659276926869,98.67030146067523,91.77138584241861,0
69.17377016629007,132.23695948384585,87.0430974672296,96.6808049472322,99.15471226291407,94.18744050024465,0
66.92907624944304,119.0083615768943,76.51853210473803,97.39964330573643,99.45057673101054,127.64348516117136,0
81.02038981060291,115.48961813084611,73.61457718834441,98.21112477684467,98.85719726189333,105.91432599321068,0
74.22127133965044,116.99673926335134,77.61327570778083,96.22273620131035,98.89424342812622,91.068857683846,0
60.18897471937168,108.05828633576485,78.25068668461782,98.2419149843215,98.14156321581875,97.60919294378697,0
84.45039023609125,120.09875849377187,91.56022028179765,96.94679360395733,98.64539773849029,110.74337877677029,0
72.10810123226668,138.10182622978726,76.94618672134132,97.651691604956,98.9477588700315,107.82877553188771,0
76.55827377290501,115.82104488105347,73.47998411081682,98.59036220811494,99.14171527983376,97.3850753542398,0
83.3426441109347,124.96719635568496,78.16698715080628,98.0092900683067,98.3167271748404,90.44185817408449,0
71.09966647780485,120.14292017049043,76.74356267508409,97.25161681930896,98.9395347183918,107.76002859934727,0
61.34258860261008,138.66833655624006,80.59165109449101,98.15184754964157,99.13834842335025,84.11734856558472,0
73.34348480438797,123.57087052875052,78.64134980065145,97.11589085897008,98.93284408688845,84.22246772199803,0
68.98945773849277,124.65758254522981,67.39197599268978,96.65565399516944,98.89417731448165,95.49332847175376,0
65.85487905402476,123.86374981532279,87.47070948633413,97.5615911119633,98.62450108413616,113.70608381490105,0
75.00550312574629,131.71354762306765,81.29443757856353,98.8247017407861,98.83676476249784,111.99537838647909,0
69.07253155112578,131.36279683369636,94.0068649481749,96.04081839126403,98.65568935938543,107.05957407307454,0
75.75304810098622,113.50246022856388,83.8693858672141,97.78452328383565,98.84266660539595,123.10459274730371,0
70.88492548684351,126.96046063870796,79.30202436442124,98.17289168478769,98.86846854362064,87.78228911526926,0
82.41578281899149,116.4230758086299,70.43329832638598,99.76792866683954,98.25358622191064,103.15090943215704,0
72.59790819052584,131.1486899879802,81.12634861007524,99.3218809921598,97.92141673822141,95.950813092965,0
79.17942900998695,129.5765554534202,91.49984562193237,98.55055693282623,98.58229595188857,111.58258280778026,0
72.28160941236222,123.14603461163084,83.21139128335516,98.19031012539706,98.82610202250319,91.31270767208271,0
35.57406785072125,67.68466878310232,140.12892164657208,87.31136123845404,94.60255719068165,36.977779546900166,1
75.04364418664379,127.15136088851128,74.30469246191825,98.15557946923064,98.6511953454709,99.44225662320187,0
66.43981014691613,117.58427132226566,75.26508617191325,96.43022331528113,99.06635469578737,90.71236999549154,0
80.71965285625527,129.94129457147363,84.67155868835385,98.92876753507578,98.26521758412046,101.43417552952695,0
73.10015951867493,134.37673083060616,86.8180364759985,98.39086990780196,98.04164390621455,111.4051633484622,0
68.45057166698501,111.92555301810651,83.63585629766975,98.46757491248216,97.92538797612386,118.9918532083687,0
71.29158883805353,125.41267990666032,73.31511020929723,98.77608737286256,98.38815672017218,98.72498681321696,0
65.88201396784731,116.2768557479747,78.34670668811835,97.3212958678884,98.03874463676439,102.04146604508055,0
72.36051596769099,128.86431187569403,79.23635027509921,98.34413370482807,98.69496477960438,125.51840094572356,0
70.168651773872,106.88591087231768,86.3624166542438,97.51236092650142,98.38177848783539,93.38259591766993,0
76.22056750072386,121.12188200192304,82.6899183607547,97.3866243715268,98.1969956577467,108.63459476305258,0
73.82291157362926,125.12328648464067,69.69238443943875,98.44738629647343,99.29772450096931,93.5922472591342,0
70.69789769745378,120.23990269940155,79.45691672530829,97.55360150118449,98.46831817466843,97.6546740748192,0
72.20450080955536,140.4908906473133,83.86773807553509,97.49876204249992,98.31185245804133,85.59989463679969,0
63.58436836920184,138.92119295083558,85.77498780270808,96.73696464642293,98.45182891421213,97.64555542126492,0
67.36304871277457,129.24289806848685,88.6702097721131,98.92308729245013,99.00414834007613,106.77766566180803,0
63.09566001045399,113.44918139146604,78.88030287843362,97.51317812748171,98.85033546301428,110.94394784946209,0
71.43967884660032,115.28966267593418,85.56023421051603,98.1178443261413,98.21283267199037,89.35466579638289,0
81.77037973877123,115.86105393441206,76.70337932611416,98.01578477336065,98.43833843771706,118.8180183264015,0
80.53421917019105,119.32267927769178,86.0375159747596,96.19273769043427,98.96926134020201,87.40537235085642,0
74.48919300217146,115.80252003625158,84.92296447447899,97.89265317754904,98.06106271233622,112.1323883666432,0
74.77262084557962,112.8986419130481,80.15810986955124,97.49528453816485,98.62807434096909,100.6054782036421,0
77.2898385416967,115.00490731064977,81.46642214502425,99.27848520745167,99.37867938494622,105.83050730963885,0
81.4439205797402,124.94922651727549,80.73207145921302,97.87815438868897,98.41865413829166,101.5797937270526,0
85.2631380095481,129.53492682579557,73.748919870526,98.55112660408696,98.71254261501534,87.70646761785885,0
79.15867767510616,119.53721324233595,85.49117901761713,96.80055374204464,98.3155766573598,112.23460139516146,0
78.297316291916,126.29068412237422,80.05010575870284,97.2704270667796,98.86361038080844,106.76428105320922,0
123.78620325957037,184.974840242996,105.6397508587045,86.32808752639377,103.69241807081742,256.53287474580196,1
67.31306173121331,117.62328890333809,80.57576157220238,97.44606531615776,98.0781416005542,109.04763901729014,0
65.37798102881779,120.7558874450766,76.58532446842406,95.47175489968629,98.80392716337877,104.9781276641331,0
75.33307587805349,124.1463068290934,84.6819006730831,96.37079096091995,97.41391578804586,108.67153129040598,0
67.72816063644646,125.45880048528535,79.21903049951402,96.93852702707638,99.12526791483653,98.72132963183789,0
75.26160092756659,129.64927148817665,77.82144583807631,97.13461049495477,99.07475723103835,102.72026896628827,0
67.13485493273797,134.94910711054158,77.7337023702648,97.60715610923279,98.87806583326042,95.95550317530889,0
68.60163245271166,112.81362161981075,76.81634720445972,98.28686384281934,99.09554241362335,94.2163661301258,0
75.97278404712628,129.61740069648016,77.82375901497416,99.8321196075773,98.88126252656784,97.58041788452184,0
72.30996586110648,140.9496739904245,83.0967464771735,97.57480704672712,98.93361102749053,100.16461622438047,0
65.60931802154776,125.58495490967498,74.35829214867108,97.6493266063414,98.47878327162117,95.5370488848568,0
42.67913417286911,75.4954961721412,124.257428679878,78.5687835660519,92.58983777716881,48.211269007876496,1
71.75905229613394,121.91182904005551,74.84446973352868,95.66404638119856,99.29843100731767,91.61014437270343,0
60.54386347495624,111.0008062016306,74.01742475924533,97.2277469291168,98.9305160498489,89.13117693405646,0
83.13301988876557,118.36475127311994,81.57381280727581,96.87412917285488,97.890658386157,111.64347495040256,0
69.66045776064333,138.19176030052208,78.73823259004554,97.6511480028088,98.23583293033211,101.41657903121282,0
58.699086963875615,120.07381998218717,75.29233039866128,96.0078144336508,98.56446714366203,83.02980186676484,0
73.3433041456748,111.60734021404286,85.54222300861446,96.72674454819314,99.06448890926166,112.6351304283315,0
70.29369210236095,127.84676916530064,78.8560782804031,98.7324765292381,98.39800870599707,98.35946676911189,0
72.42031297867909,118.99438329072018,83.43951041446199,98.09882404501643,97.8343976687946,97.80197294392266,0
74.7598328576347,123.76437733257939,78.60324876471539,96.941141991142,98.9573891577704,100.35058417871115,0
67.57165749803166,112.3791461266656,77.34955206997566,97.1839769280538,98.40668664228096,100.12341950638258,0
66.802950910713,116.77113064651185,77.05990740481516,97.51813568451527,98.94963736110597,109.56173435560645,0
67.13848537791371,126.13699930470281,80.37443792185779,96.8705144224046,98.73118815618889,107.22980513097824,0
70.22759153916583,104.56293939070866,76.15166795494306,99.63828118313643,98.95038953516503,88.87822601603709,0
76.10141593920287,109.74517677726578,85.88005492598853,97.50980909377131,98.32270666531322,89.55400210621582,0
77.29399837394045,114.13815992279156,82.01098912456176,96.75870072725904,98.37180612574356,97.30589381667332,0
72.35959578159797,103.3509783808867,75.38463801842211,97.86283508912588,98.18957526764304,99.48036821990125,0
40.50699920228302,69.94454625316446,109.67652359171116,88.72349435919735,92.51108257665861,51.76857303931709,1
59.185954716127824,119.24302706726009,77.98583285762598,97.91786333644595,98.8587481859587,82.71024399795212,0
71.94528602013477,99.70340284092063,70.58739624266268,97.74364435714685,99.00108856607092,96.57619144661375,0
70.15223082216576,122.95201853102168,79.39462283804723,97.24034823916662,98.39057850294901,99.97473339152212,0
73.73236801805902,115.16806636733956,78.41698278548463,100.0,97.8148032369389,97.12590990174293,0
58.73318814595269,132.61001069486542,87.93700301207768,98.78338472415425,98.32219873544607,98.97765790116988,0
69.67582821268313,121.02953779212181,81.99502379621926,99.54433348697124,99.03798782787842,87.09139393452203,0
69.98068446073096,125.78146508121458,77.15319403954565,95.0,98.77642164512625,105.3383769974804,0
79.04065365979467,120.23116315035124,77.3141786880584,96.47855790793452,98.87580273133162,99.70973593839413,0
76.03544220721639,114.32629959124861,75.82585044726663,98.27752468447629,98.64024884433417,85.97999376571889,0
73.930071248259,138.08501562116598,75.67551943785789,99.75140907374892,97.84199724256088,109.85289233111023,0
71.45160265494532,126.63258336002897,79.4332260294635,96.79067553222158,98.74491872145862,103.18163943473023,0
72.80124542869369,103.17431979229629,85.53228576147322,97.77569317205635,98.99878299260904,99.53065674164394,0
62.90553531001661,124.61754998657659,81.19249462836527,99.20953140113627,98.52188216808152,109.00864440548995,0
56.21561917902562,115.14336907468724,81.81225434312805,96.85293440028093,98.4112621515378,103.07336314481256,0
71.63603511711227,114.3019253149591,82.16425201259987,97.22531594233615,98.46547598181974,91.69409479662724,0
72.40713306316442,125.80526640808003,77.2360454122741,97.84493795530152,98.56686464863016,106.1344326665015,0
76.24982308320638,115.64410843974203,76.91986228141022,98.62286148496149,98.84101414623474,90.18309283842922,0
74.38756229968085,113.02147861518512,80.5225701803791,98.71591714048556,98.63360870437323,108.06411762261759,0
72.78444346371654,116.34507900986006,79.5286546461755,97.08336130663645,98.38108484671784,107.79643852361518,0
78.56514911082569,126.7055243865098,76.7343130503503,99.04377695640176,98.73784372823764,105.49526674429644,0
72.84215921908829,114.36131322242636,77.64575084938858,97.41048286750349,98.42140656576223,79.30681649152314,0
77.34229898111872,126.15274781149456,84.85672142270741,96.9163341665719,99.04194798187947,104.46860116396009,0
74.11502981014128,117.49117497140978,76.54824066936855,96.96917487328055,98.75421085073671,91.71932806774014,0
67.02602993446757,117.25686264229194,78.66117240637577,95.83894400265073,97.96206965803967,110.05411015482431,0
64.8127326444669,117.03276970374353,80.67588120671334,98.12555852247358,98.47257333277567,93.90178783272701,0
75.51818411253056,130.7301134894542,81.67580283267559,96.67513869614976,99.29676901275757,98.28490841108759,0
71.1958969999625,121.29479402551209,75.63607523236179,98.10413338802134,99.2153579937753,104.17621516371746,0
72.00124238950919,123.87033660019637,81.07231633733775,97.37681968469194,98.04987172717638,118.34000418280408,0
73.6594890335463,123.61477667450605,77.94413302223342,97.76812202493876,98.28883771033017,82.22786542419198,0
73.35456913867053,126.14283287415995,72.7157118587598,97.60097206845008,98.19860937568632,102.16740087864974,0
65.98687526531117,121.99328215369897,73.45657934505431,97.43444723759758,98.71242889000705,82.33435492479751,0
74.25418811007403,114.86921770613368,76.86475692651129,97.6933117844795,98.33904061581501,104.14266899791392,0
70.13815376769058,123.5742048328722,86.69259754290636,96.34706543762704,98.1614817641255,100.06251173583809,0
74.97840070640365,124.77143956567872,77.73323274949706,97.90861032794975,98.43336238173913,92.06986673209843,0
66.00987575556725,128.28791210237821,78.43535516404992,97.7089785269147,98.94966794875859,104.28454681560328,0
64.94295998067132,125.81348693790166,84.02619928952204,99.4845207658487,98.74380926411213,104.46253509957245,0
75.95547401059443,114.48978151009102,82.43421034483745,98.88730896245974,99.26960777097489,93.96106348854295,0
37.69446060964492,72.15063672558398,125.74547851010794,82.8583060665333,93.71121927268287,44.97566010053754,1
75.37781542014342,120.54682414665211,80.03274328902269,96.55324289367154,98.34270062751497,96.51594170495585,0
67.36404332837506,122.99573838586845,84.30342710684315,98.51304786741025,98.95643147095895,96.90311230709122,0
64.15578130661422,117.03316523255462,83.58923114498134,98.95466681602939,99.13698395576267,79.22038741827862,0
66.96166894691534,111.61423499547917,87.3322119559429,98.19199378862227,98.50487444714062,92.38581032122578,0
82.65186535565707,126.79122557797501,71.63797737093824,98.18847899108948,99.06695627148045,89.72835540312072,0
78.53249171822512,114.553336499171,76.45755949235455,97.43864326247605,98.89867394243787,102.02767601623381,0
81.202366259499,123.762350932245,79.97928707527923,95.2162837762019,98.54177294010285,104.10976165014168,0
71.43105461231477,118.0930116934839,77.09278456828622,97.56905619951478,98.7318502124699,92.59332763350884,0
70.26870782474577,119.55627103575632,91.84167271200218,98.06404884501771,98.81267949359594,94.25247016792586,0
55.51497094364859,117.63529434066018,75.9762409314043,100.0,99.04292421357573,104.86988138837064,0
76.19297052121522,116.99713497839306,76.79292104988284,96.87817119958741,97.92456311974904,98.05107188327328,0
84.91909474506934,109.69574048881246,82.02517692927856,96.41177290129218,98.16865433448204,102.88489844266246,0
70.57133738212768,134.3793568887925,72.31486999436035,98.88169642695775,98.20523494919867,100.95055223733709,0
66.25709451062974,129.16610870981853,82.30665356517711,98.50586435811616,98.39636213977059,106.53596683945968,0
69.21251353130629,124.79140293487097,88.33898966502258,96.91137227932637,98.35736719235237,105.19464440613507,0
68.61552821557963,126.66723379375318,73.51975653588036,97.16584095328342,98.59710507462017,83.96960515564521,0
53.95420596183746,128.79338207589578,77.07468414301701,96.85069542260983,98.71809189644216,104.23096243993425,0
76.76291080286289,116.81379751232365,85.33733925535343,97.00081309703835,98.45073350459914,106.19018980147374,0
73.80664403515046,129.55868523768385,75.26843088626102,97.31406549605038,98.56817318040554,88.6184935491696,0
67.02901785131853,123.62753265311788,86.72142287617298,98.44539677211428,98.62339082738725,88.66180806246047,0
71.25762632235099,120.65054956878085,85.37551726904469,98.93902915749915,98.75457847340721,115.41835744840773,0
65.75883768110461,119.98864798125634,79.63853670142757,98.09171894974837,98.8122540654978,106.54915098687526,0
83.13988461937173,118.12141840603833,69.80776737558914,97.32848939469892,99.32317313558099,111.99248998413756,0
80.53648881659964,122.70024977727186,85.47281227306898,98.06301765889923,98.80785498730744,92.58515274539967,0
66.57410024937354,120.68479022295546,81.93839939516423,97.2862875361344,98.24863980906427,88.22357330125487,0
159.91470072562186,211.5359307972929,106.25103723402665,89.61194971110297,103.102529860281,291.11424079742375,1
76.9390235037715,110.21536165102992,85.12387056140864,98.2463479529485,99.02441674367343,102.16701991109541,0
79.41655905126262,117.29420868871568,84.74648249187658,97.51964032750864,98.26109202231214,101.51608068644563,0
76.28400296455256,117.86072570092338,81.83303123506903,97.34543505840426,98.15312093370382,87.69807883303525,0
68.63543455812083,123.91879914179641,83.82079149965948,98.51073206613589,98.41437498794853,88.2486692391403,0
75.09376853066374,113.41988847513372,83.86364188959696,98.15567538768839,98.53739814055965,107.46909987256323,0
54.423307859986394,116.23415029824632,80.80342749062827,97.28271702698433,98.58656583809312,97.3845284614656,0
67.22384485917907,111.0008629947078,85.89631579289615,95.58744918208019,99.09781959630521,106.11521669239849,0
73.19886260231227,109.99766775441792,81.92080088983738,97.92521870334869,98.31272174648494,98.93017228045518,0
79.04084314491195,128.52936150410181,76.99746682293018,98.99012478689282,98.96509072524792,87.57467885277295,0
80.30719228556345,120.41933679757507,78.31898131666618,98.24362002148982,98.22654631336421,101.72878960934585,0
33.303721770412395,77.51074425523655,106.51953747332982,75.12120855096873,94.26904571135388,35.91450806552797,1
62.431781596399226,111.96988342291802,63.83717283743783,96.84709805635262,98.10415727544779,93.44202688530208,0
81.53176156826157,126.62150709689264,85.2439721983562,99.59083533392698,98.53676238525632,108.95440890948325,0
70.10154930183118,113.62548438972257,75.23421247622454,99.61598167991792,98.31511959005974,88.17430611471354,0
72.22762701268562,118.5596310442598,77.3063685982678,99.10559314528949,98.9578629806768,105.35512544865314,0
64.5320717801315,116.45823660708501,84.88253294531583,96.7193878546389,99.13012359890709,108.40342180226772,0
61.51418094103043,111.11712195921851,84.33578444550093,98.25632465296886,98.79504707009352,116.19313979630682,0
58.963982723915784,111.3228839123248,72.8182377148042,97.67055889527516,98.41702766499664,112.5315140085228,0
74.92723370922644,128.61492033489128,78.94732529823504,98.5652002170846,98.64373476143894,97.82467221626666,0
78.70377498952877,109.84350476222143,85.27847124441575,98.62732812027382,98.69728862930089,103.11207594172772,0
82.5517229051708,114.92988226054634,75.78852141614965,97.3306439037497,98.01024685227273,105.63291895771198,0
76.26329461378671,128.46307139230697,76.6038903139095,97.89287278282933,98.71894101713102,95.61932633869536,0
65.20329029239353,124.86268386883009,86.93982791986684,96.90924628417775,98.59537892840937,110.64083272725537,0
84.99033640683962,113.49751462277489,81.74047645893673,96.1505919941216,99.0027534314729,84.89670230585699,0
66.89678832751774,126.61069655984772,78.88625893423989,97.3236354969644,97.71294139171209,91.18289807849868,0
72.28188356258845,117.68936865808993,78.10187751661583,98.16561512509672,99.03304996840087,104.31332186353048,0
79.4167843308373,115.34014574574518,77.50399000862035,98.41136027756971,98.47153224038252,96.28490774498162,0
153.57697185122672,153.32839554316632,89.83760129214359,85.31374775075439,101.95859002800297,287.7001082510746,1
77.68515877273714,112.94492460744509,84.66711477237932,97.87144896561487,97.9372134177045,106.5060495363141,0
64.8521790167841,115.34204391309378,78.02476573915216,99.55335469905589,99.60788305825814,106.67536094794131,0
73.13748969959246,111.81363559557889,76.22269599303559,97.116010101078,98.61209352108693,96.05250379664693,0
79.54289530117543,116.50708920814621,78.36337212463802,98.87135367573102,98.20908606718281,89.35669287396264,0
84.57506101085495,109.28804604849148,77.97742457679152,96.75664126239064,98.86024435844244,89.49124550348479,0
72.17246893760891,121.15782562209793,69.48699654039488,98.05434029414188,98.71873084341834,108.50245519368886,0
77.14595773921212,125.52943805526597,82.77913013787564,99.1671959833591,98.35594010176794,112.95507582117459,0
68.655049289953,118.34485814284898,77.88752052283783,97.04026766516706,98.57615606184459,91.34677673952197,0
143.23113430676705,166.8447702350434,100.48299090148075,91.0,102.66251527468957,272.49863558212263,1
72.9885650474191,108.0257765189444,79.60834575534922,97.5713977630513,98.77635240455778,91.16944878391641,0
64.17318299697088,125.79641170425316,78.91586474888928,98.68843651987467,98.8265861936438,121.27004538892996,0
28.292914695854137,88.19028772583962,102.64181445917805,88.57967623574375,95.01094088456006,50.25276624478615,1
66.30360666700834,116.22286145484009,81.27063843535717,97.49230722981991,98.54993003188206,90.4349971032598,0
65.59318247052484,116.88635213280656,78.00836493559186,96.46249678176528,99.2250995140212,101.46863209456414,0
71.58819572348719,120.20857315584998,81.85425946355498,96.24423214224194,98.63881625089779,88.79541017561536,0
37.48909518315912,73.20111708893744,119.7594494722028,82.56192844062538,95.73389042752264,47.255824012515724,1
67.68700567434762,126.89779798015034,84.72748652329697,97.16406022383349,98.69957384474444,103.21544639317999,0
78.59266111192314,129.27693263305926,74.90099333152703,97.53004212682684,98.91076874190406,107.89222499060473,0
74.22687524022786,125.2262795522151,76.58962600988109,99.05704341916537,98.32905510851128,103.77094727442345,0
74.76162974989383,123.93998136319992,75.45923025696165,97.77860174181491,98.54535252340897,96.20274210674546,0
157.97473277599335,198.32066302457662,119.7463573100826,81.76211410555223,102.31405779683186,317.99877541436103,1
74.59153526804364,121.88426644178612,71.36893019021055,96.84673982732474,98.63810562575068,120.76796585329546,0
79.66598937473054,116.52427785162622,79.39489484495218,99.8190771901958,99.48271308984603,99.48945587239942,0
75.45123009663939,123.36426015343143,86.9755095325115,98.06882365770466,98.5244479453146,102.3266009197442,0
75.5586075478103,129.25921126819594,79.31788924861192,98.83922514466879,99.2371408257488,111.39186313350771,0
69.78433716452278,120.66169297311927,82.11314308596283,97.32394891171141,98.50153607027258,79.24853033832213,0
70.28397466871934,119.71063956633581,74.57018414629147,95.59805305604945,99.04738776457734,111.69010925863816,0
64.66723314664833,131.3315134776261,82.72229934763732,98.30915771951746,98.29869431530514,93.69307674322424,0
63.56003341891066,120.23820710442676,86.5031270052798,97.51651609159619,98.66281566807871,110.93906951632465,0
69.07035694529073,102.43729975053446,80.70994725287797,98.01069331179649,98.97877487278208,108.62504733368644,0
71.3326436319078,115.40005526405359,75.90329203632713,98.66455241439418,99.22997372551562,84.54196323674384,0
81.02051897057399,123.32681023302118,79.32063475818101,98.62947649711448,98.7706527143907,103.02113057296425,0
65.69214053016393,121.96848177808846,82.03939525448746,99.87442444693325,99.0047622334999,90.31391504546283,0
77.67521786210487,126.16741224440203,83.6928301960103,98.25292720421312,98.89840783789434,108.76371189834023,0
73.45729207890165,118.13855948063113,77.8393947843529,97.61459902350305,98.18464894291978,99.20088902328501,0
65.29688122975799,130.79593639362912,83.84607638614524,97.95645432792112,98.78548555171017,108.9949996247716,0
70.00283757370494,120.99431135181382,79.55332067264477,98.89862786673048,98.32701249239315,97.92370863474125,0
69.66887534890195,125.91119110450165,86.67556333902048,98.26482424246478,98.6335926309979,103.42995114071306,0
72.76862648946474,119.98049722533169,88.84956533827797,97.59882682825261,98.65196756176451,106.16044397012817,0
60.52031853205321,116.41338031526314,82.6644586011352,97.73280843434472,98.05350134824116,116.55042221468732,0
67.61441976034848,116.49861528032802,82.29602090799764,97.16699174416055,99.1720690974475,110.0753140248854,0
79.53453675344113,118.56301186352624,75.76186393751559,97.74479386556038,98.44810754998646,77.78766499224875,0
69.76608568237246,121.01017013604555,73.36246254731284,98.75127770514261,98.99374498783281,98.14989122501446,0
68.53937201659001,119.06073852526153,82.27352198208388,98.80984606111943,98.65749497512834,98.60129641227286,0
79.76991350890174,108.8166618958208,92.35966886215928,96.16834877128638,98.79480358712325,111.32133692456975,0
75.08663300435249,119.00929253863507,82.49555253399471,98.59450900263147,98.61357515405398,106.57986829774974,0
70.6651506193304,117.81014468863934,69.74473796073073,97.07688081576347,97.91052584857638,92.48619876613442,0
83.69005586873888,118.9825540438028,76.78063994445824,99.78391860660749,98.95912211257813,87.84639017392995,0
75.08271570547325,124.56631236723676,77.86714373584714,96.66787423472336,98.16555612546975,129.42752646005437,0
77.03681102711043,135.47482808211035,77.84614195659807,96.91206654137092,98.59637749455081,87.66680263631685,0
68.67810416791691,119.03041428774942,86.52417381659664,99.01706554397015,98.03711556019832,100.67187675493999,0
71.51472901280724,124.72286484466034,80.65775820088747,98.30274379250504,98.44692194356688,97.74967731038412,0
75.3876355553616,110.4512580432715,87.46964071821098,96.85574518373538,98.86204010864901,98.41915372042088,0
59.48113404977349,121.60366382152466,81.11510151481082,96.02927871815443,98.09080266710748,95.55613714894439,0
60.487372708205754,115.74154464724464,89.61756743801728,97.14056181320468,98.75250765878718,107.37606764476963,0
65.52094531331107,131.2720508633801,78.52952845805683,98.16504063653774,98.31483263590285,81.94366708377456,0
77.59460922572801,121.76536397964,79.98542424292603,95.9562312984735,99.4493282053124,97.88222870732123,0
68.44521444508264,117.67194434105087,77.8500429569258,100.0,98.46940695048818,88.03062073331895,0
77.08453006290253,124.25488237114506,82.7506424060894,96.63596683516069,98.07974651810062,104.87912752127886,0
78.70100265317973,119.34267501900867,72.27700136547189,96.4801319626245,97.28177552801307,87.68583830933812,0
69.57361546089624,134.5444430963891,82.21168129988098,98.0291744267681,98.60676568687063,98.65262936758687,0
79.00669236995884,123.62671191420984,74.62174758212556,98.55671797663342,98.32801332202719,82.53270633483908,0
76.4092667162989,125.72114342616828,79.86015292756508,100.0,97.65888541204585,99.87451055383855,0
74.08605890123002,122.8634545683384,86.43473643058209,97.05902273871729,99.36055386623453,97.82750671581903,0
74.59357770380494,122.69997588372017,75.39755606130211,99.07559490819833,98.87930621459684,99.16370315161078,0
77.07094782710593,119.9267440966309,82.64317407667279,98.2068825297568,98.88152295290062,119.25128883533593,0
130.93484924912693,162.18958590024923,135.36863990422327,75.17684453112774,101.81264382482229,255.67997266613398,1
66.48369245048146,121.98137213581057,84.49780688369154,97.1507190380899,98.8179716752716,101.53034597067622,0
65.927373748439,122.1548266075972,90.82760726103278,98.19192200503612,98.83819812028878,105.28777158908763,0
33.99381839191518,90.36049343653245,100.73976250060525,73.0140652949598,93.10113178536152,51.52737828666043,1
76.09171782776978,127.43860103551269,89.23933497851051,98.54365412828061,98.49874059998281,103.06692699613414,0
69.10940417343915,120.56903997529737,74.71845934762123,96.15850529066354,98.17399298031414,101.9959392308319,0
144.74154903683623,168.80700944330067,118.82643866969467,81.40999658628944,104.45403403872288,271.4272650092481,1
64.74183154295335,128.26692933713971,85.65263309768656,97.74104116523249,98.64319192515401,102.5781470525499,0
76.11630875999063,116.91818556929519,92.00791830515176,97.76612039668663,98.50455318859575,100.8722989241942,0
77.96668425305344,125.72226988688861,80.52271122774609,97.71229294445052,98.71578197954365,96.51510297230826,0
74.42430514088723,119.09938387553561,84.6868370712684,95.9055624732851,98.0429949731446,90.86400174396937,0
72.9418377658106,120.62576695252129,80.51407121577535,98.99830456857838,98.54713529905787,98.84614258337835,0
62.35510059263264,120.01133321949858,86.98380088699246,95.04617651459938,98.36397733058877,83.72998077218452,0
74.798150246678,115.5955149532939,86.26867393109868,98.99999100505961,98.39172436179234,95.29000579247023,0
72.11291429844358,121.28109049818038,82.36608532905991,98.65184157198036,98.12944725819379,119.31507734726779,0
75.07960459868013,116.61963112377637,84.45850290534787,97.53802440202871,98.42242940222604,90.07730286872005,0
72.58840523723367,103.34702771472743,76.20408226916248,97.13858727081366,98.55965563076839,85.37365096268074,0
64.47046399198625,119.45524994704469,78.9364004153454,97.40627080631425,98.4553952110198,94.41386226868872,0
75.5064778828349,116.04457668514165,76.43185553397767,99.03253889830113,98.76996101271455,103.51170142761731,0
65.98669788643966,125.71028140656449,75.77661368353375,96.68827956708931,98.93810841177834,108.17206517497547,0
83.9493198132284,119.20506204646684,72.35706008868166,99.04110781652456,98.67480804307758,101.87147486877333,0
78.8408942311276,131.67079789224672,80.48744469511848,98.15201577783778,98.61328407195414,99.23240987237271,0
73.14381354759014,118.20063313830855,79.88845730543784,98.66856261633713,99.1559101181283,96.2452738779756,0
71.69163765846908,124.07247239439855,84.55453517516875,97.44077420204479,99.02616591129534,104.77527911111184,0
72.73922884070691,114.2538475431322,83.05117502846998,96.20438677935768,98.62337547795343,96.72212310375785,0
75.05165023940066,117.88411425542232,75.87106437372746,98.92699962873417,98.70633985940331,101.83368003331863,0
67.94575152503033,110.55052053497108,74.18644780336119,96.68159861752653,98.38460004520226,117.54043050326864,0
71.1704141929729,126.56234244754847,77.61968721111066,96.26426606305237,97.90587571856288,103.43355348386302,0
59.085698732344916,128.99907564053174,75.39820691846538,97.48651163622594,98.79105375640395,104.38506155708855,0
44.82798039875425,66.54928906736924,115.57003441272983,83.65407690133583,92.9067254161831,53.075270592268005,1
79.57152900428395,128.09783646725893,77.95339892706657,98.14575863932765,98.78236105326705,97.22582568570357,0
68.98767465388433,137.50630348553997,77.62232776632322,96.35348861339806,98.20160115721544,91.84719670608878,0
65.66946379093983,123.71240031169405,72.85336764512968,98.57272531932982,98.08601250147922,88.87044749940662,0
83.72494460250172,124.44730436651345,83.57274880731752,98.08071372672644,99.04419891163663,104.15149632609067,0
72.59932172645527,119.5740533599795,69.77834761899463,97.23180576499452,98.64617436296052,127.09276648471035,0
83.48418812320071,133.2911448694867,83.5693872204507,97.17478712445428,98.436433786032,111.16682832742248,0
67.61020956654883,117.19153555418725,79.59182819994378,97.4260653669258,98.5705391894969,82.08138259727285,0
69.1340553194093,119.71095119094902,81.67658628198654,99.20141703178703,99.27814539767196,87.1541116858232,0
83.6335739943497,124.75109648495594,81.34402467219616,98.79492601767394,99.02422395123672,101.18424545991394,0
69.13412650437597,112.43714869505048,86.79692611615371,96.19165794597576,98.63475405595112,96.12145476190626,0
68.37611624418463,116.9798104880808,79.7857187616983,97.69123820880662,98.51907999596514,100.4815555421951,0
72.66321190484364,122.80118723640348,75.574856838686,98.74955503744513,98.76594995963563,107.74353695020213,0
69.58154406560982,123.01716070607625,88.34404040650352,97.93748623182279,98.45035818897442,120.13930030389815,0
62.309209104566946,118.90082620088704,72.13884727960935,99.15742194599383,98.30290177156117,105.16405948391149,0
68.5161101846763,126.60057033928064,71.50774715799875,97.09679639110455,98.30392723015748,87.0193024874287,0
75.90834750783479,114.37236109690764,77.97680739979526,96.94653096592673,99.18135884232586,116.66589343375543,0
71.55339942539972,124.26114912387092,74.93657218315754,98.68028716571776,99.23430982721852,98.35844566506184,0
77.56704076848743,113.97083294212024,81.47209488842024,99.6692469423765,98.96189992130353,79.03085820774821,0
71.86632612489772,115.85108023930026,73.64357875442948,96.83997961805672,98.55223293204313,109.12659137551725,0
72.91412923220233,115.31394160456557,81.13662953411595,100.0,98.05234693504731,96.48249198191331,0
68.35274843594509,128.66026560202306,85.08765711965313,98.41652354471518,98.03496672698238,106.54924448351534,0
70.1798995951372,127.35223686593449,85.58489713820065,99.83046847499878,98.4890205962596,90.68291405800377,0
63.765206712695395,106.13414470354157,84.6945441601978,98.8569052705051,98.55752025129033,102.79415534603632,0
72.58602226049001,121.82536772238144,89.63172702860567,100.0,98.0711528234225,89.92290522229813,0
75.0956353062246,118.92201634361518,87.89472546358988,97.06039048290215,98.66335678230098,93.9379592295474,0
74.47668556161899,121.74683732718654,72.49598992368912,97.82618514953063,98.44132152801392,107.94115934573546,0
123.27875187784015,181.62200856225192,113.34942109700887,87.56155466335235,103.64860207254766,225.36728149280282,1
63.848555908455154,107.62290161772738,72.23271933168367,98.36997921388075,97.46145027346927,85.73204967175823,0
41.02864597682017,68.16231477914351,120.91307955688237,86.56137670788866,91.2727048213335,45.560791671539185,1
79.14387764871805,109.18896306226229,65.94685841690958,98.31126169966751,98.61281013734728,102.91727167067371,0
66.3605813933468,135.37652238485268,82.88758477303605,97.59724271009358,98.07624242182668,89.23076881315654,0
72.06139836611752,121.63007661198829,77.46152935805145,98.26960369406325,98.4599235878584,87.35105791546634,0
81.22821939879582,108.58065422708049,86.39217478982857,98.19279879250627,98.212470354386,101.00808854259373,0
71.02725614712085,113.10756419087431,77.62338291158906,97.07559143177001,98.70204923524938,98.72409319371135,0
73.43273495415909,116.51629233599672,80.04613496497734,96.8845799964698,98.61631928728951,91.95457385305917,0
79.07664072432772,115.39839212203692,80.51558962858603,96.86988336763105,98.98700919796366,92.48143256030066,0
85.62415714682638,122.57257287378421,81.61623593766781,98.5397236797383,98.31022409595869,100.4494895702071,0
66.40039224556082,128.56699142979815,83.28203282744985,97.50435124712065,99.49795936565948,106.07151040779306,0
44.83387340618606,82.62356208569292,114.71763660226671,85.28997898395824,94.61901624599763,51.639135200160716,1
78.83733321615281,134.2604744780285,76.69032410041287,95.76067733343578,98.28228726114598,109.7060417661837,0
78.12829977257638,129.56472588298107,81.49897437081582,98.00715325609748,98.43230744844043,93.2015206534655,0
67.8648730914626,120.6521083638982,79.43936778194328,97.09708999295208,98.71778183892079,91.4150839975454,0
35.908096986295874,64.48043428285685,99.73858211759948,91.0,92.65921172379598,44.065039968373306,1
83.32612594404114,114.05626604306843,82.40753815495653,97.33335480704203,98.99894026262061,101.47995609540028,0
146.72274187122875,176.29242984172987,123.56809757425412,75.00485360980541,104.0831082674132,261.32956049217347,1
69.69034266953952,126.86002965293726,85.79377417254935,98.3079615520803,99.32515608797637,91.48746302435836,0
71.3794126542583,121.96834412537193,72.71350356208085,98.11704103558127,99.04265012365491,100.64932978572693,0
62.38820512861699,124.78248682800748,81.45829466594523,95.51745601408916,98.70613122199995,108.68657240735563,0
80.37410286473974,124.31176904232787,80.9748385299538,97.45986096053639,98.06033115834259,98.65734326560579,0
71.66538553405377,115.57994080761772,88.38812721078067,97.06258621156368,98.52755617503819,110.92500804255978,0
73.00809204319518,128.54385422751864,81.3597029547027,97.97205222872171,98.41873684252562,108.51943778396263,0
71.92746631292367,107.91960212631199,74.83733361895295,97.5195797805965,98.69505456120429,114.0998751161614,0
68.1014086389104,122.76761576829966,78.5774484783039,98.5505735937016,98.72989732814044,116.71611692660366,0
85.82183251262873,119.50414206458737,88.41323797006649,98.39128495712087,98.85049770642532,81.69847786883149,0
62.23474537270103,118.08389523483268,80.01091795418517,98.13493953016325,97.93254822939969,113.59137683302019,0
70.24944820644878,108.39999490407386,74.46408365059119,98.84672233877085,98.70342996029486,88.62755471118706,0
72.5112566978034,120.08303875426549,85.36670088431772,99.19072864897984,98.47637589656921,103.27569176851266,0
73.1000520344301,120.81077211058862,83.76594974866275,96.12296084536969,98.9874978484669,113.40969613409345,0
70.37325839374459,109.04764510864936,75.48353444610446,97.06599449793728,98.8222925276412,102.36097294215075,0
69.60060562721318,122.01090759819199,79.20399144206681,97.28466243090533,97.84845723450273,96.39081626990743,0
75.87129351570034,130.30109557798926,91.79807129550052,97.64445332880929,98.46906902379142,98.5687360252866,0
148.08101158902866,203.79216418075478,129.1157403785823,78.6754012353302,102.54566798701322,254.29430604802008,1
67.68933467248539,117.30029158315506,76.86229998627964,98.72277677393278,98.87810700010088,93.81545609620585,0
73.35184753224564,131.23749173653266,84.88631685151562,96.79180754164196,98.71703937829632,98.33682940070317,0
66.60729571006124,120.64438596118394,78.05746466440574,97.09153566247723,98.71937115979313,90.34507809001964,0
70.21574352454137,127.1093951879613,78.26005225202208,96.7470002428316,97.91710354591785,88.88372669518853,0
66.15282417197615,120.20142894856698,76.51529269930951,98.82057681166894,98.41750639815659,101.29961871569115,0
68.24662379094282,118.76721296228096,77.20933370171275,96.18373349986601,98.80740513344105,114.57870567951475,0
72.42939742331636,115.55213083839884,84.11341213287072,96.89253859137231,99.1264989188645,99.03154339048216,0
76.50832274023074,125.71785908001686,76.93394053762002,99.38784597034598,98.21316565088017,117.01325106456653,0
143.0681571421963,196.51499835275425,124.07436227610457,79.15160169391096,107.19162450119781,268.69519871171264,1
70.81846915201866,123.95343385019905,74.38549421961584,97.72386791351883,98.58278402710536,100.91671382837764,0
80.7195639799262,134.41891501216182,78.17433531102108,97.64030733429918,98.44007306757015,86.0619555410035,0
84.46048790136504,120.33477723849278,81.16642520543937,98.35339379745896,98.3657913752417,102.39290114780356,0
79.43750403864937,124.77637147441762,75.117872301342,99.72196428813217,99.34256620713053,103.67787889065603,0
149.04184588297088,185.9213734081492,123.60616840257198,83.92322131242122,104.04442637248549,233.73744486664717,1
71.58280628254639,122.94375694132849,83.14542704507001,98.1482029686279,98.93192790699666,103.35753993851274,0
72.4909761512854,123.15673844343534,76.471222188864,98.34444494435058,98.33622924511347,86.42175993366706,0
77.37022988445669,121.27392917835958,79.6070460201559,96.97510510061913,97.98823691070734,97.82894252978228,0
73.24612612297867,121.13188968693328,80.95725357978677,97.33961862946447,99.31901793787439,100.65553725150278,0
73.62947302317224,120.72001004552634,83.3108437697375,99.2224021616505,98.41448109214004,89.77187355927303,0
81.77785278667679,127.75404767187715,83.41244604630319,97.32990942618197,98.81860198144336,96.39514773292795,0
67.97627874554013,112.96996605554023,76.27510616257473,98.04866804316275,98.3525480197013,99.3342655066964,0
144.54894074440392,195.64510610377104,119.42658402963681,85.06996446561881,103.40805104232697,229.97929650975544,1
66.17005959275228,117.98465746192456,63.122104499112,97.55354552174495,98.13476032597957,105.85984179750518,0
83.46851452283835,118.10812676945278,81.63796365571478,96.39587898752967,99.17515879734736,98.75711540517004,0
75.5154252069879,115.7976293869546,77.26580772402609,98.14987219793528,98.4344529100105,99.99291356167014,0
41.82809034852068,79.88451438711402,116.07173618048449,85.39920652453551,93.23168882095526,48.25203476795,1
65.44701820369146,122.19606228027835,83.76023191809415,97.85068657812832,98.9943407116006,104.22339602131353,0
72.84531748146722,122.11372630120235,72.14837092873492,97.38663639937677,98.33510476853374,101.4583626624197,0
79.96916485109435,119.58895701026759,78.98340857291247,98.93633738082933,99.39300522547914,109.33656601428898,0
79.23964892918349,112.13763464387236,81.39910797972138,97.66780228385807,98.61149147698852,92.38146455989575,0
149.34572534854203,186.9977865874251,112.42274259277102,89.2831159876024,103.64160101258014,220.51640138840136,1
68.89037869035812,115.10353345882649,83.51015161833664,99.9725247730469,99.13720323349445,109.75472955671135,0
75.95126563603698,117.7132872674367,81.07834385466809,97.56217787713835,98.41515361448005,90.63232567416989,0
78.35961830427973,110.67286156473804,86.26529105121958,97.9474458380798,99.02416168443146,101.49441152613717,0
80.79389261352932,116.82454528685822,81.43193371977695,98.28768204367572,98.31013031532707,94.62044824975902,0
61.34392947570959,98.03039733636172,68.32034651472452,99.24093918738481,99.11977248602818,97.89154657274193,0
66.90942819485511,107.14961870676036,74.09403230285251,97.41983627787548,98.02752529366124,104.10953330708031,0
76.85351561635632,124.41857049880248,79.313941484779,98.7582447761548,98.61215147056518,106.14216915483829,0
57.454558438362355,111.24160604356426,78.40083867935961,97.43129429340294,97.44958708718143,115.70886473995026,0
74.51765983214472,118.87908902281444,88.00996327306706,97.06800887471645,99.14971636542934,93.14736691529552,0
62.21234510723433,120.87884010655804,82.83608952716936,98.57408128210653,99.02446509294954,124.73759157112562,0
68.08425612418566,117.37826094474825,81.78206291767188,97.13399329101738,98.27465602542044,105.52994157671368,0
78.64248401572183,118.70431645405147,79.62703661495962,99.00280975195514,97.95528597460512,84.4696307048755,0
74.55266918510503,115.24078022184669,83.44970138448043,98.18213487101117,98.26884285305367,101.76798885011296,0
68.72374920709967,130.35637233302612,74.5608122614319,98.53896307265572,98.70519444964188,108.5250127595504,0
38.31219512921094,82.05330918727238,118.896486709728,90.43215231530742,91.65859423186615,34.71555866246516,1
77.49796604821489,119.26522604705463,85.43240061445191,97.8658466730076,98.96165983794063,100.08781547145462,0
74.878962212201,110.93318965533015,73.76829853189562,97.36297439012714,98.58044910659216,93.35146012897505,0
73.30065338257577,107.53562028964757,88.35631230151817,99.61335892907948,98.37233208892768,107.53215035998947,0
75.50356911195578,120.9391649119709,75.15758176519053,97.53389180045582,98.54797166348658,100.1530657484551,0
45.424522098975174,69.56246936593098,110.02029585542783,81.82587689462711,91.70011508502792,35.757677255526296,1
79.15024498264239,113.95000316641625,84.13828754867599,98.4122805981435,99.25289810355955,95.69324871504965,0
73.25682050188664,119.33396313845876,91.53844113867726,98.0576227631596,98.44321853272855,114.6994775619084,0
73.37444812923421,132.22101279191196,80.07190998122132,97.6210159259418,98.53047459484331,96.21875419630406,0
78.43157919127079,127.51388891687311,80.27815061882895,98.01239007619401,98.5697142385569,108.96613589825148,0
76.53234735495454,123.63551121946522,79.66917032726782,97.85157059893581,98.43287059247625,101.96511926001214,0
144.0134691466411,176.45312206800423,120.97934315033973,82.42302793262473,103.52052066957495,215.16214994680848,1
77.89614590367309,114.38930686926821,84.29135215090936,97.0816838626716,98.77122349906045,96.36129201536687,0
87.61009868508236,125.98081400784504,71.673076808795,98.28729657274909,98.34145698514025,89.37029603021868,0
65.38638155726487,122.87950341806007,85.73901395879876,98.03242660418701,98.57345206431597,104.86589981246603,0
141.8598540641239,184.39791491019568,113.35289055506902,85.42703445376608,103.02552382925619,265.07718690279177,1
89.69456655185235,106.4552511793167,76.20667399228614,97.33044767362419,98.68921520993058,81.86117529530489,0
66.28848923986659,130.12860902470885,83.53839122013622,98.91307080592885,98.19233175147923,92.47790315683004,0
64.91512310814693,114.34686061931193,80.66782707767989,97.03750116508068,99.53259443702272,100.06547891718374,0
71.30262574126824,127.1115605649449,79.32199380049559,97.58329451640894,98.46588661019305,91.54801885914443,0
128.68347066553645,181.86303342902534,123.38847946112101,86.66131199957849,103.18740764519947,261.905466731807,1
63.840863154120484,112.64145979152248,82.81455330142542,98.52514465878828,98.69543367517224,86.62153628184052,0
73.27643865514597,117.20121285999431,74.1480820094783,97.8648699929243,98.9948948953677,104.78874970052453,0
70.45574077545993,114.81656925567489,84.77694285589925,98.63319517867191,99.37117967209683,82.28040295765962,0
79.46807748442072,118.95446953045251,83.1118955923656,96.46581903931278,98.62757242092339,120.82809990208514,0
78.74612015922301,111.9014102193937,92.54153136528282,97.47891103786908,98.22716543457705,98.40913335631387,0
67.84855158071254,123.28284654703927,79.24926083991281,95.58122453293058,98.17619256612232,98.88533917220585,0
72.20828249251537,134.36451317995355,75.92204114390425,98.06318366880775,98.89356315274584,111.06406316391156,0
124.81742280393235,183.24861566997927,130.1659995221273,85.34892199419545,103.58919151030858,235.4300427957944,1
78.61981129209913,118.17783671109994,81.44955587018832,98.40226234466438,98.42873909876482,101.45006317361367,0
73.2381706279527,111.78058392995898,78.83046007277552,99.79701651649795,99.48272197282178,91.9781556078194,0
70.5580476110512,111.48172302761883,79.29862207224785,98.00508539612824,98.65617034697793,116.65679080513895,0
63.54923222181864,123.87498671747456,79.7925444771131,98.71806204383721,99.04087812750848,115.69634504577714,0
70.5439123391278,122.01619857813843,76.37733865482876,100.0,98.80256413655165,102.06186703684504,0
63.80426573279679,115.32081562402776,85.67384307433383,98.90809029826214,98.31193559217125,104.89840764737892,0
69.47542923791369,117.95120178717306,84.14549220009168,98.74007836570529,99.23988168041923,103.30852878262746,0
62.59284344780727,116.18992697579996,90.95819127527494,98.4031701666344,99.03863751567285,103.20476789411555,0
80.20124560466715,109.1123838631113,71.99409400594213,95.90682197760884,98.36398961236367,96.07960131302877,0
70.64534219708078,132.08358581944944,79.05702585426256,99.67512993969022,98.54286934456194,78.52296760733147,0
69.20516658529102,116.4799187243033,77.98844988623638,96.47489435898564,98.5061908295676,93.85303176992332,0
83.0802439544162,125.21605604999372,80.8783685624589,98.59600867298612,98.73837746719202,88.01819247038728,0
67.29740600648162,111.09916035375402,81.03960033691979,98.46225232929305,98.14032042612477,84.3625891232862,0
73.11965473893815,124.3857685433586,82.16917620044438,97.71229711187088,99.05058310285166,112.43192019144855,0
84.25245624086247,113.76694972940138,83.94377021942724,97.97582857364179,99.10803445907203,100.54777766987374,0
73.97464067226078,116.10297471499986,72.36439602332122,96.94057859291794,98.0542237764595,122.10959211272875,0
76.1179107417402,118.19394024661673,80.09115498568559,97.90575615647525,98.97535653362382,116.19322076323304,0
81.65268513440624,121.31651349894241,73.29434983672145,98.21987014237395,98.82758575393453,103.86225373744986,0
63.68407234560601,135.46898966023926,76.0169371518601,98.03764737216936,97.86475697397645,105.61576883916055,0
63.51771301857012,115.80125024258056,76.45610898639251,98.65048963998844,98.55227627527879,94.86725863205322,0
73.22078181520334,112.51521854371444,76.12196819281199,97.60391603392073,98.06546724431382,111.15124315494968,0
75.01951238849703,135.68648589344053,83.8814679537366,98.07468163945424,99.1180784707603,92.63572016234733,0
65.66065414343848,126.10951190128728,80.28253837214633,97.58906492342614,99.10157271887019,106.63893126096136,0
84.87089476664033,118.14333721670859,80.04697677287925,97.78951196946296,98.19827264624679,103.42984341359107,0
68.39869873704723,123.02551683531478,87.95397871085626,98.55966157032437,98.31059795637519,103.34069362161387,0
70.67421495702202,128.3030183182961,81.16797540630787,97.65030125464125,98.0755424712852,107.10514087121861,0
68.6967789030505,120.1128735153033,76.77552070677831,97.50755588758778,99.07939294095355,101.48495305801106,0
64.65635839942647,116.18369628691575,80.98656706145134,97.99359924739686,98.73928844165766,85.73950958304287,0
74.06272728929932,118.06177450961837,77.82071322509296,98.97333744961342,98.42665782353174,106.71477671432086,0
82.0586238736517,111.0849011598238,81.4189401391904,97.23123317143931,99.17427084151991,96.2901929053466,0
73.6954797029298,120.48536013200743,74.4239138601454,98.1940210045058,99.0841530436247,106.98001587510532,0
67.90809451201321,122.67857486034244,79.91068922556133,96.48274613942789,99.32164763678576,104.01884663127547,0
76.02918703037432,113.82627465012978,79.88191010290772,96.45509063040689,98.25048684515666,96.7094000005586,0
67.17020111488463,115.05305262138896,77.71752195247952,97.92652694543578,98.62028290154547,92.74376581362858,0
73.48932351780202,106.31465860777202,81.01971928757997,98.25532817174505,98.03066528204744,106.96792960496072,0
72.96293774384088,117.7378263400826,80.05243991336938,98.22631595289847,98.45008645998463,89.31492367848062,0
71.2472744399826,127.42879380958483,82.92760766428434,98.1743675877683,98.68881741925843,115.00736382657942,0
70.6514075886439,109.53670697485249,83.5625222104608,97.59132765429396,98.79115157443842,84.61717057869365,0
75.81103081009182,117.34994179750792,72.4622352768329,97.37296349085015,98.06226381114203,105.33519993142397,0
63.55492983169307,117.13139129344526,81.59404169814128,97.1428276261083,98.09639890921274,103.386251576366,0
65.26473116253352,126.10971958224835,82.38794409776503,99.29105223270243,97.46058916453936,89.59098135527111,0
73.97705241343806,120.69878420569837,85.56146224945864,98.60158004540217,98.38218875322612,77.24136809979302,0
66.36072128203587,119.8457559519701,79.85591699205689,97.7370250859843,98.7238918012348,104.19874622791768,0
66.17925443772214,117.98294816304238,90.34973869534839,97.79684363366621,98.60554882887038,90.17243307159166,0
73.66415077178806,116.04997103096687,85.13776356837579,98.51943662319174,98.68947187859821,119.2403784383875,0
66.97847577722231,120.97199222701616,82.54381665524652,98.91126228303783,98.29515792264492,112.81340024194309,0
67.03661433868606,123.52163258036623,78.32110691129789,97.41559022531176,99.09757676998645,88.13777738488957,0
73.59217409639777,114.96007326744643,81.58136890129857,97.78203161503927,97.88076865602284,89.77544099250649,0
80.98026244467589,126.27758132423264,83.04906259937377,97.49606932003866,98.86523760853613,97.90044923267943,0
66.03682395099088,118.97463530490288,85.39213097236473,96.95856873013545,98.95011257065407,78.3114015429745,0
75.52016280885165,118.30998604692505,80.41432420934498,96.90207363693295,98.62185577665801,96.08669594771136,0
68.42679038889685,110.54096718111096,73.09823532293407,97.62880804873848,98.89879841534213,111.28136747121934,0
76.59648167030814,109.65671315156389,70.52709424763849,96.42851081242372,98.78598465820244,92.98141609757748,0
67.38016061364814,113.03951454058388,74.7452941690552,98.20188719429149,98.02285849837305,103.76694848676387,0
75.07851252058376,120.72476707764423,74.79273524112591,97.71369859710582,98.41803973275795,111.7493324262804,0
74.14209291579029,112.55045995227856,75.36918368258395,97.90044931681503,98.47235276412083,98.31993193550433,0
73.81075139891679,117.39754691933558,75.29309256930367,98.92409812884078,98.69256254051096,101.98602950180448,0
67.38514590127622,111.41674449531122,83.37745423632735,97.46998924122003,98.14392112089755,107.26038793110361,0
76.98201489926548,113.57416726772485,72.1751305327911,98.1029652424646,98.99408806912363,95.65549800351553,0
77.00850795794929,109.60776645656243,80.10250864683834,95.43388061406759,98.03483296023404,85.46366101281706,0
70.37006933804368,118.36393159503793,80.50827880783015,100.0,98.39782019145778,95.66677780643366,0
76.30911435424761,132.48745816641238,77.70800818393603,97.39117683757664,97.94092258609216,110.53985483377073,0
72.8750188212923,130.6716202678113,76.4781983788956,97.50877558538289,98.53862305307379,113.21973677521846,0
76.91266586252917,122.03965289371162,83.31636690632239,99.43003038892137,97.55978562902838,112.16127247671602,0
72.74128617573349,107.33512599788219,77.51315233429868,99.82335896203647,98.66817882016518,113.10144387633882,0
80.21178934519409,111.35841601104323,76.60047051626584,99.7009715194165,98.21575472943486,102.03660422726178,0
71.68127608189472,125.10841055923937,70.81997358321584,97.10405299641123,98.60054132098625,116.9271343308125,0
68.69816907692748,113.86910315453423,80.24547365652836,98.4367677511105,98.36588378747345,105.05333943874032,0
73.86665994685917,128.61322033431983,83.24802432556443,98.3689151288292,98.05816013557094,118.56133799405137,0
66.62200404844764,124.69712463442438,78.20047231408375,98.81433981456787,98.4910701560021,97.32587194111453,0
69.07436265556504,120.96146735584925,83.86778853103407,98.04312543095305,98.70456180101888,93.0233715398694,0
75.54865291051112,126.67106648749835,83.21022545946781,98.92580464159606,98.16658152302058,87.26510983765343,0
69.90336403669826,122.32457022991767,83.04954561327322,97.87734489969237,98.27330365355083,101.38695426259926,0
127.3945053583376,174.12387594490247,118.31278850556463,82.08476661151246,103.4886834166142,277.38527946911034,1
70.74411708252383,105.43481632226315,71.58308933478587,97.00285645321432,98.4950012558157,89.4749108919396,0
144.24655473115095,181.5542624088235,121.4218646366194,79.36363290802244,103.85755864573026,230.77719336544172,1
65.98482381217315,110.27490888852307,90.0423650549085,97.6515720497084,97.93838579989571,131.36686048322272,0
73.91869160485523,120.97648457303221,78.20357347846792,98.24058075772659,98.80013328292824,106.2195224247893,0
73.99188198341409,136.2728924002639,79.82289929654245,97.52302414004595,98.72260488258792,93.74957865399934,0
77.04440689277729,114.86951773324026,88.37959393804688,98.20400038107769,98.43014266843363,101.3342263450929,0
68.25392766172065,107.79429178322425,80.36124567118101,98.98852610464745,98.75054681487964,95.04372326189272,0
81.93724951234377,118.36754051255524,82.17524185820223,97.52130361899205,98.37276257936358,98.41152004340664,0
77.70869566234852,121.41668359419087,72.98191894464095,99.43802872187327,98.12886545796947,91.44031548036146,0
74.45891194157107,106.3686026810143,79.58743240544302,96.93363692461519,98.38151183380512,104.6835792296373,0
76.08815706265769,111.9382322367596,81.09602093816794,99.03883971198209,98.1460103340403,94.49855101651602,0
74.74368242769145,112.19827379494357,80.6030427380679,96.54282730157904,99.26866377465944,91.38171148563544,0
67.66957467997648,125.49629557617263,70.72033356405782,99.40077727619565,98.09717877014262,110.39090421976736,0
63.19484840548536,112.80453364492483,82.57859809585068,96.77958578918891,98.38571414680017,99.5116060887393,0
77.62749322506393,117.46793314734629,83.36485103015958,98.62460664489427,98.8380035208433,100.63446728665338,0
71.7080858905773,115.29795447519346,82.32160280413332,97.24402470868499,98.82689668272276,93.21379382463118,0
67.58817923590829,116.8591302216636,86.42040138271143,98.17215866960645,98.78920318198696,103.36592038902062,0
74.32987203254069,124.96952923703066,82.41356380278069,98.62359952705201,98.19835623711755,96.07387267915576,0
64.01260227865333,131.7058613286827,80.35834276940122,98.01465590987013,98.67635197436748,89.19582264171629,0
71.01398876468765,126.47697324901782,79.60945494943606,97.39493630927802,99.16661614039725,99.39602075009262,0
42.24398689190315,76.24548205566103,104.84706399701163,82.70064117788617,91.77694241610861,35.96593308143045,1
72.64466624604536,130.44171701161267,80.16417904550653,95.65193160289917,98.29780664258523,97.1549589534859,0
71.11331808709517,113.5222541964993,73.17102035974527,97.92518157964942,98.31782651037707,120.84071273652489,0
71.91328637473032,129.24697052678496,88.02367506147426,97.48668691099434,98.16523452203332,89.17948454207603,0
139.69622780457684,176.0381739378316,95.56822081836627,89.12813138904136,102.28516628606262,207.35691111136458,1
54.471897099032354,112.46533168818559,77.51473756582159,98.6451834964809,98.41253579620808,100.55920660923218,0
56.67647319058827,115.79211413131807,81.7715469075943,96.73242229546692,98.2492991074115,90.23175874124686,0
58.61719188525325,118.3231089874403,71.07530733563948,98.9104921319437,98.3862121296633,100.9112102933352,0
74.9893304909807,122.08059055109561,75.69278285267856,96.42665305039426,98.83867815236418,113.2712855550037,0
66.46884112124812,125.38322158809592,71.81599067844604,97.79177729038724,97.80656972875414,99.99764515085216,0
151.0720204590968,212.2393654434829,111.72911459953414,91.0,104.11696883945659,244.0946095047279,1
69.07662861531868,124.66639518419824,79.37725760156788,96.61170756851514,98.59526514150386,108.12434900823922,0
74.37252591232823,124.88066632473219,89.84225644680146,98.52077644473401,99.02196028703894,99.97662102185426,0
70.3011666195374,110.66796394065953,82.20517917425381,97.15496148828372,98.5849844794511,80.01713323462263,0
64.63435310917805,129.88418814980275,88.11764605445903,97.99788832001518,98.32252081295333,108.70550717200511,0
78.00979095125136,125.1892387183554,83.18559520205613,97.28250139791558,97.71572018904378,101.0280328501993,0
77.04386129393234,117.59155230307042,83.20013309192164,98.87565636322823,98.84803727903474,106.50536488977602,0
78.31891711999742,125.62208319829816,86.50551031512046,96.2030083527206,98.93759570084767,104.45097257842146,0
79.20157049843297,114.38409716245836,82.79116053439151,96.70769662507155,98.69988286448901,106.96042411096487,0
71.27771301627841,128.4849044296344,81.71798767589108,99.68587015222153,98.6627874508195,88.75272360580058,0
72.46885837781788,117.53538576782283,81.35256737733201,97.30043072142158,98.36290250823521,108.1168339475522,0
73.25318157002853,123.66256230015924,82.68194609423789,98.90176468794029,98.67484061488891,114.03619668528336,0
75.02427909310707,118.10079515352191,87.5921101532609,98.84792875335528,98.76923198412973,99.00380050219526,0
81.46471967858085,121.81138863670745,80.44599098306286,99.38543778165638,98.57490058977234,104.04750858996361,0
67.8108019523337,120.71779007872266,80.3999792762179,98.08488824152667,98.8737079822643,98.70390054716314,0
80.18484257984306,115.45444626270283,70.65134169022505,97.84621483485381,98.81878738925087,92.18259527775466,0
79.2785861998751,128.89745728204923,81.81497851716344,98.3051726345805,97.05744986830375,108.72921982357204,0
80.69099537935756,120.17102288124624,81.64341174748242,96.95953269211043,98.12371622722193,102.30768538664607,0
60.24197925672135,111.45775517039218,71.64426417602326,97.92936602034803,98.3846602169956,98.35828381046356,0
69.32289940071132,113.14052097652429,76.69431443904514,98.99795432214255,99.27377853576432,97.29049326623057,0
60.71993979655342,128.35510574833384,79.20335711245325,98.13886398920054,99.17224975879935,81.40184823862673,0
71.71373186314813,122.73789513852908,83.09430165072318,98.50681139766304,98.98042274499258,98.04540342613572,0
81.68867274425911,110.39313183707085,81.7916703559846,99.21994319923283,97.97365744613825,107.69853957771473,0
78.32391462709725,125.58996671177412,80.16935274717622,98.2068163617914,98.4164379343506,94.12943061518993,0
81.17081055847518,118.96861841364945,86.40691699061817,98.21238008602349,99.29191495498249,94.31357689059874,0
81.53903386908411,118.77746438022861,81.35042205673882,98.01290129556831,98.56035179233734,110.13841161068142,0
71.87179623390938,121.00398596800245,84.67070721116848,96.38698318642304,98.55329435147748,104.78530830908397,0
73.18116741521474,100.17371852511101,73.93671433688343,98.4806112152486,99.04145076417791,95.7423012722464,0
63.48980560240181,117.82726306035704,71.80877170452733,97.99986831377306,98.472504440169,102.30926764039656,0
66.65809291188077,110.72607953347082,76.26107447817009,96.48907543818301,98.27670180280478,85.33190534607108,0
67.47758301385507,125.5769134894952,81.84631888824953,96.98940939684141,98.79259812822684,101.1426523006332,0
56.45374624713054,126.00697349653811,72.42713245470722,98.02162663059356,98.35933902844434,123.00030685144452,0
69.88847209310094,122.19890647515466,83.60319615678634,95.45690681052523,99.2649650391289,86.7620455540314,0
70.58418007673417,105.68759697339112,79.19357283169427,99.91784800160667,98.76051296647087,99.49205964772108,0
136.14213145240865,161.42355540159178,89.04330895742078,84.61995392032904,102.9334306959099,271.21052430410305,1
63.79884982031504,124.29285881262801,83.73529413912061,97.34189119061723,99.20498229033888,101.44337337249704,0
70.02331328191745,133.76841873755777,78.34250305850243,98.14674747220522,99.20987069713902,93.93068372644525,0
138.48703573084254,167.36179693093112,139.1176674708952,85.12806733729278,104.3106067760958,243.26877555054568,1
70.09057483354428,121.47846579457119,97.14455239004107,98.68810802440427,98.44621275492023,98.69606447796164,0
72.14531674003655,118.48433761724678,73.60176075825379,98.22032329169092,98.46048989559725,92.36230498811986,0
74.33147162718578,118.40596269614973,74.95946746619786,97.18579532261462,98.78296029711669,96.49871828482438,0
76.06755522803562,113.01091402986297,74.55682578470481,97.60066997709978,98.78883867642203,112.31300538290682,0
71.36430987417519,128.7874484620193,85.81324029343097,98.03028363655297,99.0416858083279,101.37541829472194,0
78.86252425924158,120.10988457170431,81.84248793419519,98.85311026444974,98.93168943425484,104.0172563772616,0
57.64826277412186,122.66578492841677,75.44108856165678,97.96582811846567,99.18955171620269,97.79590616783995,0
68.36097967070556,129.19958602992506,87.70053911872016,96.40799154288135,98.98668199255863,89.15175429034498,0
76.84273557982387,109.02298980605964,81.51485936793641,97.96806610994919,98.29570646128919,84.25270626657907,0
78.40004813753492,117.34868114377835,67.70915284725491,96.9292456236615,98.55645844770692,110.02724550081625,0
66.99430913979225,114.803703909864,81.26106501681431,97.82454156495824,98.66307768798512,91.55000090908375,0
73.06620600559953,115.89509395777858,77.77102343086591,97.93560245937529,98.47037112647928,97.85671933855086,0
75.93932165180298,125.05332439806699,81.54523417512017,98.03979945411602,98.65396284653525,97.2866083477399,0
75.88613122860416,131.44546476169265,77.54693882986673,100.0,98.08965160003922,97.66410267722001,0
65.5736779221057,121.79725559063252,72.45003414710396,95.98007382605772,98.23311732146598,79.8271102272102,0
62.060260753933356,115.94733769855753,77.3028510311079,96.85751810188158,98.79383087711768,95.46409914578184,0
75.61912458649405,117.96682258640547,74.34506305757206,97.85031905208469,97.93605285989688,105.98168133952757,0
68.81401826998909,110.15139619640782,82.16873804674267,97.96883963519852,99.45345824187275,115.81375969171434,0
74.05402700693773,107.8353676890745,77.14048575095038,98.93650660605701,98.08111538433349,114.50847335732135,0
67.42028337492852,117.30928836384955,84.21387015049514,98.32267063074201,98.73673212873844,102.56513739991844,0
74.44831708102053,117.13461597346964,85.94564890726733,97.96183041303357,99.10091019101225,90.2584265822196,0
75.71492556603118,109.9841815886273,70.48120297177704,99.65163894868589,99.15094663151245,110.35276566180256,0
68.32938545456828,122.50362956641763,83.7624168853711,98.078077713896,98.5523362920195,104.54905528844682,0
75.00506684966675,117.85790231949814,78.08610799145221,97.34342303665308,98.5536114988954,102.53592941690806,0
71.76894918299575,129.51432645914818,82.57830315041697,98.47319658322523,98.94239891612261,98.01418676608176,0
156.7389269002784,207.0704855487975,110.36823623457121,76.8445125370815,103.6002619608622,320.7463582798834,1
68.38672763782932,124.13521034857229,88.39089961062434,97.54433750198633,99.29634323080577,96.1432740287813,0
69.98917331297129,119.74393972086207,83.9587263700436,97.46068707638902,98.56737968196408,91.0527700056136,0
68.85259791739769,110.0308267986868,79.67844774940377,98.26386602090294,98.7924390661713,105.85758560162223,0
136.8017397721831,186.9066044746263,97.35020292363548,78.24240321562783,103.5997621687674,226.32015299000557,1
75.67005773304521,124.36384996795941,73.42560667797794,97.32366028423645,99.17825401866322,99.19383635184919,0
70.08567638600029,120.81781121920528,81.62625837927172,98.40440815407142,98.66908176663078,99.970186001613,0
85.3878008771558,126.17600544819452,84.83062662765155,98.54277467391256,98.12923204314735,96.39968675891633,0
75.64033835481709,111.85164557315922,85.49731885697827,98.06627473734423,98.74380842485618,100.93309938060966,0
74.33768506422543,124.62321966646086,78.69109638828647,95.95646164610376,98.92421230511582,104.53579852145332,0
73.10300709793502,115.58900018900357,85.87407028792846,98.47334118338514,99.36596180199136,100.07217146087898,0
77.15750923406134,112.15206191069454,85.92149715578363,98.05573977332637,97.79084953710836,91.77180734475611,0
82.79235011010788,126.3475109105268,86.39436882350188,97.09134771808453,98.39752100934295,90.31332722293286,0
69.32698487159537,118.75682803668883,83.82718747187508,96.13573016274353,98.3096449664672,108.46869734684252,0
156.89147715466564,185.10521275771248,110.08741966689769,80.4556573578093,104.0406948278954,288.61133766228716,1
77.85187475086788,118.40560314613455,82.27573190474759,97.54268709344329,98.5781412220942,108.79660997368937,0
75.41856214319188,116.47444817737083,79.38515526682815,98.01159385932537,98.55360050953576,123.25055015875586,0
67.4794927779229,117.24209323129816,78.14988767081378,97.99705458866741,98.63047696857949,101.7609548823085,0
77.75031491905226,107.62308277105296,80.91727113236117,98.78142891946553,99.00219812812254,109.19015662519757,0
37.76777812592039,71.94999240261038,112.24061072921884,90.7176732680423,93.53323986915542,48.66187234055765,1
76.09134893775787,103.30985247849978,82.99544879631904,97.25277816777951,98.46895698956315,92.97779513924421,0
75.08168678538658,103.44601239045942,75.56667482657812,97.83704368919416,98.43042348017568,97.7922339639887,0
81.74807075081736,120.90431231332197,79.94049588452886,98.01925896735112,99.22345060678512,100.58670603369637,0
57.82240538674897,101.01171205332693,84.26507594121749,98.01775254617328,98.9810362031808,96.22653816920068,0
68.6251993446344,112.12089020177622,83.5069494690475,96.64345494771347,98.65941240625659,101.209954343635,0
65.1738859774511,117.35564578734267,73.74386042311163,97.90484948794322,98.53099025066929,89.96077982298502,0
146.6036039393688,192.1775671122629,103.95473424108732,86.08074090259646,103.22135915784142,277.9396119977556,1
72.20491450492814,116.81360766628688,79.19178102760695,98.60091378241533,99.14509633079957,105.37984272542018,0
65.4542014187088,123.71478186107034,87.37241003689128,99.19414814801313,98.3200740225368,102.3391491637339,0
74.58024988314642,109.54173544697174,81.57011301243057,99.27169679152256,98.77890662330041,100.62997785578546,0
69.21949384312522,120.47486959741856,72.7438685054942,99.94358408737756,99.03701016587137,99.14823907728999,0
72.66823561104032,124.49079151455209,78.48453640154138,96.77904942900113,99.22583249642295,107.88471040013191,0
60.147200601876776,113.97489585623264,79.56918947950253,97.75929742815269,98.0172249817917,89.50453540518193,0
62.53802110685402,128.46461453056756,74.18498571108277,98.46326956914751,98.96148734441996,102.32842450736639,0
66.8968772747442,136.71577393867312,71.4245332640873,97.07528811959882,98.06581388262074,101.63776871192854,0
73.33280262980227,109.2792527932945,85.00410248884207,97.42450978690388,98.6251780386168,94.50679469716746,0
77.98579246152147,122.07153268242267,78.04555866413806,98.13935120789893,98.64028128561358,91.92808135964086,0
59.507407780866075,123.89812305657702,92.20461982728267,98.16704310416914,98.1675246087844,83.25451110754695,0
69.01457496968875,113.58971471206507,84.1620026929528,97.47097534936123,98.08895807037757,107.40024252780098,0
70.0282891455061,130.2357822282431,77.5459676675179,99.187591818018,98.47331682706962,124.0462449207247,0
64.92324201295332,119.86614474102404,85.8364535869189,97.64618247378782,98.91219900827514,89.85208311309269,0
48.54459154678093,77.65949528923953,117.43647416214934,91.0,91.66549092788787,32.82396561595221,1
64.73296842431532,122.70179064798214,71.60248603543299,97.4369338002049,99.24304695472978,101.53005373178665,0
64.93175479574171,118.75383696955313,76.39923011489216,97.8653559081752,99.2782439440517,91.0700948291977,0
76.25402254553107,125.22886588073297,79.48971804685576,97.51245544359341,98.19747679776276,97.83793082216674,0
71.1178474594149,129.41397821826487,82.44494765330022,99.19247740250758,98.5800726676376,103.01186958077767,0
69.3106523021991,125.39324516981058,73.87721529887455,99.68397203006934,98.95931874848242,89.08119428264936,0
71.3127609284843,125.6562533258145,82.8487945985209,98.1007628229016,97.9340843994269,115.06167130884461,0
73.18375359378724,121.71579999060833,82.16592033635771,97.43504847334478,98.96698486143748,91.16593839664633,0
32.628830006514356,89.34937146111555,105.10649147587289,88.4813927918664,92.69065082799841,40.9058064920301,1
73.54651524085651,108.98907520048998,76.70763202369372,96.591576615794,97.79358791219428,105.48978464203705,0
62.660224958856574,118.19889999567548,84.8524422980669,98.53904149675276,98.33952948244328,106.68731730855284,0
59.764606933439396,128.78036852530138,79.51344424649204,97.79805393124698,98.27677862836399,109.36899194304105,0
68.46381145833473,116.01385157855523,77.83670243301704,96.50877216860954,98.91030615411309,104.40479797387218,0
41.135860221617925,73.55867701016734,120.79485216662172,79.6452822466763,92.94367610350668,40.294020789465876,1
76.69093723066386,118.0043402007059,79.19116359417166,98.34901226862807,99.48449718011302,84.52758402546782,0
68.80364701069858,107.30694569587989,86.16141914755416,98.46346035566621,99.32538554291942,114.86163644965157,0
75.03282095499976,114.6630743457796,79.28000011149169,96.82156328706932,97.84412088536084,96.94180536673703,0
77.83860936609044,117.29149387380036,81.76211457192157,98.25569953804815,98.62980495403853,86.99520378966022,0
86.63851443803564,117.76807551153688,83.22898820801856,97.79955501732277,99.0529622162837,97.99546086647065,0
79.08384547471287,103.22742398168708,79.08005669948518,96.21286141241555,98.69670675595371,79.40645720224823,0
76.95058958800581,121.80077394778051,86.41677288644102,99.83311414839845,98.78023933251164,103.03901802095083,0
74.45857677575698,119.91569512928048,74.40884030321985,98.0980804502798,98.1643102032507,84.52468974511065,0
73.77167964372521,124.379092155725,70.80181063718848,98.9252905496855,98.87841692536315,107.26782478560172,0
68.61765268317615,110.19950493771894,78.49210096104447,98.34696029688448,98.61745605298628,89.05136507633148,0
70.82231609167238,110.56603538783418,82.673519748181,97.81240117872316,98.50936355258911,103.78862082742336,0
153.27277012704374,194.65458427860804,109.0671121660244,78.14534592289175,105.55420183359104,282.7746192184155,1
83.92365599538485,130.38620737142594,77.28600514141517,96.52961986532428,99.23154244814938,102.04159560242046,0
64.51330090821091,108.2073269594153,73.75217544037997,98.57997217103362,97.9005147850325,119.38190470777039,0
62.813354984665665,127.9616676834024,90.88660190521111,98.66824812394135,98.62473266880724,82.92694058259326,0
75.23253595467821,117.65637908788848,76.566977340759,98.56486413215596,98.69108364739037,106.39020475468985,0
82.17030624258452,118.68498419293897,79.08979784457172,99.80104519653933,99.30649696386874,100.519717267155,0
66.73935731272893,106.47554389036029,84.3451563776542,100.0,98.53095870095326,109.49165062690359,0
63.38482709292336,129.5208113012622,87.88086263870689,97.78984439580913,98.85461681523026,86.77217025273762,0
73.95679813345271,120.55701474459516,77.78285290882482,97.34740209066851,99.14411799717996,87.34914401901767,0
67.46770240588006,104.59129568584358,76.92980919225295,97.98841021568118,98.70940862699,114.84060553220698,0
64.79822155766534,128.16459381968477,87.17088518260164,98.12486761019548,98.42756000418971,87.28546300572182,0
70.13839946043926,117.37056433964125,85.95264821858838,99.60189879158997,98.11857324150846,96.59376948771823,0
75.4593417783346,120.28901218911207,74.86823188805052,98.60673000252011,98.38685938365592,101.60110890639598,0
74.85814661613732,117.2463239157874,80.96309573793468,97.69968185743453,98.14461496353827,107.18479738680645,0
74.74051931492271,127.34204899312753,76.88664116723808,97.18697714783117,98.42510562313664,88.34470610423688,0
69.70309686232218,119.54659418141486,71.28973029114084,98.18867044750999,99.62606162343987,85.94047336414327,0
73.17932865906945,126.13321752185152,77.67024510963975,98.04320404868551,98.76938333273215,87.25802519559197,0
75.00498954602527,121.70868910451671,87.55641562055371,97.14389917256277,98.99001762188914,102.14300232053748,0
61.19365359508357,121.01799052184032,79.41755823684483,98.90761181104676,98.83778659262128,102.69317237846411,0
131.30257665510013,195.11448869055656,102.00066425350914,83.25561225966581,102.49197793833332,271.37365713408116,1
75.98956297381045,118.13003759840771,79.29911035087328,97.25033304905409,98.99222530359661,95.64525951961829,0
70.2583527348681,127.5705986040982,80.43602496018633,98.7541879610324,98.28784935810765,97.15030491211812,0
77.17334107132186,110.70540928564398,71.97597844550968,96.61562185578632,97.95161598021853,102.67683694533851,0
61.18116194246433,123.6501457934167,85.42238762428644,97.25817935829824,98.86938355029088,83.85831735494315,0
66.84985331891272,107.3507102354773,83.25333814396043,97.04491771186417,97.98108857950123,99.30718879670869,0
64.43469627398973,101.62628060538123,79.13227791219306,98.28627333677744,99.7752752268623,91.16276701813159,0
76.45609451015834,124.18276394126309,77.04392190378813,98.85732219190618,98.63540138952715,106.85911119668968,0
67.21862846717714,120.86435866415216,83.25482839389721,97.75418087328895,98.87895499148476,93.77859045427866,0
89.21041833400061,116.8648564854763,76.76581847916188,98.171244047685,98.00386007701567,92.38672651538872,0
81.99284666677546,117.56969453421416,73.68518531566339,96.51006379535978,98.64493517949295,83.73569241083423,0
70.69391278063668,116.37223152797158,68.0446071735802,97.2124485593713,98.80521716934632,97.19561718833859,0
71.09807723836877,120.71251833595129,73.59292510110987,99.40220958950327,98.08475570797299,109.8540181690694,0
69.20102772463082,119.72051475638645,74.45617552297503,97.5121309119262,99.14594774954202,99.33147142448483,0
74.53152452541171,120.30128609595272,77.33696621663252,96.66498375435198,97.93464531545618,109.61688051929374,0
72.12762946041637,113.97265229484097,72.36269321940648,97.27438254343672,98.58537562294832,109.09129352599552,0
36.081606077398845,87.43037557151969,105.38610140610015,82.10408507217232,92.69513402177644,50.437654373056695,1
68.62627482455416,117.83245200208357,86.01124501680586,96.95811306752263,98.23012310779058,86.02944976853027,0
65.57488548789337,124.49362990610591,71.94989163545502,97.98248263710425,98.1635185686339,95.89440811313503,0
70.82120049943141,116.46157171188842,66.46217153163946,99.6881570529028,98.10079576444252,110.8810529260043,0
69.27271368753934,120.24033371998185,82.51117360175986,98.7939351209105,97.6323483447697,96.92342058799086,0
78.44179049915863,114.77840511467079,92.51585895452855,98.87621257932166,99.0616939219599,112.10757739617591,0
72.20664607023505,122.76470579226314,76.38463447543927,98.10404648103909,98.50743679933869,109.1599556315284,0
63.76859314241186,124.80100473025894,73.95758897865461,96.8660536640322,98.02561800878878,105.34636532637468,0
66.49123809950055,124.42551419822296,69.82822066057818,99.03746666956505,98.9047078905055,83.44999600273155,0
86.56029891807313,122.16808745395201,84.3653303316605,97.1936687811204,98.97220430621444,91.80752487271332,0
74.01686977815737,135.4452828591927,68.7163744735529,96.97200592678256,98.52943717854866,111.20450491510532,0
64.03088370660942,105.87862841314312,75.80819059999597,97.8512704121826,98.6959187334968,91.0270681857578,0
74.41027033259365,122.16333210122858,86.95321797974978,99.63504767061946,98.18236562567046,78.65078109238988,0
67.32697774307739,115.8858342147607,80.3434035482527,97.60732534647391,99.03114923062591,107.95249167367278,0
65.57464501163332,108.16529860675483,73.70467544275903,98.40265698164716,98.34868060319289,84.80588109125694,0
66.10623579447193,124.93035346897855,79.63761140202982,97.19662129283371,97.98565413165379,101.26065717840498,0
73.73234197695014,129.55028370919607,73.0285112489779,98.62082994528987,99.10521122792676,115.57027152210313,0
62.44203759880998,118.0061414358046,83.58631771891608,97.69607735238463,98.29015946084587,96.27612814577355,0
65.37082324162488,112.55651850118777,85.41268504341456,98.19305080295811,99.36881477584261,94.89781833591638,0
61.073483584233024,121.7422577839328,76.34070395070968,99.10749924011816,99.07275858110877,86.2205982344116,0
79.12218183336228,132.05508568465737,82.99542092647411,95.77323847504277,98.54109206899481,88.44358485377191,0
76.38458471439915,111.76348539269964,73.95848242170334,99.12214173391952,98.76655850349755,101.68259102354591,0
64.60486011138894,120.54907472258569,68.87807945695566,96.46777821275968,98.44040154231108,99.39259343112899,0
70.66367579534035,127.22860261635408,83.92741294914788,98.4356831119245,98.3276132656348,107.90263318381253,0
76.17121740050399,121.98691197111916,84.32195748703333,98.71586462957114,98.45881430770311,101.13993589391693,0
77.50989963601388,123.20126996760736,75.39088171839893,96.56827030347526,98.72795518714176,109.57263076179163,0
69.12744857086987,111.57260445723534,72.1032741896487,99.09457329122057,98.44017877760129,114.03804732840352,0
70.74919073675755,112.46874319893018,79.59958500875453,97.33110350827079,98.78265661092317,108.71576502298157,0
86.67451187770095,122.52275376512657,79.33360642385422,97.55552047012229,98.00553509015735,91.59748235381336,0
39.277614541120705,61.161396160559136,118.3554865814686,87.36274837283968,92.87351054307744,60.25811539471983,1
82.01942702610845,114.15017696485975,84.25964535395421,98.41531147724034,98.55312438637418,96.94582779968978,0
68.40374986227737,116.82610124131303,86.34356947288285,98.18147788187906,99.11653229162597,93.53057180411834,0
68.48081238261639,116.9018749505809,83.2454669219375,96.49761101831048,98.61177308016799,112.0843600097144,0
74.64008670032,118.87706432617257,74.73835265198403,98.0476728946223,99.27336593789707,95.18342548945425,0
64.0411672301335,120.38639469771063,84.53926192454935,98.50363663617786,99.06408430724284,84.18012355296463,0
36.382903686036975,63.607410858663314,114.28769211242538,91.0,93.67624817723461,37.025007046776864,1
39.145298002536705,78.62781123715254,112.59507002808317,81.98483517682712,94.45204359519919,34.352096627447224,1
70.69172462764575,116.8947521885483,75.12233532192684,99.33545306170174,98.33890548577459,112.52279945515892,0
76.17700798295573,125.08558135635242,86.10582875002044,96.97193218753588,98.7506626368429,83.8944679875396,0
72.11060359839236,116.37569786944447,75.8281319385244,98.041326831877,98.65566738469305,92.94576285997549,0
81.47743287438428,126.74734853853104,81.22749340897157,97.56031799108155,98.52667326319067,111.01917830641382,0
75.49258622081169,121.0342913518009,70.10807541713459,98.34736340351613,98.83853343354619,83.22905441527834,0
36.25159236721038,80.82546970471624,113.93329027910494,82.9779869634313,92.05661931470424,46.937219258580086,1
77.21492755498139,128.82594663999518,89.79841990977941,97.6518926547987,99.32164186583452,101.49917703057852,0
67.30048024598258,114.46382745813804,86.95728983477971,96.96267380169866,98.13179402794843,105.57863029887615,0
78.4102760021641,124.22836151445136,82.24471359096499,97.0346179792955,98.36592565896028,80.09883262751065,0
72.33434947373216,124.20149076020995,82.61260383221195,97.23741857050295,98.63162954318504,92.65089849367071,0
77.85071840050651,116.78164768918667,84.1007179706153,98.16056211829742,98.18474428599542,99.87804433406106,0
66.60951197190985,105.30450614906682,84.3830293992109,99.42027108526746,98.99598034176003,115.8876522322982,0
63.40397226156208,115.70099528126971,82.13838385504965,98.26721065514505,98.7764417937468,89.39160691048279,0
42.71693131614911,79.38642400716607,129.2475805744283,75.90726167595815,92.2994531841675,51.72637219066154,1
78.21652590627754,115.54208350010727,80.83169432975328,98.72874158646576,98.4571982042196,97.55700594735984,0
67.68508008454548,130.33115405352777,76.26285373375397,98.89040800518684,98.6007651744084,87.2208689344353,0
62.433434047233796,117.03368222584108,69.01249497368985,96.60065695221412,98.48668281623291,103.3776031993531,0
73.26610480321571,118.0931298837742,81.0916937522108,97.20937600872705,98.56344749582881,100.78434507197599,0
78.28258981567292,121.62125231917665,84.19972269871013,98.80589777700106,97.93938411462791,88.08705894114985,0
67.3523101798885,118.5343707068166,79.93068932747865,96.32415983544816,98.3633410405937,89.59965472127794,0
66.12167265169916,117.33680867083554,72.74390391870033,97.95150413845117,98.67991048873404,108.14740025818604,0
69.23616737424128,110.25085169483103,81.91727507427107,97.97049240138092,98.9653122472161,94.92210509193393,0
67.51672992511305,126.10067070261555,82.1672622084974,98.06947811622108,98.33311070524533,96.31515086423299,0
122.18955418934294,184.14628754884737,72.09094383745709,82.9797477643796,103.37232495558608,222.37440097043955,1
66.06025324468791,118.78288325779789,81.40791702542917,97.89124897716638,98.71094918062315,121.22109457233549,0
74.98124154304558,118.87947859374187,86.73336500700573,97.95481447157484,98.66111294684009,107.5852254076473,0
44.026452725672,80.93921654275357,114.07518330298579,79.25947327938667,94.2132671920085,43.592207563067035,1
77.22040638413253,125.9971619502932,77.1659334109883,100.0,98.3460818071583,102.12093044176098,0
70.47026523867781,113.358759133124,81.46504403629328,98.09782649185227,98.63103935589812,117.74418532880004,0
63.90254273069081,112.45595477945879,78.05794379505612,95.47956152938093,98.74770621386247,98.98823287722576,0
74.48279458470898,128.37837664132945,79.9335845552049,96.85858420777278,98.94338353705561,105.14146907634304,0
76.49940143654226,136.1416261017742,83.06313188668557,97.34188650690831,99.1837318606406,94.03874220953163,0
78.92340440553448,114.8769988410888,82.22973888562652,97.45094556884114,99.04726776595808,97.6341591599615,0
79.01753995456664,108.62155410860117,86.62750109860629,97.83286391583717,98.62669058249394,97.47580278259629,0
72.53044131775108,123.73945503662273,79.08707560793779,95.0,98.73565667448314,99.12095838195309,0
55.78060624200458,139.4597453695649,76.53521497734393,96.24257662959724,98.42201191880514,109.70085986177315,0
28.60928807073427,80.26429912953944,122.33794773763366,91.0,92.6838384233596,36.03786279482432,1
75.57294538583554,136.4193691332751,82.83380190558829,98.79239503941574,98.04636440319503,121.99190148394692,0
72.12786989203165,109.9633592325011,78.57602221676284,96.49044837753004,98.39532245123532,112.3054500520855,0
74.47758872565375,126.87878199938959,73.5524996513801,95.60801811044387,99.25696769837133,89.33140158337694,0
76.55381532295961,118.26573307232204,75.53613346361925,97.93625007832082,98.56761543010529,94.13305918787341,0
73.87426926279943,119.39563499227292,72.72719297377638,97.13307476065556,98.95409464545999,95.53081637713984,0
72.01827612092049,125.39981256432637,80.92059699164085,96.99151857271369,98.75675465157684,102.82633856259892,0
69.20562147857846,105.86050867490704,75.37865798702464,98.0554533351577,98.8397764061225,91.36787240538918,0
79.32620217315211,119.19869339740796,79.0342238757521,98.63623582843033,97.82458926522409,86.72789725593496,0
69.01840784929213,121.48977079068978,75.78448847668565,98.12476386287739,98.51428507705467,109.03288121098194,0
64.0033356151221,131.8833664579654,75.7371370562675,98.32876685144106,98.62540530451217,103.98410824150112,0
66.93405577690157,127.50176261723414,87.03116179631276,98.89546022367483,98.14680876212348,96.83792464737172,0
75.33931874720255,122.13965898049817,87.40618295811797,98.49673775677572,98.3470223231744,105.18834545280991,0
74.4516438462106,134.7790743386971,83.36714406376846,98.10654467643437,98.30687473555851,101.63925953433372,0
73.50884165364307,124.67283656258996,83.76606723208079,97.53467748165892,99.00815274967107,96.28740421605983,0
41.75502015679728,73.78160901362843,122.53854491184767,81.68213576914438,93.58321177478794,52.574003513087,1
74.74663719691131,123.02646899940238,73.88624860630912,98.67683765411101,98.89244433587578,108.65034480632093,0
63.30845151219874,118.27292903119891,83.63561240742746,98.15485044831038,98.49111113129092,100.48848466904273,0
76.54753109954171,116.74662943261791,82.51287387185718,97.20386849445704,98.32334862983068,103.02039323089161,0
69.47612806340784,109.88356314911442,84.23419972734582,97.77382471231924,98.23318878850368,88.33286727268958,0
71.78504652776122,116.08840299556361,77.85927334503597,97.9355778004228,98.20529055273059,97.48650720358307,0
79.73851652449648,138.49408337344835,83.3637839359971,96.85321690137346,97.76859210044378,95.06624072502647,0
67.10513829020736,113.17635396854011,79.75044883479418,98.73683712410518,99.27618106783433,108.07419182382428,0
73.04746687699104,116.61117053790628,81.86421124327913,97.56899889416707,98.55998147555853,88.12779590257111,0
78.58380112526226,116.40137836942472,81.41224882027801,97.21669124327494,98.83571337318303,79.09145202686885,0
77.42410532856789,119.20485486808624,80.57619933486009,95.85728015360145,98.47594200199572,90.77775478666115,0
41.578861187932084,77.79326707029824,93.16620456114096,91.0,93.38455956063838,43.793111785717265,1
62.83699286046212,134.31958183374007,81.32644172391905,99.42623425807976,99.55658106514083,95.5021839397384,0
73.91112602879325,131.64790395865668,80.83408029759138,97.57973596884118,98.03770148964384,87.11258104380322,0
67.26396896568195,104.86577390050793,90.85226089472278,96.52504932028967,98.13534104574514,105.92769485523255,0
77.74674968683743,121.94261101217323,86.85549406955961,98.97903582546752,99.18186571655401,99.9527623654728,0
146.02146230804638,174.65350662787793,119.87613628309127,76.11056688486849,103.83548674316597,244.08149683654543,1
69.12495457292826,130.37372537905574,70.37216319833561,99.28035202083714,98.98051095555061,99.61382866451285,0
69.72523355407507,122.50841157753203,78.40849492947832,97.5955377120759,98.6146024889542,87.77520774682442,0
109.76550892218536,194.62705177763758,123.35617594360961,87.59635320788195,104.01558684535352,237.8406492572616,1
82.1035661487472,125.50484348397072,88.42850877017486,97.96940693576924,99.38949337709434,109.19560546862826,0
67.70373938234496,117.90651640338962,88.38842045449904,98.04450208231924,99.22815673613512,98.65772616066059,0
75.77717750533087,114.68228887573213,80.08916127264878,98.85573532086084,97.84281156923127,100.5495189362815,0
86.4756925296775,123.97791364006949,81.90260152658152,98.13268461913307,98.29113412525413,86.36903846419682,0
69.76675934357368,130.7123419504809,83.19478407106372,97.53475457083091,99.00451817918916,86.51668494719462,0
57.04037507801954,111.73837786059741,78.93570058621816,99.3830573985816,98.86477583362831,101.91080436632251,0
73.39352218296602,117.15180328846938,80.84115270591847,99.82956259632124,98.89045100854014,113.76933731588662,0
70.86527765533779,137.70949424476368,84.80546728616042,98.67396515171005,98.62470834855061,90.92621114833504,0
66.26675735639745,120.95147197052843,73.07740990287502,99.42428341427386,98.17491988978884,106.94545551958183,0
75.0268995382981,126.60518443391062,82.03042554937214,96.59630161525476,98.44722645474744,106.55533976491502,0
62.41276719303097,114.64072190078869,86.75496952863757,99.25532318953094,99.0683985972817,96.93014758075006,0
67.10774623010327,125.29922445537784,66.0851978382839,98.86205759054654,98.47233420671273,117.4127205621912,0
65.42688366692663,117.3580361920877,87.57123799990444,97.81419438990022,99.53812182538873,76.00151286544313,0
58.86046977012868,125.53531518562771,77.06627619634995,98.46254792279775,98.59950998467669,112.69953488955102,0
74.49867622860872,120.01562135513682,79.70536822738474,97.39512560099082,98.61090580305378,121.95012029127749,0
72.45260183340956,116.41187842115043,76.25954508575668,97.99282878901867,98.89855794940888,100.73329928250637,0
71.70582395497178,108.67979676968119,91.3704678457162,98.82658396513725,98.75327615415092,94.37017286123067,0
36.35039867502687,61.85751535370704,86.5795124433748,83.57978294036266,93.12673843399088,36.38295343814491,1
66.46060052333458,124.29639599052936,84.33902729771224,97.18206270957351,98.6284925589836,108.64307058851541,0
77.36788312544323,110.67125091282358,86.31769505398255,98.08329463754681,98.63453320751486,101.64175822797473,0
63.25469100321042,128.87572340972162,80.97581023570909,99.08284143391639,98.90688985098132,100.60242031343707,0
71.20718046659071,127.40572499687156,83.76800554579907,99.21032384994156,98.58485972367595,90.71868106150215,0
78.1619175799184,133.22495156852798,88.0639011634852,98.40404916653297,98.470695096245,82.03683635174505,0
66.35760650109388,122.32932335045908,90.52928172181663,99.27763334980781,98.80214185239669,75.03201882880913,0
75.737099594085,111.08037516646243,87.62319298241378,97.71897680272394,98.08625223667633,90.98847657365913,0
73.10901674216925,113.66536516943354,74.82701020196673,99.31609945185048,98.3911479255097,107.72622985968033,0
81.19420634806869,114.70797186380376,73.42625569844789,96.75737985505509,98.13585061957279,91.43892159606078,0
67.81936908942255,107.97629496145623,88.37818146922781,99.78463560694978,98.20735629422236,108.56743175843872,0
65.25903580056242,124.40817660086117,80.80756749619204,99.13869894669465,97.86520673550993,97.81319384779485,0
73.56633163307933,128.90799114049997,76.44992278554224,96.7156280244908,98.67611316396896,97.67226623306829,0
80.94435682109972,103.80169153799926,84.07797122298082,98.03322323851695,98.36340469717163,104.2959130331409,0
69.01456501014472,112.09955839934555,88.76687599362158,97.15406635989703,99.01923346582875,79.80714482921388,0
68.65546168135008,120.546051929352,72.7444800676663,99.29171560752124,98.6154292967905,87.67841975251957,0
79.30775491383335,112.6080713165121,79.15831182881405,99.77966188708768,97.97546280676004,86.19567917756854,0
74.83942574744127,125.11671283463352,76.02141168239694,98.11033543315938,99.4511672299029,112.45725077602997,0
74.83578207506044,122.93335514327423,80.53334827683523,98.1923689270375,97.90248654130184,99.78727150368906,0
80.8899804147756,121.71469965220403,76.941534391491,97.78632282941179,98.25593648829543,90.33309891074973,0
64.66262988266662,120.97987467424947,76.59616776710486,97.60584190347393,99.10045956520756,87.32998023878727,0
73.57536797401156,119.2207680584154,77.7019735062126,99.90467988208164,98.1459522322355,107.99518849073597,0
70.87817218208733,112.30668673911589,90.58662072185477,100.0,98.74183611144187,109.51070351738909,0
75.13164939370138,113.92217326881168,83.04619415444877,100.0,98.2990844712954,87.85956127426606,0
68.39616786048717,127.67248935234178,71.15971640412802,98.22964305556779,98.54508357283585,88.9257495439929,0
75.71331778813892,114.7405817127764,69.73608783414737,98.82488403772878,98.9872090826705,70.93225951204185,0
75.79996095642743,114.61863512973035,86.2843901583746,98.35440656747434,98.52808065899788,103.53565837890812,0
63.86731498132627,125.14688516982491,79.58294632626719,97.1543715120106,98.02128373846804,103.5330643982737,0
65.51362003440062,109.52688830784746,78.18412220633591,97.28997491318489,98.83054240704551,109.27973537420044,0
66.96848520931661,117.73870341858895,81.73362008120975,97.97183309155045,99.25936504307779,101.97707440708795,0
61.0131307299699,110.44870402467903,83.93008645407104,97.50873697233868,98.05282584556346,101.70503278165846,0
79.81044773639279,114.42020503642513,84.13072808020257,99.1974231998049,99.09138659616941,96.25337690927823,0
65.83394915444426,113.71380941572879,84.29707127379727,98.04323168964488,97.87675081842335,98.11782415980994,0
150.1356263444126,176.88631833485292,116.54102907693452,86.36384234193288,104.17542327184127,200.8366476428085,1
68.97914607530281,120.13540849568228,83.03381075103204,97.95294145922561,98.08047857837926,105.1913064694943,0
67.63198235262519,117.49228935464744,86.11403961066704,97.28417408612525,97.95203207872463,87.65577827933663,0
68.20346982068976,125.14592479137863,74.49928791864482,98.85093692777578,98.55117612185238,99.07091530151718,0
74.47799347282678,129.64699876348328,76.24549817022091,97.84282150006983,97.8489100544359,112.92406900911554,0
78.29405535502133,117.8113208798735,81.84962806502195,98.01706882519973,98.50648345296011,92.77745927603704,0
90.9123404070725,108.66578860438895,78.5706387251044,96.61224691899857,99.35426751402211,98.31204588410003,0
68.94115984085471,108.75620248118629,84.83458700537734,99.23130426356869,98.77268231412859,107.47062250090679,0
73.62034415034853,115.9139450650618,80.40159786312606,98.84528030460685,99.39173344735354,113.2300926870804,0
73.36220687318934,111.8594270920296,71.14471598831409,98.05042676413944,97.86184226991084,108.06477229923125,0
71.20419752170456,119.52087455133508,77.28489026807105,98.38785754341559,99.10063175307307,111.10307175748123,0
81.12603736295628,111.92085630654321,74.37917007619033,97.38101654911388,98.7245581429648,86.94537977726826,0
68.81845428976536,111.48393437105003,82.10134264528281,99.86572735596846,98.37158136885026,93.96113949946945,0
75.20890401807546,117.0505023456069,82.48124283122714,98.08547725034829,99.12234443447471,103.91459497933532,0
67.83172121346566,112.30672542827699,78.92084622281922,98.05107630446508,98.54442225965386,104.00485525241447,0
68.26410382959328,127.83226218551468,89.15371912415631,98.332346371472,98.54702211212016,100.13144788559768,0
74.52951966368673,110.99800205438454,87.66506271124591,99.53004744156163,98.85554754947155,87.80069100009784,0
80.9762658689351,120.43631944733386,78.97533762879196,99.13828144488959,98.67250846380561,112.16859709129001,0
83.38075789592368,118.2306572143267,86.67785227768378,98.73622744516513,98.13181531628454,87.55637515850212,0
73.1750715305861,116.22867413857733,76.4723102636077,97.6815831462817,97.98673016185506,95.80230287633188,0
74.95791875108675,116.5038416498035,80.71794912739746,97.83403826852708,98.2499821222288,103.55402536527866,0
74.74900868873219,120.63920310027945,74.39176881733403,97.86420435974298,99.28976734424396,91.82506058785208,0
68.2940886273939,126.55239317555211,83.541331098287,98.95740984523219,98.89418740371266,93.073203207204,0
67.86668674454756,115.68750149264574,81.27972188539174,97.82067197212697,98.62606733643328,112.53442823077613,0
78.39103179428632,130.1768816598532,76.74023922988307,99.24096559873853,98.25151640838679,110.45472500466073,0
77.51537360745122,119.39040691699795,72.13185488941508,99.39392453054107,98.65957711849651,111.94046983662575,0
66.90093378321124,121.49666155758744,88.38227480957332,97.4166570671215,98.81642039362465,99.601794238849,0
75.21991651516372,115.58348416383546,76.67477040998443,98.75773411420991,98.8775301651424,115.04112837700796,0
59.70035232853513,116.13201457716804,94.7262314496755,98.32656301586306,98.84835016636269,99.03123272810666,0
73.70250614196901,126.73751814367309,78.39687761846594,97.4956347996194,98.34993368468437,93.23738489386591,0
74.10378059564135,118.44880213930472,75.36743372610125,97.9134538393194,97.83616689312123,106.00433076731002,0
60.29338881576825,118.36271539682484,78.33863649374956,97.68443230746547,98.2568420970628,97.72238711287629,0
75.08930157645824,131.20752014315076,75.39708387081761,97.72481756261365,99.23507718729046,107.86798592117245,0
79.6341210006406,124.67071603200469,81.51481153749366,98.14599591431264,97.97031614175914,112.22625276275926,0
76.43079947997246,125.69786602138419,83.90971267725959,99.52085123206378,97.58966732567815,97.04334387914572,0
82.95605828128161,123.40416995345156,78.65689188030969,99.29963128530343,98.63505006206798,115.40022185924359,0
80.71480520682448,115.13395449346189,89.7448155572381,99.67135408409312,98.68100835309357,109.71551710968461,0
84.53723233016864,125.75446254622769,71.59311554142369,98.06178827022964,98.65272709303868,77.02087467214268,0
68.8533111824241,113.72542716522373,80.86533824285277,98.48852013847402,99.01685132344578,86.13404993442835,0
69.00161894309022,115.60805485901538,87.79147478386224,96.87018496973543,98.57565217202757,99.45511906142197,0
56.28152937546153,125.75947946583801,76.74278725068159,98.12944664254745,98.91757832145286,75.4125807672845,0
67.57937918431426,124.15477602605233,75.06070963183879,98.59679377733082,98.23800880323967,106.7055999119267,0
40.8916326393745,68.8828430586977,114.84452688145389,86.88522041283167,92.04081203790409,62.664472620072715,1
77.34148500501905,124.54217348132687,85.139795011289,96.53296604856128,98.29293193827807,120.89714963125961,0
77.87053267216821,117.297210567397,79.61357381266852,98.05547991876539,98.3812651016958,90.9783363849524,0
75.69462689862685,120.2133348974444,89.44641227125126,97.71870634733042,98.85348636029008,96.75698114679797,0
71.80383151143545,108.1541041784967,81.87031044065522,97.81934661795428,98.55666606105228,96.69636537506369,0
73.0875069756123,123.93030840878293,80.48448938017157,97.150860353487,99.17280386854745,75.50632754253539,0
66.7972187057346,117.58865953873283,79.48206052676467,96.52091071190247,98.70521407272716,103.1685233873329,0
64.44897053594799,122.7691918433406,79.41294849827565,99.39199157618133,98.84906568636725,87.3120208747111,0
75.19203719293166,120.59916292761167,79.97479564888236,97.6548627695234,99.02324224719841,95.19319590023483,0
77.95225409721914,102.34405457758434,86.66999092938462,96.5796982199293,98.96655153094532,100.03962181121075,0
71.50136656422784,109.93112183243808,81.49835988668963,98.27359457326168,98.8617189573897,99.60639375189851,0
44.5345410014643,74.26466542344419,99.77241201080483,82.77523208520334,92.01397897582893,42.11758784991983,1
74.79927186870076,117.0955860531577,89.64634998310642,99.03104273878266,99.521513723687,116.55152260389907,0
75.21905906142243,113.743777866414,80.1125019412272,98.60123678815167,98.64721108557752,105.09162680076672,0
59.849144480054356,116.72052720647778,80.57238029409389,99.22463873121518,98.77710132852364,90.4383193974933,0
69.04858531496276,109.64562787149563,72.54460038194263,98.7107740251752,97.70534193871171,108.59172760673988,0
61.98356831327177,110.33580905870244,78.37690162801029,96.88060912025409,98.60231404593065,108.7298564134257,0
71.69877229774953,124.22552017272517,82.33545471996787,99.14183092773624,98.86770102565046,118.9158033839359,0
66.82978157846244,110.75945968583889,78.81573975438911,99.10909946547672,97.83608093213643,110.80621208954167,0
64.81926812144214,120.74328043608152,78.35637593516854,98.18587788362227,98.74310203337075,94.85237472081796,0
68.90142213667457,110.998951879042,81.92527583968918,98.64005608103292,99.07212713567104,114.58542765660484,0
74.83558489447826,116.5142670722751,80.61877321262139,96.49139054562029,97.88006418584462,95.85044120867187,0
143.36865861612125,181.54490691349244,114.99910239805003,82.73067436024466,103.39151443816085,270.1546340631282,1
44.192732494135676,68.12596396817537,103.84723332318508,80.80376933274808,91.96450813803708,32.78271173297535,1
66.59627559211279,117.10603360554491,78.7646028159614,99.36532874827581,99.1028939842697,82.57630773748751,0
70.41931070350651,125.38978111934657,76.8820155983368,98.9637378771731,98.22153856754812,107.56540787187404,0
71.76588288373473,111.95204768971816,78.63433928140374,98.47108040409688,98.8158190133444,91.27216572146325,0
67.17410544204004,124.6455244292299,80.18783429353626,97.52504329547862,98.52743045555276,96.314682230291,0
74.87387895447836,123.89215467789603,80.90152525668752,97.4551299291765,98.76406062708543,94.06144009882532,0
67.46552904304293,127.42100673069889,80.37342921318442,96.48292696309437,98.67874077058993,103.09250269552433,0
81.36906718036111,120.28647324110246,81.60826329795793,98.69529272666439,98.0104636412761,111.24806306697876,0
142.5862491001777,189.5348412114691,122.29481796782972,86.64686784857618,102.33097631078063,243.9378122376509,1
63.67278869726519,123.9966198622271,82.81046131041309,97.59296817305395,98.90390834365033,112.81611111525854,0
74.56911748686346,128.2519041081795,84.5038756589528,95.2435372029093,98.49835651536065,102.5494384142375,0
75.27770548802219,120.7560988468565,82.45501972978877,98.78373139675288,98.21824811067894,92.86468863785701,0
72.56023424565991,125.72587081117703,77.87037700341217,99.21754802195072,99.15372470121231,100.81227924095765,0
46.73865056367054,95.03453441693446,82.6425221244328,81.47668312917597,93.96059315027085,47.692140531613624,1
66.32695872034361,119.15588968068572,83.72928259049289,98.2497254870536,98.7951467334784,107.23879686600544,0
73.14659440811943,116.61468002311194,75.70891984114186,96.48157801399071,98.94096355111927,112.99485998181763,0
156.80742277027258,211.94221067475138,118.16120820011515,79.33054932993983,102.17247167403045,274.61079327825956,1
70.145301214785,122.24904029530171,81.9664756908324,97.65939592225624,99.44694912656813,94.04509593193146,0
58.80716426027951,121.47347409245053,78.63186194803366,99.28149539925342,98.33769949574433,97.45281210014109,0
39.61235073500648,72.97782672273681,131.8172744947039,82.87364345941101,92.63202836051411,43.05405501366054,1
75.2070338908833,113.98270540285083,85.92503491791508,97.40955922979673,98.27716477610497,98.1833043038311,0
74.20419304089707,123.13939817937508,79.98259575713399,97.59233942143406,98.2153909250683,101.28771318353111,0
66.72915719194764,121.91737760793025,73.4366971960036,97.04529016630708,98.35850356273349,85.91918689975496,0
69.54188044422301,120.79779467689441,86.14286041030999,99.44700461758507,98.7223441083008,102.62058182557435,0
73.33891832848619,122.06965886037399,78.00287609506991,97.30292108719931,98.82367857363133,106.711919917272,0
64.31742388502231,119.09676119409151,83.18276603436632,98.17205892236626,97.84485510511105,90.44982296460522,0
152.22644063610468,204.71519170574786,106.53983278690802,91.0,105.33190382627515,258.4474028212186,1
64.38401702071981,125.24821832806843,69.89498839561878,97.02603295575089,99.16885672461923,92.98910498623886,0
67.6455371210792,131.72401771039844,71.08942459007585,96.45554509091644,98.83574784290782,100.12404983146587,0
79.5553994387208,120.75389614374633,92.51618902534744,97.78808940652252,98.48602767254272,105.49217084665148,0
72.58789892082537,112.83722743637091,79.08549216288037,95.3449179821205,98.70375373337711,102.48771160047193,0
74.92383142226997,125.35781509209345,75.54651957368861,98.98317848099902,98.60297272097586,92.74652870793554,0
65.38624710098146,111.7331926143493,76.97985057262615,98.24445444960556,98.37688985499248,110.9223944190075,0
59.53312908086282,116.9461587747398,86.72937501588858,97.2449660040895,98.41799650171154,101.15866779401088,0
66.55461802775041,110.17032303616888,78.3448783289596,97.76915103209629,98.15916321776297,101.16414227890674,0
74.14267542907048,115.96506296565609,80.53246990145045,97.11939354021835,99.32177958879484,115.02827085249581,0
46.39745755642855,81.2770233036668,124.69825713635036,91.0,93.4299742302266,49.38532447160986,1
78.51537339498947,131.69943302806234,82.4600202705148,98.61043999931685,98.67460248675336,98.81084348523409,0
155.90235940271302,185.28567740314134,102.96585639322018,88.63763794017851,103.40818661626241,231.04915377305235,1
71.42822680567829,128.36871971660696,78.59398202298617,97.38040001989631,98.8400465820978,93.02308855953795,0
71.23407191089086,117.03416498162527,87.54620009913751,98.61013354508793,98.56643564048639,106.48940416207971,0
70.10947961283534,127.19235540346884,84.97001394184423,98.49308640204794,99.24724271321907,112.37262585163228,0
45.30716424691626,83.40653648669362,102.31864681073178,90.31708769981401,92.62092035051272,39.992121651972504,1
64.57544017066456,113.30759013821624,77.51897062129247,99.95813161530178,98.79009997160233,87.37149759851567,0
68.15107854573414,118.02511956146262,79.8093271558768,98.65468849300814,98.50936033439416,86.98674715975153,0
68.3348541611696,116.59326573982882,81.73694920854278,98.9710883383822,98.75855268900374,110.0932710503371,0
75.73085977330318,123.02142140746318,87.57659047161901,97.51198719682792,98.20125316209725,92.414767390208,0
75.77007305558568,118.99718759245066,79.24024438264007,96.0206802051473,97.9415034603575,111.11853368796625,0
63.92477445916071,116.18438939003087,78.47666083122172,97.05605935666756,98.80645398643517,102.08226862153563,0
71.1328879757069,120.40914636493955,72.74082627415783,98.44487491667712,98.68006066592297,100.12255430631542,0
71.40494481732371,118.61665672542824,75.87417050127232,98.63202322361703,99.10596635798892,95.4816327179648,0
85.7933887417155,126.48182570500232,86.80503352384886,97.82475663703569,98.82027172905,88.53932057891672,0
76.58316210980054,114.29918025304767,81.95086096440042,98.60725501775492,98.74824558877914,96.15405161584842,0
84.97952833983277,119.00769712180723,86.56736580662619,97.98838988554496,98.09903552620578,96.26996274738926,0
72.51535803775998,132.2723636144591,81.85526869107682,98.3995468410157,98.46021150483304,109.6873457342179,0
66.8570546615023,122.0409457367738,74.6628303351975,97.43036992345363,98.86908819514404,101.21591539574013,0
77.78025677546593,113.03900034740145,85.55455572367217,98.17871512433595,98.86185679712979,110.82956829040675,0
66.24336457965912,121.47256979478621,80.35643630274731,98.45393588840378,98.50871298622619,88.26301189246266,0
77.73085392300743,122.45815827338959,83.38497048687528,98.14476549111764,100.17693240432267,124.75064639169304,0
64.5256957413217,116.3040418476407,73.87232638892549,97.77914571987044,98.17570735041778,102.48473217997092,0
74.02774516939272,118.32508796993704,76.99897887707186,98.56171102791845,99.0101974345065,90.48347176382788,0
137.85488101479228,197.71641817015518,114.27536059689929,87.03329728856563,103.73717500001966,213.58328020165473,1
76.90659779520172,119.39309204696254,80.00111973997895,98.1921922494587,99.38754354048194,105.32237736851518,0
66.62014663610876,129.74344621375943,73.22229069417936,98.0529394682348,97.95642938022175,92.02225121971627,0
73.30459723907833,112.74699499617363,77.38792635811245,96.1051656324178,98.12085850186963,97.93003129515382,0
71.65565578199075,116.64022297695891,83.50110955641145,99.75827215787528,98.59967072445443,92.48337245694974,0
70.65408617473138,122.29019387014453,80.38687141380417,98.19365531663149,98.19639590756606,106.92651316950338,0
62.414404982427406,116.35322014138232,79.53369667229117,96.7012583133895,98.94342058804135,104.93534311311502,0
75.04794796147526,114.16070605887164,84.8110528929055,98.73221807309099,98.46270957251812,80.21935858131161,0
73.84188643611742,127.99545175019891,77.56707165149673,96.81239888262266,98.49843961490365,90.73662532686349,0
153.51432962673826,172.55789301683444,106.08764820131037,77.31821784485236,104.53727538063983,218.39103573284456,1
65.28272322970099,117.78324317846025,81.53394981230726,98.84952198699412,98.50272762076915,99.7770487874627,0
78.34688508492478,123.78012461206198,74.7433549098836,98.01764180873502,98.6856135351244,107.77312887285852,0
77.91825903543563,120.3672017082261,79.0540983242054,96.7959130498288,98.4690525236225,97.78816972153234,0
74.03131725771549,109.58496807556564,82.55367774803636,98.49325417619303,98.37878199691322,106.02052523210125,0
64.9087552474752,122.3453804633852,76.09797697035687,97.50099173557021,99.53445843983984,95.59190468651423,0
65.9663917458632,122.18975565736793,88.41444194473915,99.60569010782085,98.42491125921363,105.81670116279007,0
76.43791891034803,109.98051607061902,81.37234167818282,97.8413589739569,98.7021417368448,83.91598813069419,0
76.74997616377762,121.66988467641617,82.20880324824739,96.6368969194184,97.98190835400052,86.29862257240107,0
60.74896518212553,106.40698938434416,79.51327015553633,97.15640338746829,98.44457230129909,109.53750259395139,0
71.91697352343458,116.66186477549316,77.14132088625333,97.31311976521187,98.22135603591538,106.22483334561562,0
72.00723285217335,114.33192614962901,82.25027335592573,97.00913924598329,98.51298824646658,104.19767630230274,0
67.09746821359086,121.31460236629765,77.05210502031936,97.39333605924944,98.19861116454277,91.63331221576954,0
73.73216177567915,115.11216705874025,77.14035726900784,98.05047105368347,99.17190994380594,109.62217701399483,0
141.86351384651124,203.4917640820502,119.58689207350155,85.57245336182436,102.56174049630175,223.37337440557965,1
76.95249809392818,125.78980799996037,84.89629872143482,97.76401990113305,98.37049777983825,90.72857014464456,0
65.97515539948759,120.74940217094608,82.52182532859204,97.79149356904625,98.28044044076275,98.57511148273441,0
70.5088282915533,113.86929622747594,73.9783508641052,98.20106699003139,99.18436137045781,106.83062711399045,0
178.43565586785718,168.50916158406014,122.00091869054276,83.97103555382387,104.3206642269567,249.7391839925583,1
72.94016236947915,109.47867198449764,75.48841422702729,98.08669457148554,98.0386003932006,93.8835711179509,0
69.42356675324848,118.33236427461068,79.60705803542821,97.9673440962597,98.38247936181544,93.53313146936608,0
76.9195515158114,126.24288405716369,87.58144225278006,97.67192962963533,98.44631198186161,101.86836237531477,0
80.79924515567161,131.65249275376394,76.01854905503954,98.69857548086202,98.5897064820643,120.18565712382927,0
44.585142815954356,72.27385080460753,96.80615741508853,81.32003634316231,92.9203086990211,45.58244903090085,1
69.87575573435386,124.30461247321965,72.87514414092294,98.66510605152148,98.27054274805774,113.04602703347325,0
64.46918776815963,111.75808446325497,73.16894204548888,97.86048597166693,99.0503328716047,99.52005468400665,0
71.99574843254013,110.86628176696935,87.6509281189828,98.11046875588613,97.81298516585234,102.97291627705405,0
69.99708306146394,111.5288764791338,75.04332803882875,98.41364789828238,98.90220196258623,79.3056074078575,0
69.7630010874494,122.2415160456418,80.4767513716639,97.04107173228539,98.87668204544319,96.41649067644448,0
70.51488818669097,104.25397282059465,75.49539440722924,98.25043028300105,99.08158358600409,104.50149760059732,0
72.17853683697447,122.18043601158453,83.2219422676909,98.44971260749651,98.88963768100243,99.93335499609739,0
78.07582445786443,126.04746484973712,78.60707638121643,96.97393191725884,98.29083853450311,87.70359910229143,0
68.41815427967356,115.21305769650297,79.43061696132129,97.05639828408067,98.91321636291457,113.16545772622688,0
78.18599713497571,124.92408093197226,81.09535781268835,97.84870096023029,98.47056357148759,94.39375115624799,0
63.79010976700314,115.51891880215771,69.82048714947612,96.03290543709385,98.73475694587817,101.15292269570193,0
63.94723350908931,125.94709171732632,72.33303955540634,98.354772868628,98.18981206224069,92.99979707064423,0
60.124201137745274,117.5628982222788,82.06686014565197,98.86382734415577,98.17303320564451,96.55050684785525,0
71.05107693376608,125.38395045517024,81.765196242075,97.82026748598987,98.45510332089704,117.48041251711048,0
121.2556288417787,191.4659319409468,102.13008866308668,81.23169275690603,103.58734145602504,251.53775870770065,1
62.84684897445157,134.25111474627255,74.15342367456765,98.69693063496275,99.04490731721404,109.75611276461822,0
74.93512278088598,109.91312855832557,77.33228187088459,99.09097902761947,98.2838674473206,86.95214248541473,0
74.02814088661025,112.91148890989837,72.82709569547825,97.36242014212246,97.71712539282626,106.11413468915099,0
73.47902867059203,118.63169149489818,77.05288294256555,98.58137305933893,98.31625643614302,76.60632680186833,0
79.13682293354785,124.05542731829743,75.8915958684749,98.20613537962261,98.28151035089047,105.87525290063995,0
77.26417374345402,100.82601855703768,74.58405776666974,97.58175108472017,98.61118661759144,94.86350984551162,0
84.53065663721955,114.83584306720611,71.72180319914959,98.64162523244121,99.15523529465611,105.12819563658225,0
64.52556732772807,121.84987790151945,79.84369292922877,96.59414031413453,98.79050600690262,100.65863066319757,0
73.22633418961786,105.04940105885636,85.88172028085728,98.54461250418403,98.7344612680456,96.83937028362551,0
74.64784291019548,113.75919557101847,76.03998212952378,98.47373166076866,99.53920740346155,107.58307426274968,0
69.80807069212734,126.04469769765065,81.68037706252673,97.89166611675542,98.5347754881092,104.25983121785036,0
77.6478634846049,121.94286759445473,81.71777288519968,96.55187522472313,98.53670145102335,93.34602235681925,0
68.2381976532734,116.57779716669417,80.31691696318859,97.35186756611222,98.70997231242804,86.72715962121853,0
127.84322869295643,148.9322242309053,97.25198570794703,83.68132139716674,103.85567724512475,258.3776645209852,1
61.09212464767707,122.86779740622585,77.69127479326936,98.3548181181784,98.39580057649455,106.50592619963743,0
83.61092424036137,138.45668399361912,85.54337209977862,98.75806570617397,98.23522402127533,122.02215144682172,0
82.69079345262637,121.05985177250413,79.23051113007182,99.151515145933,98.31898334817934,119.27266727741875,0
60.28747320286499,116.68075277427225,86.47603536334822,97.48620024729196,98.97419775835137,104.52941593137818,0
48.051260099567024,72.85481052845451,87.13311705363466,83.70162587558221,91.07554540313704,39.31332129199005,1
78.35054692109753,129.01653007396663,75.68405143916586,97.62930208478382,97.73879622454234,102.37234875631017,0
74.8844674786079,118.64661335224264,73.40953982102248,96.62720875025359,98.46777872505324,106.52535696352194,0
62.89275751991514,121.73236383348073,76.8488396317678,96.94747694500262,98.45592083660603,96.7453746825758,0
77.31138889793395,128.70399794672048,84.2052063848081,98.56297918190485,99.5801822936526,88.59838860634103,0
69.29886441089153,116.15147448253377,75.09805874258262,98.89982949613295,98.14396695959061,109.11213103795376,0
72.83436239192051,124.0639738092493,82.52694505866069,98.88552737230596,98.81130430426578,93.31632375268755,0
63.910887467365725,127.5893877083048,71.40534793523076,98.31912084186854,98.10509800685014,104.04704112660441,0
74.11233237908579,122.84635423955872,75.72687679122467,97.85284469478314,98.50127066780937,100.95460467558829,0
73.18750000405245,125.78495626934236,86.74773156916872,97.4553766106617,97.53193282665137,101.15154803837777,0
68.84621439608769,117.45681594128018,82.99789313906876,97.36519731653262,98.41612074301042,101.4482385479938,0
79.41469315093292,133.5335182340005,77.11328992145833,99.68506434533319,98.82433731439056,116.44380285701244,0
72.16131503396718,130.7822678587392,90.58401527481927,98.02567231520761,98.95208565584967,102.99411938017487,0
82.00334466930683,121.0860874000575,81.20521638931056,97.98333586670206,98.48407123645264,99.3220246222008,0
79.88948672150428,109.50573158629611,80.66749709530686,97.84863709642426,98.55814135029671,89.31129912261743,0
76.98970071708243,116.79304107110796,80.86911762622424,99.32526360312738,98.0009488535722,122.66489654981692,0
78.94866524100041,116.86020014430497,74.05529440973325,98.14699228428856,98.23361296745394,85.74933224855674,0
77.38239718132279,111.1074656757244,85.36683291222487,98.2565773958493,98.47500204874349,88.94219713940296,0
68.36571046197997,122.75039457383751,68.91195459923992,97.0332654701233,98.2923799569653,74.83004447788483,0
66.38736778773243,116.55906642686749,80.17685708544319,97.6096958508883,99.03087700170711,98.51259285200862,0
78.18170072419105,128.78602051862433,79.53195488316817,97.85003370882914,98.36207187581836,99.29091892919242,0
70.11882188296562,119.68775427471898,73.49774885539043,98.1440522315265,98.5990770618406,109.27813678572036,0
73.46212326895147,118.56060502449726,77.1309004304494,97.43332940703856,98.19310185228525,99.04840648514384,0
80.71570047291708,116.64024750101454,79.49986070529332,98.31982306261406,98.35939539409205,101.1267934624907,0
64.07726032149434,112.39711590573013,83.74883314244593,98.69516601761826,99.22769647251388,110.34826113855856,0
76.26575980922095,115.76390635075802,81.27988573209386,97.02593984308177,97.91000582634749,96.56924069258602,0
75.13350381610667,129.87949803221937,79.27077783513906,96.8821056612798,97.9624349893264,107.65630338171616,0
65.67950662095807,122.09158446225233,81.93083248999194,98.79290537183721,99.0119032657236,107.90529563425356,0
68.1735600944921,122.23975633801614,82.2877096700239,100.0,98.21103850415575,104.74919873793804,0
67.94164618764438,127.61397298310506,87.59668175545322,98.166793664531,99.09055597756877,91.50124074882598,0
153.27471559637854,187.02461432826297,123.47417714059233,81.64272893420899,104.89665316593434,237.49775370231404,1
68.61451440805567,118.86107408901636,85.3427477922765,97.54757573519096,98.30655682156534,82.74081551830352,0
75.4230432501271,120.05292126275893,86.5327703386725,98.7070588584012,98.8029199942519,82.4164597160757,0
64.24036225277302,131.7100774132897,74.59866470109654,97.53750084680003,98.7419426161031,94.58830903214498,0
63.60416295118835,106.37432299548794,76.4118043119473,98.0798568357693,98.64862003311406,113.16255216255152,0
68.71884635255765,114.5468640493601,82.36319881495005,98.49449753178033,98.22204779955038,97.58941066168012,0
72.35778221952104,118.50287382711753,82.44565278324644,95.9297264554866,98.28526894770597,114.25405932372932,0
65.36199015596384,116.04096542488207,83.05535452555286,97.1439151279991,98.39330782499125,82.31918757613386,0
84.7982002479376,124.42717951649611,72.53948991427318,97.41130830053072,98.60592640397219,115.29330653691702,0
68.10376177007144,125.24497789815616,74.23258734555678,97.18429395190066,98.51883640856668,89.54116172482264,0
157.4585652013211,194.55739615326493,128.9276515816493,88.05859199640787,103.12369557648597,285.0428730407026,1
67.16477960102287,122.06303477031611,87.81177254686615,97.98899367837159,98.68523622994758,109.30820125037319,0
73.92471435559611,121.83752023596284,83.50627819721684,98.2555596989868,98.94404815679398,109.79977040359329,0
44.084397560018246,82.51699452961734,102.7164533120304,78.89008232492837,93.18284865497594,39.32682728030782,1
75.25978817421833,132.73228972540227,80.0716821108788,98.94686146164618,98.37972766133728,96.04859891373786,0
76.8024571513661,118.48949011570247,79.19774978367182,99.19260620497731,98.5663481667403,96.65298532023635,0
68.7337036528489,122.49376952094258,72.5286823546688,100.0,98.64977503916278,95.36567086019204,0
41.78183265130993,83.97719794283726,119.3590659779429,83.48348608180295,90.61870760528453,33.84992371266509,1
80.10643735447883,109.89759444349944,77.28044973243371,96.96817344927156,98.85463935100346,95.4881468480187,0
70.52169958491271,121.31221567462238,68.73733242608175,97.81251851250872,99.697118641748,93.34757842250357,0
87.36050722961276,120.43318347020994,83.44247987280784,99.49226450947506,98.70673046843216,94.32411645015252,0
82.76734718110673,131.45717973281447,78.44801931762242,99.89084042003917,97.76252101994795,120.12955849433982,0
142.67479856613144,182.71493680189698,100.67826165194919,82.55415877384516,103.07598706874784,257.94379891018355,1
73.46280428262719,111.372981325852,85.08978526214679,96.78321435891858,98.36334254389459,96.34582278899778,0
62.786567260757366,127.33093485991624,78.25057325438499,97.90220500291579,98.49197804074227,102.44670349070958,0
67.056387078168,93.14341116078441,87.97380994521932,98.62873054825964,98.05694702202044,100.33703812257508,0
71.49937218125784,115.58408114446401,80.06287884800157,99.82862526244182,98.87828788033802,107.50741792663842,0
64.6248984131975,113.00744536628086,71.07528015404071,98.24655209549732,98.05534538072807,107.77039266368305,0
35.80347909363171,71.00514534276209,107.26725190959031,75.73014210643449,92.82779225684472,49.10524220974797,1
73.84605992040669,119.03165302588536,82.82623561987364,96.77343942009803,98.48124560692307,90.61412126916815,0
76.7511558623284,126.57278628093354,80.1995334725988,98.10515998185122,98.60563191938583,82.25889687721246,0
72.90236271885725,131.4505846429507,72.12829141134019,98.4695964832944,99.16461868219697,97.18856273985467,0
73.45802833232639,109.13923805322311,89.27493678740328,98.32667092154217,99.09707859170935,98.65640422756047,0
61.54666984418835,117.26282733194097,78.52938409811915,98.47849973179589,99.20399772977277,93.3094606528397,0
72.08489558979456,122.39557905597042,80.46953240830224,98.44162506781421,98.79942787640168,99.52898292106454,0
66.83751980829629,123.35655283601126,82.09257279578527,97.85246181189984,98.95128222617465,82.20176824676565,0
77.87314830469077,144.7033863129934,80.90234070915604,98.78973212463201,98.49274918774886,96.98490660299872,0
167.95141695509724,179.62098177152288,108.17932096515176,75.12577632151135,103.4362566826658,285.49828658446086,1
67.56377155524578,123.34698402889066,80.0349245812797,99.68831181145288,98.54012985039469,93.28850891924377,0
65.87260309721572,112.61052357140983,74.03312115728342,98.43008915617175,98.06174883266874,85.86030866592887,0
71.04382660712456,110.52993877725173,83.6049457671546,98.99501757961589,98.9629371784244,114.46909944820457,0
159.86606974896137,163.1313339774601,109.8452985972992,85.23228313474434,102.61674246060795,271.4482526118607,1
65.82377095090757,127.81676892547266,80.85593571872832,97.64781955188042,98.42770781401359,111.28969201402086,0
71.6339761688677,125.73136179594171,73.33391473024503,99.27961411917775,99.13764227750178,119.64826941659915,0
75.36470715820941,119.59823244448175,78.03324437588563,97.78916528134542,98.4445018825314,98.73070799928529,0
77.40239153037038,131.47479561719226,75.81830731751856,97.3540918267377,98.66866150798755,93.57192199762092,0
70.71934277441875,120.72042173366266,77.82602653313891,97.33284044993367,98.54731989845602,101.471418192987,0
62.88392354713895,121.13957632669938,78.14614701669746,97.3965621655114,98.65331822020575,115.76357546290923,0
72.27133625399989,116.63597910758268,74.95993388414661,97.75314210748915,99.23503236513695,78.28875622443552,0
69.8915145857176,112.64869423846831,76.55172247549528,98.31015382610151,98.6723751308016,102.8781049692637,0
63.45790417869646,124.84970647210646,87.18044673091008,95.44636898435141,98.81215772236989,102.72816732277842,0
78.00349390825787,109.4543231937262,84.13226555429381,97.88961681935396,98.2613580630447,105.13211050420853,0
74.32422888379794,125.07380561440083,87.67815489405515,97.99427715909508,98.5773353830347,93.63256377061192,0
59.47783788838758,111.34465199385356,81.47008199653315,98.24477484111169,98.65636435135477,102.69799074557987,0
57.07003587952207,127.51050730155143,81.54777823383576,100.0,98.97211668371584,96.10581466717579,0
72.24355014722329,120.95722653179462,85.22528072615603,97.15365300848734,98.60657637144774,103.75613877145658,0
74.56984258324589,123.48451816592444,78.9641915545298,98.4705714594003,98.97928239792934,91.47111874169643,0
73.24681504411988,114.81837423215904,82.80380634002786,98.6771499741333,98.76488827742617,87.99635794357405,0
77.8668932981172,119.4211157848712,83.23802991283536,98.65650608317523,99.20669791901352,119.11663885457773,0
74.90325990712824,119.7757034052366,73.36561220316489,97.77916550796292,98.33856028592733,88.3676017124971,0
71.03920322660015,108.86900718523792,77.02663506418915,97.33485970071558,98.50323154914707,91.29590464946864,0
73.27256011844506,121.18055957327137,77.36318331139945,97.43840132362313,98.59892876497675,105.42178974101644,0
74.40288831903797,117.16643234405795,71.64013764103724,100.0,98.38113015834249,103.70169634820337,0
73.06650063760819,117.33974207597453,78.25014959824355,96.82105859789262,98.38815838047908,105.1207481916116,0
64.56568378484015,132.8279286824921,90.20173299453245,98.24382692661676,98.88277159405446,95.42445818618542,0
69.51830600622215,120.58710751232654,86.9278761697074,99.02887744167894,98.49799130448751,89.06923248321259,0
80.13382715282971,125.3952514673315,74.92209310174728,98.7435106703346,98.36958993180933,102.08627280485648,0
68.6667193230788,130.6396640414001,84.08040522056969,97.80769681571837,98.20900986673891,86.24059676584719,0
77.6712692076689,134.0948800625409,79.7404082061197,98.82934392522628,98.62522601179525,91.63244308897414,0
66.05678204921587,121.4742058750835,76.01280941464951,96.00001343968971,97.9707965829402,106.69587690898179,0
77.70009497201788,121.06768118028332,82.00569130632115,97.87385845012268,98.30889627940341,101.60232827556277,0
80.83602405450588,112.46984346090872,82.17034243591588,98.009511839941,98.05820415305506,113.52042368665138,0
83.1462140612264,124.09514932601459,82.8529235005993,97.3918464483796,99.48385146087634,95.18429317232267,0
79.38524707892842,140.60133834688034,77.54116693671898,98.1869270525545,98.20909245535078,102.93136106223889,0
68.86283983708039,119.85930873761244,78.72406414242859,99.13503685710174,98.16249263990979,105.1511195443178,0
65.59480251447437,122.52309173404942,77.02751138786638,99.6546683158667,97.99111787802966,99.79268471984307,0
71.9783847654566,128.1725687609051,76.85383118306291,98.54525848302612,98.99954486413128,86.37399720250536,0
72.1801888749845,118.32873178555596,79.32901155357274,97.89522798831847,98.27922500997451,107.78739785359551,0
46.82315627596019,76.25839257728153,123.39444370092258,86.13798159720287,93.34807988369849,48.56718387845322,1
69.42453347820803,112.30758621690265,83.02566507879474,98.27451398749328,99.09842356996809,107.03454544419316,0
123.70687681343679,182.84319865366746,81.80144243080423,80.23311830211237,102.71960142159566,299.8008554892985,1
76.13824683147116,109.34365977202779,65.16623465629635,95.432564090261,99.14110967030169,94.3569010585983,0
71.34743910925886,119.13659155167723,82.85612105118119,98.11003482393285,98.12774958188194,106.1543925129122,0
69.64792416048522,124.91773319753699,75.26234629513944,96.88887623358423,99.03047149344196,90.30880655701694,0
73.39229962414582,127.28043273931803,79.37126851252114,96.06854771090377,98.3269028620783,104.23553396035472,0
78.1910672368118,115.03398189870067,84.1149429600166,96.96220452698182,98.8121693855901,85.76282181296065,0
67.93802916924881,116.11299728179274,80.51914617516348,96.38031013448338,98.82012146960363,112.22544152932988,0
72.07697186126211,126.79988650370652,79.12644481035012,99.22832771054446,98.56860415024946,96.86659090652866,0
162.45780853513935,160.76874583597007,113.49946700795822,81.25892465652271,103.49702968767784,279.76483331421207,1
74.8510064789723,124.20513110601914,83.26684191897942,98.39411193037085,98.16052167397258,99.52709354291466,0
70.23454496618126,121.43358514097342,77.57522227561192,98.49158650759047,98.47348938272363,98.59626664388576,0
70.6284005079599,127.33879921469479,84.53392133337715,96.4098086767457,99.12333534682172,94.68684180674087,0
68.32537575215737,120.9463323869117,75.60939148197274,98.01718385038552,98.40220295924713,106.0593209432459,0
64.33950854507815,121.04539337741916,72.50682251425394,98.06217922981229,98.76201184177768,91.24218724947245,0
34.84529505689145,58.70737360931726,79.47014455485592,82.22384486572362,91.38995740062407,44.94858550256841,1
65.94867189554276,130.05500663691205,78.21786439737461,97.03534241110495,99.23275043739959,88.57717491273557,0
69.64735108120705,118.66389446312775,89.76529847769947,98.46426374323579,98.01068793084252,72.1271107464422,0
72.62062877584864,119.60247982879606,76.90505598576159,98.39290735901439,97.79598895090204,96.95508545924675,0
59.2166011211568,114.5805732715297,73.44677107847814,98.23855807063954,98.6099110985987,114.36568351726838,0
68.71027622105639,119.63920453974644,78.73456579492945,98.50793266996202,99.40318243834493,97.60372119217486,0
73.46118122511807,117.82722237370821,77.12345695799104,98.28483969535544,98.75798851267618,92.80586250498811,0
73.36010549096758,123.42424845446456,85.81641066397104,96.83875554751964,98.10169353435454,89.93266937481611,0
76.676094023432,121.33786963685475,78.80272453117207,97.67793860352167,98.17271846741826,100.97284665126259,0
73.32324856208321,127.15137335079963,76.69926066331762,96.48204886815675,98.60704852439073,106.43639707533113,0
67.61426234570716,121.5204555626988,77.7191582625997,98.30096837664242,98.22488533346353,109.92354731246789,0
62.02504807178595,125.66378953511965,78.36463284568107,98.9007911740283,98.73525613014317,86.86280655206839,0
70.49972091240629,126.97181575192512,76.61964642353195,97.41627935431057,99.35706148333485,101.42451759052061,0
67.29142855123378,115.59673497157472,79.45575687465418,96.27727751843464,98.87118531583972,118.55978921806415,0
62.61455032973369,114.0438113767277,82.13688022735398,97.73718315747388,99.09718008121682,109.73956693545921,0
75.00399432828726,130.12594303875957,87.7858044484933,97.44034581917484,98.95116391910119,102.25562017102418,0
70.55258365286203,113.19064838268,80.17102342269038,99.16290257254414,98.54783406927315,81.27754937754742,0
73.3515847034853,119.97149014014995,75.5733678389097,98.45583767838814,98.71245730107663,110.93222897070874,0
78.6331555977479,116.96288575914568,81.26001880600964,97.86120359905446,98.62564102598009,97.26158369687371,0
73.26770215367684,119.26949085393339,76.19857780689203,98.96742941915406,99.0647634478512,108.83493427105195,0
66.26138173909195,113.95214105646745,81.90033720286917,98.34285346578164,98.39693286031611,104.95586142509707,0
72.40511088846065,122.78703085585776,76.7606385517674,99.43298827670958,98.28072564244121,94.63795719459836,0
72.79781804488125,125.27393624451702,83.49606219335993,98.44570914013536,99.42408562904987,101.79127813778956,0
79.36601395483976,110.32885797075494,75.05563826182208,97.79891206439963,98.75345775398785,100.41801450085512,0
73.86750092726122,127.26011229060771,87.94720641780849,96.92318302637294,98.14679737368743,107.56311290689408,0
88.55796023346647,117.24471892576894,80.9073053174032,99.37079183380578,98.60849322631033,85.94271855581955,0
72.7337850181937,117.12637062089189,85.9918428468673,98.06429487858759,98.53602314068046,86.74115923046311,0
80.42021982075114,119.59821775349245,88.40382856694094,97.56824882496888,98.49452037365076,105.22479823094127,0
47.20426770031579,79.9470153640536,113.80300384386078,83.83352995934248,94.31206234378281,38.84123277141064,1
75.56134033368517,119.06897785248955,84.47229421552565,96.7417036147491,98.64883683858042,94.78456821872432,0
65.02929693652581,122.32903530709632,88.17503582865709,96.86827581140034,98.13796975161594,99.86653535230019,0
68.89384456278471,124.85594278775329,79.39749470888337,98.50200188906656,99.06174251446096,96.44591094419528,0
81.96882099436812,114.63574232653002,82.69251578319522,98.01879619198549,98.69650695010621,92.02113178504109,0
73.58865186586787,112.83370836604504,80.05825853842623,98.94568903749716,98.14427533117298,88.44354890706953,0
66.70875209263369,115.74523275169062,88.88647384015226,98.23166993901873,98.86255412033653,109.67778861664962,0
54.96552804308744,128.02541011113127,87.67560869906326,96.76754560916977,97.98161808883077,106.93386703799018,0
82.40961945502085,127.58508172176997,71.57997991101918,98.43594632389933,98.59901286027512,114.69344293316209,0
73.40271547074448,113.54984283599755,78.29829758558549,99.04002671986268,98.91381090419026,114.50976322949984,0
84.14585773972112,126.23040412732821,82.62584656631084,98.46448760557723,98.38063852749457,99.39667277579933,0
74.99918474244222,121.56748811762624,79.32504886011469,97.92117412052654,99.03020000845225,93.90700605493622,0
70.51693570487642,114.72296520416327,85.38646836507846,98.01920342096555,99.04017137690273,111.14218070279314,0
62.411253888697516,119.38019049791892,73.0967391494493,96.75632688581116,98.15419709276236,89.29697584285356,0
67.12191376643922,110.73445300410475,75.31023295577553,98.04710469775931,99.06183609904367,110.02192653803255,0
78.04280001883896,134.54140407698966,76.83180067044711,97.27034211770588,98.09982858198376,89.60251891068617,0
68.3429267870443,124.52123294193125,72.19914587435028,97.34182472586289,99.34868584972632,109.70248514668155,0
61.508808160570915,124.19372332304516,85.03558911706186,98.11656565681534,97.68253519105173,101.33020738090596,0
68.84379094399452,126.72213617660668,84.56855826171295,97.72921350302094,98.7828850544848,99.48102613178982,0
67.85675368610245,111.92840967782152,84.9297419165736,99.04687903232329,98.80718935051605,101.62961670856347,0
72.61113777157192,125.68193900129286,81.14786320537127,96.74070444811996,98.51852854617105,114.49309122868675,0
65.28198063224313,109.94622294550318,82.00368626845807,97.8702091707953,99.32823210730598,93.49684605126924,0
44.620535015916694,62.91243386127943,84.69129076374944,89.14562722478185,91.58518054252401,44.20329423033656,1
76.73434012425311,104.07765278155661,72.9276849431684,99.11854140933595,97.5815979741514,94.51044958718892,0
70.2059558972048,127.74083146406299,81.9881875088814,98.02059017723468,98.82185288025627,99.03944913829925,0
70.27531488359787,100.58329542046258,83.54557194816643,99.06816103487598,99.5828017773002,89.05752173638407,0
72.06211571906029,118.35553009935317,80.8274578206657,97.06705152982698,98.94407364808723,105.2023489582546,0
65.4472727979086,115.3868332133823,80.39601464344821,97.1392620115269,98.83406749768366,105.63297795864648,0
63.72408463191284,117.3864210249784,84.93930791203255,98.49551652414489,98.9470317910025,103.02990856665728,0
68.85202555759918,107.7114608790676,81.40974436904526,97.45559898042109,98.68077596133419,107.65027195154518,0
138.77788559243692,197.49757055631363,97.60297939453412,85.70566110630554,102.75054202713817,253.51449607418817,1
70.446873597781,107.95245735327671,83.31153071184151,98.19302213271794,98.52137238631332,103.98937194167449,0
67.18305333629495,119.82999453030982,87.03403764366483,98.28367844969885,99.13547118969322,100.01833000594482,0
65.91662428624477,121.90565707729172,80.34103391301419,97.04155061874519,98.40451921190714,92.44659180272774,0
39.59870856237917,79.17433499927327,134.80483624863336,89.8054634999587,93.06364199271317,38.330261771770154,1
78.42925891340931,129.00467495896874,80.09645440186972,98.1803212491773,98.99642376968902,90.50913971714878,0
80.98459009907776,118.0889527638419,71.21106288028963,98.12539097180674,98.45827106390036,88.13254385571635,0
67.3959146226717,110.38315622570939,75.77223911822693,97.13116851211029,98.79306601041651,107.5913919892011,0
64.83644996160567,111.43745838956649,79.03596956346294,96.77577499164443,98.4006942294235,108.07429850295598,0
76.52839978840686,120.15645388476456,88.5485401433776,100.0,98.90982532175298,92.75511138616791,0
67.34100515704199,118.43709888096683,73.67555577948646,99.35489293152185,99.2179189385537,95.06728278869917,0
70.44119915539493,126.72652525025784,73.44131653877437,98.72936979512976,98.74872672439788,109.39469487283898,0
69.10353886690781,111.86553925820601,84.65266659662296,98.30867529405562,98.00396692976935,99.02649005709404,0
73.2065942802898,123.8915901615209,85.66463193650517,97.93971925097202,98.12197177459397,108.4318421924501,0
71.09854206721045,125.47048067622443,84.08767254922648,97.79889220471057,98.85781307492522,99.27896840229651,0
70.03789609434138,112.64693659870822,77.97494464274651,99.72226739098703,98.66455481985379,98.08831471432764,0
56.513251312468604,69.27242608492499,106.86635197495247,84.1889029989875,91.89542337123234,32.45505128095366,1
78.81372088309766,113.92417204230168,76.70252281580787,98.51772076402708,98.61829565160106,105.30595664889324,0
74.1086892452495,107.11813530643101,78.26947864109992,97.69613657051887,98.32719127405437,105.26148825123346,0
41.33302405581367,75.22483123121683,112.19886914958799,79.56930033492951,93.58435255827536,53.990085042553716,1
76.29523646814576,127.3554200333048,77.91122437539592,96.2191183599197,98.1279904343606,99.84041370135502,0
69.84138812526548,122.24698294580216,77.313187053433,96.54272634180055,98.65375497675178,109.43097036921594,0
74.6216290184781,120.00776961281105,80.34542596362135,96.27695397070877,98.20424869170411,95.55300520255054,0
72.5819757899563,131.64612982500432,85.14802180709846,95.32001551403553,98.79699339389785,112.98163151443904,0
78.89067425518053,129.5907129752726,88.52681178256542,97.64604861232623,99.32838689010649,114.1206943080928,0
59.204426243070984,114.04317443522905,94.2129686400523,98.52316003340216,98.3876161411383,98.93317615506977,0
77.10538777300783,125.83210436640604,77.233794990801,99.95532621614979,98.68103940979043,103.00286891587506,0
70.51784579552402,116.19475172734863,84.20816127882537,98.99441028121763,98.86115214858891,96.65453971076377,0
66.46553889300898,112.42659941900807,83.04868861668352,99.32297330834554,98.12907158349209,94.842159324801,0
66.43841717053151,116.66943189196569,81.90622327581049,99.08354852332786,98.88592667539203,119.28633800893965,0
60.3026296934738,114.85679750569103,73.88818596497873,97.49230802161661,98.35581669370889,95.68683149418509,0
61.38554457066529,119.70969755400597,80.64424810677957,97.35519106360651,98.20392998457181,94.42929806377681,0
69.63996712603584,123.7324512252952,81.00369270379194,98.36202455098847,99.0004259370283,107.15223268081752,0
66.02910910887972,106.07037611125213,74.07073835380565,96.46037430579403,98.64404303430253,103.59900557678252,0
82.80306708906512,122.61473578388238,93.5740846974316,96.86468371876123,98.93393429503386,103.02570334935784,0
68.27491441049331,121.01028530208225,79.624864998016,97.12748872339436,99.07807416096124,76.80601860103562,0
71.40847120629444,129.46960374427707,81.8258450052416,96.06991313067657,98.36774588809891,109.94693151321471,0
63.86050917225957,110.75654589616478,86.74346599322756,98.13367883823763,98.19771480783099,100.43587663941783,0
77.03798318658713,119.86477187009714,80.19457914008665,98.38984764937742,98.81070568680187,77.39399703072421,0
66.8588888092332,123.41052736241299,90.27047791461821,97.56958529131272,98.2896542777759,113.70850755499421,0
69.1684088052634,119.56146244514726,84.34399169152775,96.17183507207287,98.52061742418238,92.06383500346622,0
76.45958456413629,121.47212128155397,85.23477267214105,99.18705115066638,98.53943357280542,100.64823898755441,0
62.43146425102,117.17133281717321,87.35700174083262,97.66894783124964,98.57037738534237,95.47865410905014,0
80.25424087986971,113.05195395289824,69.99146999137233,98.11274893807675,99.26370826568767,107.77640437975943,0
77.3721325845756,127.41695900836378,73.98664246114004,97.18602820410949,99.31356567927325,119.5666845721534,0
73.73501186344691,110.55158851433139,82.254061681659,99.0286987158899,98.24638545031804,91.20725537919321,0
60.72045368916573,125.187516464776,87.37248683785258,96.58017468654243,98.60373887054628,91.40896019809692,0
81.4687083453731,109.60369686110047,85.86483849582133,98.1087849058608,97.65953671475512,112.43229142962394,0
64.98793177428281,128.2897965163732,75.01367521015793,96.55535874693159,98.62907578521417,99.76196291904267,0
70.36365858151397,119.90686755234955,78.80697234142686,97.05524714799111,98.5096067186591,107.391186527732,0
81.13817913844815,129.18185414490864,78.58620336185317,97.53187546620381,98.58661007586923,109.76982807661956,0
62.7431806905426,117.37423703539505,78.8753988453224,98.11562079042143,99.1619163367839,107.5436872593221,0
76.54504626028383,131.25304814479657,78.08708078638783,98.86008506774282,98.08697732279788,120.91665435270079,0
70.59517825830491,118.22426745720334,71.47612127885978,97.9646831404051,97.40958701039618,74.81169045081816,0
73.16453995738985,109.47990573922327,74.38542661276215,98.5285392018314,98.73719318694653,93.58298969577483,0
58.51866399609237,122.08513333716692,77.2416243097666,97.67841231557429,98.42368332159523,103.65830557065877,0
61.5617173273314,109.65017144100841,79.21795360603599,97.77330673010128,98.8485024376814,111.83375805833059,0
79.42462880810484,121.1066572900375,72.2448690900834,97.22045552464063,98.08302833495995,100.39319356777833,0
75.02992367388275,124.79912822408892,75.13918891028338,99.29381769081472,98.53361263688203,92.90965888471298,0
57.003565710758565,120.20601414174287,80.43678712630131,98.62893910969647,98.29373868590184,101.81600139129282,0
68.17615351782723,126.63700065330434,83.52394721219494,96.31342975691857,98.93325213135934,104.64619960345135,0
71.26765720727234,122.71730056958313,73.37583472148683,97.99466942667388,98.34069057833094,97.705006162184,0
65.976255767511,116.30827656852266,92.61686665699779,97.46365397304348,98.78693245185825,106.3121737765132,0
74.54636362716607,122.37283125567782,72.76309333268455,98.08015976048755,98.46767059091032,87.44582435616711,0
71.53667372866173,116.04318882552718,79.85755437744804,99.00899147693164,98.23063375000385,95.09451154594828,0
73.5323025340459,110.62357443429939,80.42671977760254,95.57862024812272,98.89544322643737,98.03798339920918,0
66.28002835044772,131.07481725912498,76.6957940162371,98.46645597296941,98.33832626969587,96.36499755634495,0
50.97489318072304,65.67711920125262,94.07807433359577,85.21660345709614,93.8211222596085,33.19317021810871,1
71.96642388702573,105.77352364991131,75.90142488566305,98.82354611984198,98.30552116624692,101.1566101761042,0
81.38048015299265,113.19391228685616,79.73393781863508,98.13642691806729,98.80841147573256,94.17033780738107,0
78.48033635483586,115.20508974599376,86.83373368347199,97.34501551139128,98.85815386870274,88.05268266242308,0
80.34124529410389,128.80333339451553,79.52437561223265,97.67983049177927,98.340657451871,107.62510612692665,0
69.67380050154863,110.9481442471652,71.02435401690066,97.02235316284519,98.69511894525562,99.72114517858392,0
66.86101057554481,112.59514366972836,73.74038869763274,98.71793138582267,98.43551727577167,91.1705347100143,0
125.57465911062137,186.3747511640171,123.55560243962103,86.1282025644341,103.6762638151705,260.1688161573323,1
62.865844882692656,123.4921823633775,74.07524029386963,96.43514557504454,99.02354873863023,97.34553621774496,0
69.66888928146669,128.0920466861579,82.55126111202509,96.77308432370477,98.62647153274604,103.06033282363511,0
74.60862038734135,113.77798211375028,80.79696598888111,99.36354594663962,98.30578773363696,110.4171019854263,0
76.45276494643136,127.8734370399007,73.67181777455095,97.88179155442906,98.28938268418793,107.51920999627916,0
77.12385585931334,128.47472186779538,88.29434847227665,96.55688471082219,98.36654976581814,100.28680695698867,0
43.02432154042844,75.75640764178061,103.0735857692335,81.98879775635453,93.60503514081176,38.78571574066791,1
67.2840838041901,110.3954456891127,73.37421422401118,96.79846460526072,98.85556920894982,114.79127888455443,0
68.22069268581714,132.2660433638542,80.14282881388793,96.98900303992399,98.3188891336032,92.00498341544306,0
73.10730781918222,113.90164878994659,79.55714466365605,97.2324929633262,98.30979267822323,81.91319431391426,0
74.96438351385312,113.93180790581573,72.47467071548148,96.27895287437033,98.74321953554262,100.15695613275824,0
79.68986277002261,134.44954094396687,76.5961221683741,98.9118135935708,98.51154870883434,103.37401070324661,0
77.12049335268185,108.6363222904113,88.82412941895868,98.64529695843105,98.69769642114423,94.48526088720514,0
69.4954177080634,131.29084719415138,84.73275680711737,99.0264193771346,98.75954724965246,96.75890917000898,0
72.27343103942289,124.11499121696414,78.5907757530145,99.08686348972184,98.64001945111109,92.77840838478305,0
71.567939270518,115.50833225908733,78.76540836255273,98.71849029731713,98.63124627699338,102.12362053808077,0
67.20484796009848,133.07223402912945,80.21950266561694,99.84766000294245,98.83183368870549,109.87325735453075,0
77.25873387301762,119.60057095998191,85.28529505678289,99.34274760331677,98.07210853754039,106.37886057426405,0
66.1597269718378,124.50568127115744,75.18665732795488,98.03709234193646,97.87060290598016,101.69400080593549,0
85.14273375485988,97.80701984885361,81.80957135365263,97.41315732047582,98.14684687465828,79.46845490152495,0
77.51445889792662,109.00193354217481,72.56312776798012,97.90385571207551,98.3142453761184,105.52377193009345,0
78.74467631991608,115.74054267388159,81.31008287179237,99.71230772836692,98.56209173119794,90.63765794242552,0
74.0643235293808,125.10465864517528,84.10454260584554,100.0,98.57531151572742,90.91529965698611,0
73.7148197207684,131.2397457065772,81.83659693924598,97.97423064412274,98.71267836553093,97.6923429488339,0
70.1035628638377,125.43855692052061,83.87837649807845,96.77560022677898,98.61184845678277,104.74691224485005,0
71.66046906660063,116.50089298712403,81.22909610908195,96.0836992340023,98.44831618802937,107.62863561186452,0
72.16388027910864,118.96965074462392,85.62047947350813,98.14468613052503,98.60937285085896,118.30016286115149,0
81.77081132863393,113.41017781698582,76.20918090250036,98.35356614674046,98.32710440209026,93.58155738126557,0
68.51990200407789,123.19449181192887,82.30614130749399,97.55830989557153,98.66027434315353,112.20299783005086,0
61.28480104839534,120.99664538757327,84.19007027268155,96.77122064909499,98.69618509792068,96.16631175771936,0
69.32139831269683,111.32306399743833,76.2344133468971,97.75022738795961,98.65622256128269,86.0701838232481,0
70.87713440997271,123.76188401974267,86.35044012627449,97.70740525009239,98.31726266147416,91.8386350994891,0
76.14086395026668,115.41018596376989,82.35006830623331,96.95722494324357,98.97650255866756,111.52233385564615,0
70.72999810841294,108.41342701467397,86.76725780738059,96.15843438351544,98.81553548141483,99.99938754372447,0
75.28271469105125,128.38017619073497,84.56803608784017,97.5050898045097,98.06513911566351,91.2730806408599,0
73.24562010840376,122.24131498445311,80.08984957508235,97.35684600279889,98.31735129761748,100.17825378933284,0
61.17070739601289,115.21456002399529,78.50225294400404,97.79703165685211,98.03853307757979,105.97200370631427,0
77.58768071469719,135.084500741682,77.62303878892729,98.25668523089148,98.80075775594425,98.9716849368071,0
64.26023460155368,121.25940058682492,75.00589565332976,97.71792294312365,98.62344157581028,96.02087426381965,0
76.48376163073956,112.80817513931792,80.87787042462911,99.00482169175791,98.14525152734623,113.65832288789875,0
71.79832461177772,132.09574684767236,80.38942863490337,97.22732660933954,98.84486477055813,97.6846057688252,0
85.91597723989017,108.67539570329264,75.03039535412303,96.30290385671054,97.92636250826104,91.45533493732968,0
67.08445284167101,132.71728940702573,83.10250449549581,98.32345236426039,99.21195339536206,96.84027614635687,0
67.13399481822694,115.06422635883828,90.78607943723868,98.61762066508464,98.03979104358771,104.87607367561122,0
73.86991713602868,126.1938980796081,79.12320912802579,99.34648059555603,98.57963290786431,114.45067328873769,0
73.75315636995823,133.43024433713344,88.38211708922037,97.69316825561141,98.53526829479425,110.56024745140269,0
66.08676239567443,123.47644230485926,79.74209371392212,98.69135638108052,97.81566194341272,91.80018944635445,0
76.70034305569557,109.66616219198754,68.08618823963468,98.11352149647794,98.51454787660585,93.73016226228363,0
74.42576852977018,132.92477144419473,82.18753101736519,99.41484013645926,98.76059926021848,112.06114589194533,0
74.5103893253321,114.95851585295247,77.62257629405279,98.0308486670535,97.77994438297786,105.13637389000205,0
61.01620261886126,125.14133721500852,81.58043911054467,97.71050991956638,98.29226753825984,100.54303903326333,0
70.83055031788392,121.52872291280922,79.46008156993695,97.91173976986497,98.19420900359347,97.9020183964547,0
72.28496080950985,111.52480161359586,80.84798838197467,98.51413269999311,99.4006302980519,79.69217001875109,0
67.46525099904983,128.24893522294605,82.087235172054,98.14240486662813,98.60012198570492,80.74848187373729,0
68.09985639355861,127.515353607353,86.47963930786875,97.6302833152407,98.79332827145035,85.56073470124963,0
75.42359201155895,119.51256582689925,80.11990009507797,97.74268349941073,97.98541611858154,95.8498619820343,0
68.66328751943531,137.53814233749824,81.31944247175011,97.81768529928301,97.97665742211178,106.68393370590786,0
74.94724599247198,121.15668035045448,70.10202862073736,98.88101334716521,99.17717602713516,113.70401801138914,0
75.15922010203384,116.51877997549632,77.39022217262051,99.39646570045574,99.1497246482617,91.59795421161154,0
78.80262058120239,129.0220439764441,79.43509438446695,97.79624048650558,99.07225729266418,106.98123605406356,0
59.55965860555111,138.11536281471479,73.86085716971505,97.63494496719503,98.74752976489945,86.69431150479852,0
69.50024816630723,124.75505673987645,84.6382276590165,97.28380548638667,98.64448836619337,110.95604337228748,0
70.47013669547486,127.64474748787698,81.60792270186379,99.77503702112746,98.22584109600707,103.6272956656597,0
59.61958108512327,123.33501116701987,74.97222014408126,96.99886244211486,98.60504513374089,120.22174858828605,0
74.54436626678454,110.15115776527207,79.7858781046224,98.293747351674,97.82332238100281,100.69533329896225,0
66.73006153692157,126.0212784687661,78.54984799266904,98.12037312895556,98.83551555088926,105.26503118108106,0
72.68110407150749,126.95647550171307,82.9191854076953,97.28145729322095,98.65662370675831,77.55110706041573,0
69.38708177658094,119.25736555261005,78.57156725953868,98.19144204734461,98.07316072129801,124.51625371836303,0
54.05318417459566,113.13448394110509,84.07342218647034,99.76150189349201,98.6327586700803,85.1006385014743,0
67.09838597407658,131.1962965807965,77.08417141372021,96.55460016321925,98.33163424892608,81.49622315118158,0
45.003637226440745,69.58567166535302,118.67981094666824,87.65301389556213,92.42398831376161,46.957376274775505,1
68.54617304257336,119.6761714791356,74.6466679690491,99.32121112607757,98.26871771773628,87.18330083347013,0
62.574743087589006,128.88008264953228,82.61010317555383,96.86121706302379,98.27274631134492,87.13390874600262,0
62.30467927553716,128.0035307114408,74.16588615232966,97.41550078437805,98.08285050711818,104.81454105813141,0
73.09500618359527,113.91862718798963,91.72026889416313,99.48615923701853,99.10832489186276,107.10342481352485,0
77.34782212121853,130.3468485826964,76.09597524210503,99.04770156887761,98.79989050919386,84.21971417278878,0
69.61392183831238,116.15052617274958,78.29347742669971,98.62099756587274,98.5796481393424,93.21855453608104,0
69.45840850963094,119.1840005748267,82.15423002584873,97.09349221906723,98.90316921360449,107.60829211522517,0
72.34813640885037,126.93833779048667,80.0939525565397,98.01116800950632,98.87650499640351,97.52881757412135,0
69.40335669846966,119.54963646834584,80.21512242507563,98.36417006314241,99.13599995419048,96.62195881037745,0
68.05050952599692,114.02620368172622,82.71669798499524,98.82156412462462,98.55454922619231,114.9831154374968,0
65.60259040860466,118.23162591838154,79.56425803832288,97.8884811034942,98.33601839474136,93.92157793573516,0
81.37733261104918,123.22890459022481,79.3784953056075,99.10920798258672,98.39827518659827,102.11017030222281,0
72.3135509429849,115.67144485969109,78.4468538008156,98.25636098373846,98.25971040378136,93.50199674735372,0
70.06763090276594,120.23805667359703,78.93877845080034,97.21543300739748,99.01270476179984,77.74622043094286,0
70.85976578999103,128.4135216867768,82.39423786608867,95.9970515861348,98.54273346654578,101.0512109653044,0
76.29228789264747,112.6861458026785,76.01609383665412,97.84965163371373,98.6564664997552,93.1860008730039,0
68.99158711868618,112.86791030053286,70.87192410717677,97.92093498051263,98.75448462186499,89.4441000738763,0
72.19444208004082,122.07600873686016,75.69746336747345,98.4609586418573,98.50389726406623,96.92857490762057,0
70.27923458557038,120.9480018430397,81.01638110528731,97.36667007846977,97.67846201220479,103.2826704545715,0
68.07660967004654,113.08398027397942,81.95096305302701,100.0,98.38488937767818,93.92153869212147,0
79.3125711101839,114.42755103595556,77.36758822602539,96.85344983629254,98.6082770331417,103.78851229234975,0
59.97682581355948,136.5578544039998,79.36420701562558,96.3399318505943,98.84127842922346,85.14260534277493,0
83.95509211900871,114.54437272317918,89.75964544758712,98.8500042679696,99.33675120083649,96.89222821212323,0
63.12653058735523,116.88044787879004,79.48675713274685,96.94184900752931,99.11691749875388,88.33307804060733,0
75.59957237997723,122.8229219412602,80.15403567498976,96.43812142827556,98.78830129661911,98.84929195116887,0
70.94487357340758,126.25962942150655,73.29370136381631,98.25947882308648,98.57565264903191,107.00829099825002,0
71.88443772159363,122.33358895882614,80.71344206100815,99.38213799484667,98.9279996543669,109.60561353483229,0
81.84368738092972,115.67277470529882,74.39015940025293,97.22776497865846,98.60800052886036,118.90382902867472,0
60.037586144571264,124.28632549801759,84.57826902129172,97.0401496977837,98.79132015690188,93.14052746095253,0
72.47758717425621,115.92557066134891,82.66990398709332,97.70479874689731,99.29355325535144,94.00778205469152,0
61.90404783526388,120.55940684618027,83.79506485291094,97.19695759893575,99.3020334423046,92.11762534829417,0
82.9953422608752,136.02153462616204,80.09499541129935,99.73011676920883,99.36658172840653,89.52467218963,0
77.81674320316043,104.23044623688062,79.06713373472317,95.57024470231745,98.54283412320272,113.2537225879019,0
73.02278262597943,117.46860323439218,76.18446823277262,97.31541438085867,98.73542967603265,91.96267377076718,0
77.7025430291163,121.34817843111914,69.7041975815384,96.04491388608184,99.10361800162556,106.74367785648387,0
75.80351413390807,120.65085472570587,72.90061417864536,97.08882993997516,98.39552088057545,84.6699842139657,0
69.43130903420453,129.4160333431669,81.95775587630047,98.09148000597757,98.41720238457741,95.0960074743758,0
77.71875027225651,131.1592456934281,77.66886304141444,98.7239970324019,98.35240897263715,113.48870470548738,0
79.17288390495287,118.40069219333321,78.13718859714542,95.81789870579904,99.3897492620357,104.77211245655397,0
72.29584998912134,126.49610961406181,80.92698328233881,98.7259236116484,98.19713010571694,85.41807515683013,0
76.24651161273286,111.3042742651554,75.43705900911186,97.77943746559102,98.47092941400001,97.93600942559458,0
65.90943484903279,122.89531380300177,83.2457386053521,99.21866521078893,98.5134798686146,109.4515473566683,0
69.77135480402525,124.89243779556553,86.95416774088322,97.83548546820383,98.4306490039057,106.48847540624651,0
74.42989026576574,123.35552667400596,83.70062832052622,97.03955304601612,98.5927332474378,89.92969135147474,0
74.79857989460116,122.3623745230848,89.9706187036722,96.30368376488377,98.17420143153082,105.19530432515955,0
68.80698862123687,126.84493295258032,81.21145592901159,96.87249575291351,99.32214178365037,95.06689617044091,0
75.6072404935747,121.87635299312828,78.31727539395445,97.44459960055767,98.27357432460329,104.86031602287086,0
68.09998451505925,120.96363358607633,84.61240585116555,98.0295622868721,98.74555654486002,89.42983495944642,0
72.68536589197224,109.42971151610324,86.5800370985925,98.94925730185291,98.56532233856585,111.75440644955864,0
125.52250224320018,174.61039662348676,113.00226703976402,83.19773068443119,103.70001123994447,256.64359702792456,1
70.0326317009225,127.74362091201978,86.186848967818,99.09941560179294,98.81294880451868,104.86533302779364,0
82.88044619109255,128.10071183411716,86.900616447927,99.19123519518074,98.63959459481609,99.78719619842721,0
83.77552314318477,123.32243439896754,77.51561936329236,97.10055202374032,98.9938706779298,90.93503880923534,0
78.44599802862146,110.04435848945188,76.66868306819605,98.8755050498444,98.32499046723801,103.52936541844682,0
71.16926409609735,120.3452971605639,87.02158140997476,97.2731106167953,99.04605210073312,108.56413506005791,0
77.04372015902732,126.77024685707265,76.44340044726715,97.41082095030235,98.6546930623486,104.86353205824696,0
73.17014990416877,122.14294187171929,86.92435546897022,99.478183935639,98.34672546425391,81.98933895282016,0
67.94893035015372,110.97363588953219,84.53417073186463,96.5237695196906,98.38629519093112,101.70873528746982,0
69.29960717112453,125.12980357275221,84.28579194211645,99.37413582415012,98.40204773672826,90.13080616767668,0
67.44520403067781,123.95389651020086,85.74743682005185,98.31138993769643,98.48951584751987,111.05807303412797,0
68.17447474754422,116.28012019203102,84.11171149343775,97.50812054518553,98.54194616679146,79.86001678415494,0
72.12531892977577,118.14817870906694,87.77141220805512,97.14446733009439,98.76086582262911,107.7180300027418,0
78.17976490548696,102.58524559706368,78.74583164094385,98.11268520016037,98.78658787637451,102.51978810906044,0
78.12909235669119,108.03541520558183,68.1455731334678,98.08259051687541,98.84220516809432,103.2239509512694,0
69.98167832753319,112.61273088985278,67.646683585603,99.69845870237556,99.41011368344857,87.37549394991335,0
68.10103868701538,121.14334276474277,72.46250541699125,98.79725229854003,98.81131533298986,100.55592146551747,0
62.32370477286209,119.9013072386533,80.57422545138877,99.0278838914334,98.75528599663642,93.99843504991172,0
63.82095597244314,115.74917010139741,68.05734268761157,97.64024498339437,98.85004818253596,106.88494549982093,0
77.70929862344425,138.97232151034424,78.47688675822633,97.56078223517818,99.0093733822258,102.92252609576269,0
73.01192803180037,116.14589053099505,80.62188061150465,97.80631633995561,98.60297485552395,109.9398715690533,0
168.28823597720196,211.48389040738252,98.41610636303182,80.28866154603861,103.65478120400977,223.7603353156648,1
76.08900418423575,125.13137997026199,76.47341638042076,98.86239057591769,99.55880956728046,105.79044897937837,0
74.75032022130891,117.85831897927885,84.0477094412647,97.23167650630337,98.46488149477706,87.35544741074156,0
75.25536026151579,114.12775128181984,84.43289746378825,98.95593806017831,98.64037878811583,98.0634171970621,0
75.72943133913631,120.57709236644389,85.9258151571967,97.10753503228435,98.89060596749391,102.55237956038931,0
71.80062005613324,123.53736003353144,80.81962031796715,97.14371187633972,98.82996241636602,92.46222541442388,0
69.0945955628025,136.40557836968839,76.33850225131455,98.94370163439984,98.48343745546043,107.5808001029734,0
75.94657905690224,130.72666267811334,74.11650907114547,99.05306971759491,99.51034235275074,81.79149861082105,0
78.8918240965723,117.86188708290823,71.8446618740251,98.6675849604766,98.80503980450911,97.94682355197912,0
77.59314938556231,129.19647523600264,80.5303628819342,99.08772675133885,98.75896161315474,118.22072865538541,0
79.17027977354905,114.00556037203157,78.60193640047662,97.6588002673067,99.39917928180516,100.30504814500428,0
69.1030344551585,115.24388510557576,71.0547742287684,98.72379941644442,99.28661612635098,77.37190037309207,0
63.89355380275187,103.42765642638705,85.63196724861032,100.0,98.49928837034295,94.68177724768779,0
74.82925428250924,118.55912098055059,83.9534310501292,97.21844014077541,98.45741768537764,98.51829595245769,0
71.66447730886672,121.44997605744997,79.0399936486929,99.48768844640351,98.05253157259197,106.54668225071929,0
74.87664910851639,122.7793266891768,91.18485538530814,100.0,98.41758333028561,94.29398861511685,0
68.5386487828611,115.38672507577948,82.03047009424334,99.19615022152612,98.93525875875886,116.63031378211848,0
70.2203552455812,112.87461956665989,80.21954150938578,99.67298970284496,98.2199045115419,104.60638122953821,0
58.981935493645786,120.75060501893407,75.191187896134,97.8772285743132,98.23912076521081,78.45616293659276,0
70.2049093654354,120.3119872762249,70.10335152501798,97.33446613299132,99.03009652278452,115.01362504820233,0
72.09347428548881,122.5672248552458,76.63292880220064,99.71511821817877,98.60546226553498,105.96605613592055,0
81.02395793149613,116.16466287055145,80.58254026237935,98.03178390487064,98.93622707911666,92.39318260114098,0
75.31044479946553,122.75782658105082,80.63586959597143,98.65591913965883,97.67601255982461,105.166118585768,0
70.26804816647918,127.42062817936066,83.66975239182119,98.74228850757831,98.1443271502945,109.25666947907861,0
66.45320407122267,110.03986164531912,74.12928813759443,98.27807959557353,98.18834812876867,115.12796068814725,0
65.74773352654138,114.42807762993873,78.49532353514934,98.88292480558675,98.37839378670131,111.36605886533167,0
76.55493096181588,125.6671610518032,72.68944772402293,98.73481134351042,99.06539799987895,101.19392250394199,0
70.34968981709014,111.74753556091173,80.93553550062546,97.81859396528282,99.03834938199073,109.6268491705257,0
78.14225727664189,122.37295459666593,75.114639269293,97.05906404735711,98.17075703436052,95.5031587670268,0
77.48262972831351,124.25787016440933,80.00159305732534,97.5601467368996,98.7019276873388,98.47049270633791,0
74.22036669161373,113.0906767474458,77.00348605688137,96.4306436572748,98.65269011522605,104.94504629752403,0
63.91724226282182,128.06853672283185,82.49779454124601,98.46450216521421,98.38724968283908,113.36555171752234,0
72.42752249946535,120.37728142923244,78.15598367405566,96.38284828555996,99.35863316899452,105.2520096601568,0
74.52419778611088,134.24872019703716,84.53766150396348,99.39072592914142,98.56313036797867,131.3232615080846,0
70.32113794573796,113.0849386290216,87.79591145241176,97.74711993422163,98.12759799662761,108.74991185367978,0
82.03543432102622,104.43498082443962,77.34034245853954,97.58012583771564,98.34587738625271,99.8446184126348,0
82.27224170410736,107.70191910418949,79.37771685142789,98.72116182208416,99.07148963463425,93.88937285434932,0
73.98528139328674,121.70194258596942,82.27823455044297,97.87869132861042,98.85729416742102,94.44279537850636,0
46.21775204584447,74.6250975050974,113.99403371783153,82.1675993678635,92.95037161062254,41.295592346146,1
66.09207129091642,112.59739730794598,80.60591075950339,97.39955303441133,98.98693374587126,105.7859253491539,0
62.63104066534884,120.99117050717918,74.68879841328358,97.34555426644869,98.54736236713467,101.80172355496948,0
77.73180334942651,116.91807754204437,81.84526024294983,97.16155174910243,97.75022194276265,90.12232913225533,0
74.9490338834807,110.3589315750953,82.06320680721483,98.13015106198559,99.3960591095273,90.48701203503481,0
64.83817900946111,112.31113547426213,81.93574158030454,98.50431901556456,98.6016842083503,89.0307190833849,0
44.81940776477299,77.78079016779829,96.29141569952671,82.48934807439649,92.06935043544226,54.84846322684452,1
81.85603771953578,111.85870144800779,77.25380673343713,97.19272222998963,98.61752182264289,94.02050654982189,0
74.84155458381109,123.31385190998726,84.35851292799407,97.70451918609922,98.11807426362502,109.53695132635774,0
81.39314417540604,118.74524282250162,80.83070306539166,98.35948593977386,99.04782644679243,107.84095596372498,0
69.82296863736205,119.3624689775288,80.3239567506169,97.19120588158357,98.94727019182235,94.8975021027147,0
68.41399390047086,117.2619053942301,73.78790163083794,99.30564556184005,98.68621279191763,86.98815867471434,0
61.38936380662289,116.16814734063189,81.68356147710305,97.19261994371588,98.27867485663715,108.05691473922249,0
70.23030193024783,102.95281367751979,80.01791300916392,98.81997364234678,98.9593384500302,99.19275061687057,0
68.09614458526904,122.80165098868743,82.7121198476605,97.66522667529517,98.29356781754122,110.7270874076744,0
73.21941572751619,123.00277563983963,83.99623228758622,97.79569279139983,98.47059893223,91.79203347722485,0
71.84087244450564,116.46991388931164,70.43574323326085,97.6854996066498,99.53856052959735,97.12515830095128,0
73.21397277853681,122.34028938187453,79.195475308617,95.91752802329732,98.5594961246174,107.12724569409306,0
78.33634085439631,124.79703059297677,83.27777179144226,97.5585241946871,98.88495333794657,88.1913406019919,0
76.45257223205584,131.13282498001547,75.78950655139306,97.71880598780257,98.42680949390311,107.64679175435235,0
80.29295394622517,123.01603693310526,79.4317157875048,98.56028089367895,98.29827014458144,97.39843220373325,0
67.24276300642593,112.1492889680248,86.5248134439521,97.67745128977337,99.41906076155874,100.85668338354176,0
50.89724296135057,82.71548515451776,123.28374917561241,87.89965172305767,92.14605484321656,48.537279910814185,1
72.23668228944443,118.14454502177995,80.2113153248249,99.11232682439027,99.08686685395865,113.40439135965092,0
170.66272984369556,176.2734394250703,92.79144967216277,84.35098895762252,101.00073046038142,254.5857730628595,1
65.27253755943364,120.31186515899806,83.19868753349448,98.13152273007816,98.82206870759146,103.56040443988087,0
66.20601117886075,122.93093204804657,75.19264093244746,97.48813159890648,98.28682276829105,123.77224292510768,0
71.33512463832548,109.01427283237722,85.01656656407451,98.485593920044,98.40426704981512,91.66660927457747,0
84.29887257471556,116.21736562709062,78.86057855809047,99.36765130393597,99.06150741563542,90.08654252307461,0
74.39481668611242,121.31933032712672,83.97931906170614,97.49498272925483,98.66603982059729,99.29166092474745,0
86.09445472020454,124.40552443400225,79.08640769092837,99.10531390149329,98.41421254688896,98.7188790488253,0
69.17974711344299,110.03229321461676,80.17196897653791,99.25622134444136,98.41984222367381,114.027643105807,0
71.61487093734901,123.15858211295269,78.4680228645674,99.12296937158574,98.65193913218674,122.78108623385512,0
69.10163368989936,123.07640233605959,81.03338814269559,97.28244136079995,98.7439062816664,110.60828686985884,0
81.1811711931801,106.10718440987863,67.69782088951898,97.3647386154414,98.75851101595474,74.97391109392578,0
59.23663547789103,119.01612560148298,78.36183281345019,97.85137961656855,98.39464900499414,116.9645197990074,0
80.46559427847762,130.50590121196265,72.91588236025405,98.58685153878487,98.47756024266756,97.01955825803513,0
78.05890253605581,112.70409888366926,92.86376194622237,98.27509347694375,97.9798492516275,98.76621089656496,0
72.38684648886073,107.73336033401303,81.14241088859096,97.94139292421752,98.49965813550892,105.40456804789177,0
74.9682339226502,118.43882023113518,71.3163659111778,98.3605800158863,98.88324485607383,105.98912719045575,0
73.62274095467903,116.63546440958231,74.76539124946547,98.02717716767246,98.94841811725809,98.33078666410718,0
74.42238054201965,120.79419228039586,75.74608625685923,97.68181928247331,98.70995720356439,93.85263053034065,0
63.70320161421398,120.47650588474035,72.55357867779891,100.0,98.48732467168435,100.93832945385569,0
73.30009871378572,118.64842548195371,83.49199560664701,97.19665802470952,98.0546139935258,96.4524818037115,0
80.35479180038597,111.72612602752247,75.80195813979664,96.59568358330382,98.74159075402547,105.08190654851681,0
72.1920248943946,123.04458726857528,81.99356400895172,98.2632654875754,97.65321241699745,108.4799753396285,0
71.36197798481211,116.54957207535523,74.57516006259762,98.16954041021829,98.22663149331589,86.59580818395844,0
70.6175957147654,110.18341501603322,76.97004976957544,97.81101875548738,98.50625359131222,104.81055724141794,0
78.04466383917119,124.92444503757517,81.54639192563347,98.24259593715345,98.08254978556708,106.04288391358781,0
71.83491056969618,116.6101915364842,84.85965171720316,99.15293417697477,98.32322766375295,109.09459172497563,0
73.6739649733428,121.23305316321384,81.08702926363502,97.80139784464652,98.1722390451058,85.74988016577649,0
70.18772700306081,129.57665965770428,78.33309972196167,98.31047927700594,98.50995497572595,95.9971151867091,0
70.7267461805931,119.28609341784426,83.99943644852992,99.88981390389384,98.36029020869394,96.88295785792253,0
63.99584703049077,102.45399900624298,86.08361746248974,98.91339109080218,98.2158332318363,116.03369492007377,0
81.96755528728721,119.88402113124236,75.86817357367066,98.77508941174564,98.9840243498806,93.8367801089114,0
66.37244654078161,112.12369728788187,74.91025276932425,97.97109847650214,98.7201664398205,96.68226606255256,0
78.62326405989755,117.77289048867449,76.13925518144029,95.82322029902815,99.05863162452614,108.32309886254114,0
72.3296046659991,129.47148412116485,80.67400711645102,97.09261904723668,99.18978413064274,104.58550858785107,0
80.66258762443955,124.4707399791621,72.95886615846275,96.4949281257462,97.76746344454291,78.08014701475585,0
76.08817395945184,117.43560826003569,83.18949158129962,97.61294697376627,99.16039233987722,109.37447515151537,0
74.44951653428683,121.79319423985994,83.28449353159823,98.8995987379794,98.86834887780077,101.99272212748446,0
67.87109792893366,123.99294821352557,82.49910817986904,97.94349387534079,97.98517280517245,108.67660141055615,0
64.75787011285671,106.45199028200335,80.53252700709594,98.14782209030325,98.90033284373872,98.95793086384971,0
76.39495261667881,119.80247484743938,79.47724305715737,99.39909747926342,99.40230731780385,88.21785364587085,0
69.74882171805638,122.42282130158407,80.26692136239511,97.49246865647423,98.37854140617968,80.62026685511647,0
78.89259420223262,120.05153876996496,82.95545265662611,97.67635095529084,98.77825740179604,109.80091620197956,0
67.59495720732903,115.86023689113367,84.44928475892748,96.0927780003112,98.49647965455642,98.65948563802989,0
75.38345472031416,119.44064083136215,82.69105802746128,100.0,98.56175479063522,104.52287165783477,0
80.22321686398028,116.54066983853161,73.89351307697387,98.4802292619057,98.9733369216829,105.44513222428442,0
69.96526632437977,126.39854014956823,74.92541714600458,100.0,98.68782854245643,115.76458002155634,0
62.163095024847394,114.8475544257204,75.44203311706927,99.57684982558922,98.78409557729117,118.47639708025694,0
66.25458626990873,117.567325402368,76.55675045681616,98.00443852260982,99.57799252026655,82.61288279469474,0
77.08062465129896,124.96587686410624,78.08291029015534,97.80789531937032,98.6680811298454,86.66620403964617,0
73.10780315119382,122.90341023552153,82.22484157688088,97.47689569311551,98.00805403779647,112.62625852349048,0
68.17030364082903,130.69832094440372,86.34403828158479,96.64920257738932,98.43684043018254,97.66517097425385,0
64.78079486766514,117.81125981242707,67.38271318743764,97.54052456804736,98.64762483129722,87.91748549202484,0
72.90181056877127,118.45623239590424,77.30607581076306,97.53621562862189,98.61666856885574,85.7525409065382,0
66.0769228370929,118.39643278354804,86.53982096274672,97.64117362905645,99.07065501944669,99.79020042585549,0
70.01214970090007,120.71851869977765,71.69397797408038,97.09918825898863,98.981235221997,106.20051867639084,0
73.84442141831813,123.22290954889976,80.25456847767737,99.7469896981755,99.01046488593768,100.23723626632476,0
71.03621328284703,130.97963289830787,76.8626941676215,97.0341283657449,98.97808572490015,95.69490710407642,0
69.18494608737177,119.65724478399085,77.74277304837533,97.77465186628699,98.47893558252977,100.06118664141803,0
42.27517909515272,88.50725747395568,120.77296457149546,87.38763913450184,94.17140124021262,45.263426934055595,1
68.46400661143583,111.90411348052865,88.99869145863549,98.68717747509865,98.42651483732358,104.9660240967594,0
71.04882256183818,120.88130971876471,72.79329127142316,97.23265251406184,99.05808667462865,108.45775063584365,0
68.7741254533211,129.78491014922048,83.59165771597124,98.0728017943623,98.43353808115481,114.28724467126588,0
68.93990160687152,116.99941831158426,86.22520504111628,97.41184687467943,98.5809611019526,108.9266441893555,0
85.10458040028274,123.68886973954628,75.46890936903652,99.89072984859403,98.41995061068243,105.96543386523058,0
76.11304643274123,111.75941507784152,78.35555251664596,97.12084680090645,99.40244203896695,94.28174214275552,0
65.44979474316412,120.14764923495412,81.45018901526952,99.33363856185983,99.0647604519826,90.94171237182927,0
66.1478038363305,123.98051231208939,82.39501312045995,99.43188906377452,98.05397822277183,105.692578552242,0
72.87312718660945,118.58362765190938,72.74918416481648,98.29618455398847,98.80968102921886,98.29712874258199,0
74.96192908585891,123.17733660608943,87.89903478700775,99.04784905688975,98.02101509718914,106.90841569857335,0
78.42219096137958,122.04980190510679,82.44422944906493,98.90786063770449,98.15877629434759,101.53440953092,0
73.17744564400033,107.3419327005034,82.20378377219382,99.17545401233913,98.97560395140873,103.73335538703272,0
73.463719187451,109.55276410995805,80.15070330657589,99.56545465995912,98.77163536144437,89.7939802721868,0
64.4742634609845,120.92748000446952,87.89171338748643,99.54731098308768,98.44616702251191,115.91308811184675,0
70.16628533359012,108.76706493141532,80.10832705851782,97.01790759319978,97.8552722961913,118.13673083795204,0
75.8323813321751,114.6305278121979,85.1850266218458,97.96211329897815,98.48420669232486,90.98031861621646,0
67.38002360281526,117.78741927213919,80.38681865142048,97.20928938051144,99.1052756492072,117.05717761378136,0
68.57789180151792,111.42500077937964,79.57068049601119,97.43512850579309,98.4919952050195,103.30730035097463,0
65.48909684065322,124.43257717080566,82.5680464720761,97.51341875364527,98.77203105934699,101.90789936686788,0
63.979647366744416,120.63216859444505,76.82347315189168,99.1175205487746,99.5377677551055,87.77236576776124,0
67.33309987445475,125.48351097366822,79.89539481308462,98.49181440108796,98.58335700185184,89.14063679596157,0
77.49234165336097,106.87494828769644,78.15970858928159,97.85647533057704,98.95663138267804,98.28005014568107,0
76.07358774035566,126.83076336101995,78.41851731817577,98.08796427747427,99.11606400950639,101.95360396758883,0
68.76144191814383,123.32911905150007,83.44129855386207,99.34354650662205,98.35011433325869,96.31118957033951,0
62.795314975586265,120.06148558428704,77.50376192752672,99.16298959567735,98.2830896183314,91.479468623575,0
67.75424463106785,129.93324927957084,81.03926619068822,96.88883470110001,99.18028396965376,104.90659680725388,0
81.08069845945279,125.75645329627028,80.23105801835459,99.51028665127315,99.1158374478499,119.36679762285763,0
80.72030686270621,124.59124496451308,87.38860147651037,100.0,98.71967824887203,102.87994312427,0
69.7319526058907,125.67182031062734,82.10913643080438,98.21498453633275,98.51027380991094,84.57318010027471,0
74.13401369137938,118.98593271397733,83.27177845298108,96.78628780102675,98.19812428845003,98.92000748474346,0
72.65636876762936,122.0367531109621,80.57154376529624,96.25823588761669,98.72980172894832,108.56691870325238,0
70.84583421131326,120.56894895439339,79.35163473985699,98.09238145899897,98.53710931324355,100.5124351165302,0
72.69404780575715,134.29524537374311,74.14084349763738,97.63856580364968,98.79128957606504,112.1683679142444,0
76.15633653070115,119.71118243144957,76.1368155517345,97.4439474425206,98.20416783850834,86.29438765795865,0
78.4802883942879,117.70535478086434,78.60844872061712,97.2242140106874,99.15007162304289,105.6371472242893,0
40.56347243221562,72.10931690646764,100.86815851627183,87.14123033827127,92.16865185969868,46.80983638092413,1
74.15685478528275,121.57679677388519,81.02076935998014,99.1328422117129,99.02571034873779,95.0827653574275,0
59.49532236300847,116.38718350689996,86.72558586805894,97.97779977656468,98.37092153957667,103.78155935606964,0
156.28199361973174,202.24127114408032,122.76560421054462,83.60177642745643,104.87574038687616,240.08059160874615,1
63.336871103198746,125.00622073089642,78.45892035919584,97.29008086704793,98.43185786936938,88.72143753854245,0
78.32185077964704,128.13581718253965,75.19610220877554,98.86091010454146,99.20607055737742,108.48660952172223,0
63.73429499547458,124.1274746195018,82.09455805686393,98.00165585562195,99.14464938332353,115.8473964304512,0
79.74386676553529,107.94420146229737,95.2034347707972,98.39823278469227,98.62003605942832,103.38601246320734,0
82.84317986182731,116.42574050491694,71.70612687456985,96.90398795212894,98.61009825163265,109.9277930009227,0
80.13950031496789,122.86398645943196,71.8184910745027,98.21401438970084,98.48387869250591,92.244665557246,0
68.98215137669195,125.58582678207334,82.54943623960598,97.55263705083878,99.2420792060838,105.00183421534925,0
72.94276751394564,117.84927642036789,80.27604004496166,97.34952600054078,99.3791563919207,103.34800291139442,0
64.23191114567456,124.85746263233881,77.86700181856982,99.0237023365901,98.97060807373857,116.64668030267626,0
66.93035136843902,123.35737723686101,79.16878963839585,96.96800210863476,98.31031147446762,96.86738562255962,0
70.90109717368023,123.04882423294654,73.06755289654379,96.88241395737667,99.22489768425531,91.12103648308263,0
81.32496252428865,120.12633076727757,76.79444172923615,95.76020836963387,98.66405395879315,104.21222239435238,0
66.8190383702104,117.31072834005117,80.83483811667081,99.16876891701112,99.11167031093927,92.1623983062983,0
62.62472485868074,118.8663162814107,83.97379261235967,97.76346674790388,99.12154965837254,82.17124983728667,0
71.62685389800413,112.10915345212096,76.86486074084803,97.97863762755853,98.46793277499727,94.05807729461144,0
58.937609721342874,117.36504211788264,84.10303737954335,98.0436436368796,99.18226994298334,88.01295768322049,0
155.11240693371872,173.1103250872904,114.870487108431,87.91870740081889,103.88151245100109,278.10528908469206,1
73.20695793523704,124.89170969196333,75.77648500648509,100.0,98.5451597910439,100.69876383596484,0
68.66713728503848,120.77620467979892,83.18435079197701,96.8449915026001,98.11067718088539,98.29523851018304,0
76.1223947751535,124.39376292512132,89.86289952223466,97.38270093024195,98.9115728722082,92.55139720864788,0
75.89225932553785,111.07022138002988,87.99561620418368,96.01370938812958,98.0700856358403,98.50469635456732,0
75.27472028119413,124.32647945751029,84.53171617698575,96.39436659693722,98.40529270681807,111.39388358406583,0
71.11765571098717,123.80373579510267,77.66130658070709,98.56381655938651,98.31715556748271,92.53863979304096,0
71.04572873759969,124.4161292251731,74.64765878489965,98.54966981348805,98.56735923026118,94.10986960685236,0
79.31382473876198,123.80122595502756,72.91180121386297,97.96518768524204,98.53286582704783,87.28309858480696,0
63.798727809507476,108.33265615247562,78.06254342547282,99.50770769931337,97.92136698398296,93.59045853648603,0
73.18746470077589,102.12515282760872,75.1747720971191,98.96074001182403,98.71149830165201,112.37710696149668,0
74.89240036401232,125.4741917130189,83.09203607872067,98.27598584942054,99.17665847333687,101.20063895731477,0
66.92186007005476,117.4549869355948,81.42283395237263,98.586515157618,99.07436330217195,109.54043411463309,0
60.481961062814065,126.05702829294675,86.53567711575357,99.70372715469723,98.91443852804174,113.29255629580081,0
77.14808517181287,118.49362573507874,76.40263807831032,98.55425447602651,98.85370115058856,102.64717868113469,0
73.78895079594315,117.8470000801894,87.04522983206044,96.79611436562702,98.2499163196885,96.38402618323481,0
143.90118829371488,182.21032479375043,105.67019381439633,78.67369247869605,104.76447620954707,242.73338933276028,1
77.79238490754702,121.68613730040285,89.35069346410653,96.78747805291633,99.10590781070998,108.14985035404241,0
78.89803211327248,119.50366246230841,86.71478165815613,97.26836673481276,98.80423706832175,110.26142403235967,0
43.36456592583018,54.937391711559464,98.92810630398138,90.42538794498405,92.95707801163901,40.9542811075202,1
69.57810922054801,126.78558511685638,78.82417560874451,97.33748285369326,98.54313953055927,84.42282883470362,0
76.15751173818967,118.90465836713788,75.21036080252367,99.261761160395,98.86453598565691,99.88831382720468,0
79.15504507486784,127.21461865769092,79.29425163828597,98.25014771603536,99.1765596441287,106.17620814340702,0
65.36223892553019,118.5048473045647,80.85242340348456,97.74326619651994,98.1808534776044,89.23517950105101,0
132.20639399288646,173.67505222810325,100.45937492228634,81.35662703014005,103.36796798958528,263.4943632509275,1
69.62591572946242,114.1233070938764,83.56512925216474,98.67099265208893,98.512914783513,93.53751762092645,0
72.3053262111361,117.24836859508977,77.4226536345807,99.06870498013461,98.65820899688414,111.24176785112353,0
78.29224275849938,117.90339473716766,85.84361397115619,97.4978921751703,98.62429445023251,76.35271826904857,0
137.2816962451812,176.14934943083955,92.24941694666109,82.9160609105232,103.21887477093155,289.6782213570265,1
69.50939826621978,106.20783993054019,76.0108893927861,98.87675998915427,98.3982596584239,74.37232138138802,0
72.4714621783149,119.71126309714558,80.04033379705568,97.59733178876327,98.55328618968943,112.07446043962938,0
56.82263953383418,116.84087994959435,90.08887906587532,96.80283340730978,98.93905512602777,90.64544935606207,0
73.937847021706,119.73173315011839,76.89202977414658,97.42520677278468,99.0546139423099,109.38109358970598,0
69.41027812369171,120.39719178307773,75.57165907996792,96.31450760713142,98.53532435678997,102.21417061724262,0
71.65489348196722,124.68359647187266,75.93437953076807,97.62924901619235,99.15036336771958,107.72888178271992,0
67.72695681494373,122.05346425426089,79.77477760772423,97.6556540950663,98.9063122157921,81.65311649547755,0
67.0173335606606,115.04713400294125,86.31288703482075,98.73493597425431,98.34396013931322,97.99824363201489,0
74.03097844496648,121.53061514730108,77.71161503505783,97.89447506122904,98.80822431833754,120.55192742590714,0
79.17978891987391,124.03515941585695,83.89848091089748,97.81001857650293,98.73846632842191,95.52945564033936,0
75.43203766980284,127.84655558684372,77.63238309222902,97.32058043905711,97.62100194306014,84.09585463239179,0
79.3800034363149,123.11397476290242,78.66726347859627,99.67618950750202,98.47549391427825,102.29266841095412,0
76.7040166758645,122.33775604773334,79.74151030312385,97.12910117953207,98.9491515799675,108.64157112284053,0
65.14188412755763,116.27499276878828,81.1583634209753,96.49192412019899,99.17377012657792,115.33759768355328,0
69.47409311507842,112.08874889360722,77.24441879979686,97.06883473922304,98.21045353852269,96.0812347288744,0
68.76526378110613,118.2186674634826,77.68541810256836,98.19736846223469,98.72120651698998,104.46170944443246,0
70.56631171880154,119.72073931373802,73.57636116791267,97.62948664340612,98.50197396518269,100.8685977581361,0
69.90445377408943,117.60724725827706,79.68955650892856,98.99646261541298,98.4935745376952,82.90232192670338,0
79.78196727936665,115.79730014990226,79.74959700571766,98.13822523650184,97.9078818080417,102.28572086327524,0
84.45156523575159,127.27024248446172,83.34719185771235,97.26504812316462,98.3828097172912,102.52192150698092,0
74.98019533941913,123.22029626702326,81.97378694553997,96.6037708697638,98.07808249055165,106.12956084166275,0
66.05164590326216,119.68321988624965,80.70557248352796,99.86803292495911,98.91358925719705,99.79298996883138,0
85.3126814006888,109.40318649128602,88.67381396561788,97.11761069692137,99.05594264174468,101.89599876677059,0
71.79172938176853,136.71860395009307,78.57605295242303,95.08819605528274,98.78537797524642,98.63442890796864,0
60.95475461201013,112.62315153244958,77.16276359385824,98.32638100784555,99.0347662471156,83.26102071651212,0
43.498205937219026,72.67511132220068,100.46272295323071,82.33677776777111,94.01995504251033,43.397889126385095,1
72.4372445880931,122.64632382299519,73.41100123945513,100.0,98.68718327025496,88.86308484911729,0
63.93329693379434,115.19765170075374,84.11711592281156,97.29988240818459,98.00085653008821,102.21811148330961,0
76.51159819612064,120.78259410742372,74.50906808110925,100.0,98.73810820384492,102.82217754970642,0
40.32208728030888,78.52707841153318,116.24002736810232,86.55617866130571,91.90272706987501,44.498541256412594,1
157.77322202896787,168.870058929206,107.48037312490203,81.66840971413399,102.40476257408802,288.31054909411665,1
62.07085996880538,134.47758229054077,85.2731031424366,100.0,98.6745009839605,98.7412067260591,0
65.06150509953686,117.43047747787271,77.42282567659308,97.35415101170598,98.32099337174554,95.77678941889796,0
68.42022564832962,124.66945830909847,76.59324196782396,96.81880905940429,97.93610585544737,106.96634840571059,0
74.2878576735887,120.91783527272602,77.19823421970078,97.50858958331044,98.0764624631988,117.6016107515531,0
59.74959078945426,118.22233805521935,78.67085817176503,97.85282835215156,98.82271837873111,105.24337285576046,0
68.89433220578297,118.71689503331662,76.71582265652785,97.59441264325233,99.2141334866554,106.05686211129193,0
70.59507975165998,112.35500884599887,74.3955151311592,98.74637324182537,98.8700657603953,108.42068860377901,0
67.74335398543472,117.30857615270938,73.51417851817139,98.2341941514982,99.08154989671743,125.19332791243617,0
71.16361679602059,131.46048151291998,84.74850192138935,98.2828281601187,98.07113081734398,93.49701047532845,0
64.94643236625089,133.88543556705213,82.10680127153354,97.75979112899748,99.33048819138445,95.96098916613794,0
67.86163335561496,131.7398110913081,88.81236582434806,96.97396475244476,98.47946725543864,120.07988106470157,0
69.80696437808841,112.2909945711212,75.51029007179885,99.53278388476811,98.54638049339911,106.89913766554886,0
71.45680030617504,125.01438056378288,79.910360158751,99.8838110311848,98.51475449836288,82.34168503825407,0
81.56703037934983,119.87473516094155,83.905876681438,98.7540858050385,97.93413360598979,107.80630674351494,0
72.27601648351964,121.03474517325569,90.92115300877451,98.56627070805868,98.60926643202484,102.88165386946167,0
76.97643348710093,123.84778230403182,78.48951479487697,98.75156322540217,99.1474493690794,100.24641566637946,0
68.68247497579618,121.6523014467706,81.20538039401647,96.38828293438115,98.17564629772016,110.3162311287164,0
69.25290968290507,113.20810071864233,84.82632192190223,98.83596992427228,98.79063365879335,90.81273364994554,0
74.330254375381,119.30479963545578,79.9253731377852,98.24973606786381,98.71102158806394,80.49829215475602,0
79.13409918664532,112.24321279218792,74.52080418498021,96.59156850963164,98.48874626468407,107.80213972200242,0
68.23969665246021,118.11033672222385,83.81951454287822,97.59572175578792,97.66896030682786,117.10658672590985,0
69.05307751714737,123.29338097290375,76.6833083824385,96.51174178717697,98.41134296854594,88.12221808201409,0
80.3056369110631,124.3850427071776,74.92168384560087,98.0179725793683,98.35129372496446,97.53316632411588,0
67.91369005515071,116.26836718588916,84.5498127043028,98.8583512330054,98.67175921567217,92.96203280013957,0
78.5458825511158,116.3954290549671,73.78564206968433,98.9328287040922,98.49518591126342,118.60476353192296,0
82.06426252683293,121.08858122634493,81.48100221677419,96.67356517269201,99.05029097174942,85.44034957565378,0
69.22236292784845,135.46723903229665,82.16060121991885,98.06319360385022,99.08176318245225,107.35360826642027,0
65.30085336030804,119.59098916701758,82.84938187989762,99.68882219230268,98.29875161982693,93.92371315475,0
69.76394649628816,123.96621503874908,81.44892239329111,98.9120236709883,98.15924001080451,80.65566912382809,0
72.01372761686102,119.08439584391131,76.22437800775741,97.9063786809294,99.14894557810607,101.14897213482159,0
79.2359670992809,122.39474227755292,68.96226217164323,100.0,98.62386475747878,88.81075723023982,0
67.4204450607449,124.82415119952034,76.24686589011623,95.18487631009415,98.62249813502926,104.13348778550252,0
80.92347693201556,107.91792566933263,76.54993700092707,97.74584546912561,98.34002228187691,102.65832169855399,0
60.70890572701417,119.10215563661319,74.33478826311269,98.4793542588185,98.45414317835314,109.30085804791365,0
69.69266673462104,125.10258836199316,77.51674473935877,97.47813448344826,98.93569913815624,102.14352208276996,0
71.51640150421943,117.371499719471,83.05219909904747,96.95899478171621,98.43131525926259,107.95404473240933,0
73.15138641523822,132.89270926570626,82.00714829683731,97.46645466261594,98.65133561088118,107.2121904786194,0
67.48538857588179,124.21731405397654,80.30867338230148,98.49187815057888,98.59891666926066,85.96441655526738,0
75.35874268758624,125.89608128909732,74.03513314490432,97.01655023652202,98.3312095386586,91.81314956788802,0
74.69181458708717,131.53514324048572,81.89113142715755,98.54432270476573,98.77383140038616,104.69480217992303,0
70.49500190126972,114.14036906469472,76.64041344767504,97.92381433004807,98.71624187890471,100.71103857317345,0
77.51072666365448,115.72175993586471,89.76472276999753,97.58330801320426,99.15828299274699,98.43624522645038,0
73.75843483979209,116.25670330408974,69.19348056848818,97.42466263195692,99.35658204610769,95.08983863450803,0
69.17325208909273,119.65819114846408,74.56260915943815,96.60957099421019,98.42172930403943,105.52719744649866,0
69.21229621620964,112.71860902331169,75.81088469416109,96.45537883139258,98.17333865243249,106.06492626158739,0
69.45458199961173,120.85291124892717,75.40691770738484,96.24376976552043,98.87113603908715,104.34161238778906,0
52.755121864262485,73.89154066855217,122.60141438985644,75.25268415834447,93.11910056849771,42.31687157587449,1
70.70634252859186,112.26657728450938,85.75068401839808,98.56702183290322,98.64934191688286,91.43809895407881,0
66.72111387898768,129.76803857539429,84.53435267305143,100.0,98.7961029777714,98.17713293570526,0
69.77993382070723,122.66997932274039,83.08289676153636,97.79324559657073,98.34765798451502,104.8649901673203,0
69.89091909575215,112.10356211634614,71.1311243389874,96.87784943851358,98.27986374718562,115.23945809163283,0
59.08910759202417,111.0092907474924,79.12778032857359,97.61301516112184,98.97112778244642,99.74324739645513,0
68.5034480543305,113.53156034861254,86.83107392602894,97.35537786892152,98.20832782548895,89.13710826396448,0
68.60221362238337,116.58066743922748,85.37264895114966,95.9018125367288,98.6252310701717,87.07190710071838,0
83.83525306073885,115.04792318631469,87.33687994163839,96.99430491268181,98.12761455286119,90.81292523851872,0
68.46437008926416,120.99385939711804,86.66605280690023,98.06215090608573,98.90201111740785,99.79185910672058,0
43.341733337185175,67.76278952711849,111.13713291034395,82.02976357301426,93.39334651602644,64.19501765365129,1
72.63452274762888,110.20540218542759,78.3510087147708,98.01620659948405,98.87167685676967,88.89872059017704,0
76.71480095190499,133.30187897017674,72.9030782210198,99.05603037156571,99.01997743981,106.44954984027396,0
78.31168570633751,126.6276529655831,82.76813704679115,97.67725544727666,99.10607955518117,91.74907026664984,0
69.32091028759787,118.14076807799727,79.40170548763425,96.70854443551303,99.48333930573594,112.43103577848294,0
76.20703645386538,120.69253650920218,74.36357238146535,97.92574789250692,99.2923260772179,98.71830829733506,0
70.89058718134207,121.95159868669822,84.73309154165219,98.67610363829715,98.63407837198831,106.01780603298667,0
125.97311318615843,171.41871123239844,111.35800951314484,75.2139262066925,102.97593059722391,220.7594307660753,1
67.35726480537856,128.1188797647184,80.78673283836538,98.37490768630077,98.82211767600545,92.68787010463632,0
68.40937451651372,118.06872994991878,78.23975171983854,97.19606162327284,98.62696323402432,96.94436205357162,0
68.63891375881818,112.87564983646133,86.6135160999449,97.57889722783817,99.12508962770906,86.2823858471213,0
68.35587340072674,103.30420410914874,77.58260932502812,99.30577657828752,98.83456360398796,95.52208790926026,0
35.509039924734886,72.38307074967507,115.4204474407513,75.60050379255644,93.14973273450805,48.13723486327069,1
76.63019226389007,119.61655147762822,80.20153849665124,97.4155065672056,98.46431809391603,125.87441228777458,0
69.55139496503868,119.18802049374926,83.62709413578884,98.9347177458285,98.82309553157295,116.83993337519071,0
42.60973486735811,65.130626755926,68.86909877893652,77.69395872193162,92.1909223769866,31.518443753536737,1
74.0790232903843,129.337200218504,82.52630671587102,98.53446853506851,98.81365437690638,111.71682197222812,0
77.53080901186351,129.39526091871397,87.16942234098136,97.65434634339434,98.85540663169934,97.18921756479878,0
74.83443766728226,119.11427194177058,82.85551314295684,99.81846437838159,98.49030259660941,91.14672438995662,0
65.9114596158428,105.13236692109535,77.08438584337851,97.15328067207349,98.73985221666784,101.47597568833156,0
65.92301327799346,128.0221930250939,86.03267861727151,98.08401019092435,99.28703208201772,100.20003219827464,0
69.09863109692078,118.7957104851417,83.11384562613775,99.1142343467426,98.38293564041037,91.75932332589423,0
134.0275387458021,163.3874543184353,102.47543399295247,81.98954870291253,102.6141283856095,257.48029330033086,1
63.086637761778164,124.51216802690624,80.20770920281947,99.4767436707883,98.4406645509245,123.81944983415625,0
72.11040978470064,116.6118801346454,83.14779183032918,97.65927922846792,98.59038086996006,99.09458760251624,0
158.3065399306953,216.80214701244267,115.75621928657137,85.44462430720972,103.822458957805,283.71158288465335,1
74.6862513601039,125.4258058511236,86.06045359661368,98.2235994544459,98.60261918665465,110.89504459563057,0
78.53370358180419,121.68868173884711,80.11552173000365,99.61735869744506,97.8683622344315,103.17258581278982,0
68.43713155158777,129.46427556182027,77.82632515937904,99.0013261347996,99.26137604353033,89.47558073385578,0
77.15752732187882,105.26792040864268,82.53488172914071,96.86239979503577,98.7924281478043,111.33942553639173,0
77.22674822059015,119.35630252177013,80.9910866386041,97.21064763409743,98.46125024324395,97.11483524804434,0
75.44246652602648,109.12875305512125,85.17958104716017,96.47856701908569,98.4448424700263,107.53899637273636,0
63.92412191851951,123.05364993360739,82.62292341523808,96.1114765872846,98.94625367392787,104.93588485874193,0
77.30195962492003,107.79936728659334,77.40082927137387,97.04192062035864,98.86898111015445,97.99336856888193,0
71.33094703714234,115.59545529006846,85.98744270019087,97.20591629339455,98.6172736704867,95.73208604601474,0
68.57615741879933,119.55285517018058,74.286046525018,97.36735174855998,98.86137494826882,108.93415956689334,0
71.50709292964459,119.55498522569715,80.38539305690747,99.01683088901285,98.92714656997985,119.44048293801899,0
53.10175897063246,71.0126854255403,121.66875082073433,82.28230887285217,92.53507910890822,42.67629459470988,1
68.81417461312822,122.10984948846782,81.30592270639815,97.84941645162507,98.62282153473014,111.18204859759392,0
36.92841476634606,79.43752838791903,103.94479854021469,83.61586149494268,91.8153364632224,36.97621874429424,1
146.7847963209251,177.6384526399544,117.04219081754734,88.77983263103373,103.16561424410303,274.53055104418354,1
40.417394929981576,82.49456034859406,120.24588290402785,82.86717862161034,94.27980117227582,35.37384968284763,1
66.98791768044146,111.25125762287445,84.27451961318201,97.01008468697646,98.49235567898788,100.12480705485939,0
81.25946116963314,130.4866834344145,72.60998872347908,96.49816307537016,97.96459874543673,100.39849304150326,0
68.71079821099937,105.00998383776206,85.89712234070214,98.32202047965521,98.31219219484558,117.14941887549244,0
67.99145727814171,119.50845746937668,87.70660572400661,99.47298357762983,98.61409012253912,91.72962434965211,0
39.43032049518473,77.34372235090474,103.36675984128044,91.0,93.23856267292945,34.19207171688918,1
66.15190997863607,111.11000981824287,87.11976922770583,97.33261594563987,98.3622345205688,102.54534301036948,0
73.78346564028074,115.19287323102854,83.83921847334055,97.79986544577186,98.48085035068553,93.09578964636542,0
74.05635207826623,120.52903460869027,74.51428065114769,98.55694788234051,98.96079935128404,106.71987740136495,0
69.52551709070111,119.17979596517937,77.05120379666432,97.96798119551293,98.58275338195449,111.4367184198047,0
64.3172665739852,121.52402740761016,76.11568950689303,98.03136841609971,98.74280177011983,114.14220672690327,0
79.37388301493436,124.34942717978372,87.41416433192954,97.81094207914762,98.98964738729347,107.83649129870538,0
64.62933701240543,113.50213912940802,74.2541019889161,98.29952041941615,98.83572072237766,112.56442973796382,0
68.63065352201625,111.74156275437844,79.876322895988,99.07735980986227,98.62871113049508,120.39202044722448,0
68.3484616605618,112.09986528832076,83.52574329469088,99.46199283086833,98.38132487130511,92.67363817952388,0
82.82608865872047,113.35733020561925,79.20425264231136,98.87930729270897,97.99646052654819,96.8951643568741,0
72.03068073985476,120.8841993963824,80.64999112900797,98.02002733980403,99.06033385987374,103.36338561665531,0
72.02025303958297,114.57468525888632,88.64164690283167,97.30843859730622,99.22560560728472,106.68638570511081,0
70.01526465403465,138.2480141420484,78.19456418306565,96.93089570883404,99.55625925373434,118.89978644402257,0
78.19479156330688,121.04213762742384,81.14962172708968,97.06094685629803,98.8776386987247,99.77186305952077,0
62.33059584538303,112.8880319818238,79.87651178457504,96.0814105764407,99.2219360961705,111.6248695057964,0
75.42707643731525,128.3139936889692,85.86921010183352,99.031415906434,98.2347803264013,97.4835948531522,0
68.09185863724903,117.08493096726382,81.13146133621719,96.89791543522394,98.36451806657729,108.52053781810024,0
79.1243163093885,108.14020872803445,78.58937528431133,98.93597315926561,98.92699431226247,96.70955704757615,0
148.02279506723116,160.80743710988546,130.60933313357094,84.53888828078824,104.07679248792596,264.6671107040074,1
138.9764955462161,185.36338791590703,95.30707738747914,84.43634169398405,105.46096262342171,245.94452853843458,1
69.17241755578488,108.5451788655546,76.15872339804115,98.39571153241695,97.91097806884788,93.32801201505887,0
65.99801205236655,113.49604561643169,72.44726974815252,99.94401765000045,98.21272529971155,109.04657481909841,0
76.27393295748098,114.4457818908157,91.01121636686457,99.27191830342237,97.80317397407144,85.76896889117535,0
64.83486359344626,116.50090275846478,82.17270048627145,98.90232576113038,98.98100590343836,91.60648041707367,0
81.85209096081822,118.62950310321993,83.47163190574649,98.50308925333667,98.04894973757457,97.03860420166289,0
74.1817912957498,131.8548299338957,83.0475494810622,97.46729891244502,97.95532062322512,110.17792987204089,0
66.57778883561923,126.43910061168101,77.59141474532237,96.59933014511346,97.44232597697136,103.93952008993935,0
66.32552363581931,126.23940731123673,81.47415344604848,97.0343503603927,98.6233841827336,101.60695608656918,0
69.14267475873204,111.11496226329827,66.35297807538133,97.43319654790419,98.39950839702261,88.04743200616358,0
65.40827744893312,123.57374764915865,88.5377444466088,95.79551794911967,98.60561349355274,94.74855277981783,0
74.70362047717524,114.9125810351631,82.75840116127985,98.38827425492643,99.00489836306116,92.09571285650533,0
74.4633005119657,116.38813307455645,91.10160929002441,98.4402480302104,97.9705827106439,106.20483523927288,0
61.28174720787188,131.4900003940562,67.10853574929735,99.69551581924986,98.40506402958432,99.10563140756665,0
72.93114410315387,121.40489086002215,78.71137719206853,99.88162128935777,98.72837430172834,98.62941184586298,0
71.78995433996259,129.37014496806924,79.0906996710492,96.04990483998124,98.55430243435914,111.35867516395524,0
33.596103619703584,65.76402218485505,108.59244353324121,91.0,94.23947944374645,46.931619400322305,1
80.07252027692986,113.49845542983279,77.70389801005379,97.65523342012635,98.80254538842482,105.24035017344856,0
52.55239595958557,115.19090130210351,79.51893868979711,97.12907673013,98.31725863939425,104.63315720385017,0
72.7863911172951,127.92963288022365,77.63653861138214,98.30261352594626,98.54493724861092,104.26442716260942,0
73.67560702929916,110.2046048390586,79.58556508062567,97.75590443784147,98.3390947265025,95.85794998842101,0
67.74955939853723,117.44026042228636,85.5537658620732,100.0,98.53060536371441,95.32719379831781,0
142.81807616095116,177.433053746794,121.27143392253255,90.06689566299555,103.56134876533123,245.54267100857112,1
42.93841567517318,66.52199028106911,128.21624040856094,88.38353417380623,92.0140864587399,46.071262952359604,1
67.44902799179958,116.11488308919124,85.41630888147152,97.49329582378977,98.38674509290409,90.56467883354058,0
73.33943348477496,129.81406528143384,89.02834439058132,98.89334726260815,98.28493536327584,113.8523737960814,0
79.582240065928,104.92960538969739,70.06344885136785,98.5012490868072,98.14593594812567,111.33347993603292,0
82.12284981043538,120.59162933070729,79.9093287824596,97.8059198676669,98.46389212881833,92.7035359793842,0
72.5570694068467,126.31210087998191,85.37510607255454,98.77868274572579,98.28556752047679,113.14281843029525,0
76.7996514116523,119.19808400769236,81.23923140950913,97.64832575715623,98.72790620539274,107.83779450308964,0
74.15072170925772,136.8338627957778,83.81696539790985,97.85771430755486,98.48304985876251,92.83541483638719,0
76.32887594254406,121.63981485119736,79.14913734299608,98.1537638295447,98.38315368532685,95.17897482031076,0
64.57829573473151,120.97051628597059,81.65433514203175,100.0,98.44520636033691,100.55753103492773,0
76.35057472108798,130.01806482433219,85.01682946364573,96.56334820782075,98.79526170581552,117.7088220766044,0
66.69118371583859,115.8543140863103,88.14659258720806,96.10791507441508,98.66141919056956,100.58040302064241,0
68.18665295157358,120.68203877208111,83.93771662163432,97.64752105441335,97.95091737170245,96.40051335186753,0
71.13383752845634,134.15813161398637,90.27046220717988,97.35976950453198,98.36591724123855,95.41447339868802,0
73.27917976942614,113.6803375112604,73.43755654831844,98.17952330153746,99.28867704485405,96.88663346552812,0
75.2835887842678,121.14352248441061,80.22032317456468,96.22797217157596,98.54687747916931,105.50402978329927,0
80.93467864996974,114.15412847219436,83.76822140816732,99.60807713545354,98.4463109540673,107.52034159196867,0
78.95628625980314,126.86804800899247,87.20055060034586,97.55897617947639,98.36252022920509,99.18787990248865,0
63.35969470443423,121.41596285334853,86.99241996534661,97.66840622106845,98.82679210530684,94.18850488928098,0
77.28844517354143,140.05648416160173,81.58681316627681,98.90723466005763,98.52535471130855,106.4015344235714,0
61.32767850657433,112.81892325821366,69.63932441951756,97.14607108542864,98.91938453559115,96.94924460897745,0
83.52220501286557,119.9871986880913,81.99889958808426,99.36911436767475,98.39603419926469,110.74741250220838,0
64.6227024332855,124.05250053999865,72.11845501614377,95.15605633522823,98.09749234203585,99.4409596684876,0
72.92235063567317,106.35439771274304,77.62437360777699,97.61444102003752,98.36011126162744,94.02054535375866,0
69.26676284385678,124.31664783529783,81.56620846846808,97.78443053864024,98.4761272871853,88.35389726274029,0
69.67740178515359,112.08252935148188,81.96995286087504,99.14145457832127,99.0138798784349,114.99287758475687,0
75.51179661909802,116.88537526373322,81.02428650108845,98.67450503315482,98.67858135182725,91.61992979758487,0
71.79006905701823,129.54260282592574,77.56684405905365,97.27740321859852,98.48569411358545,95.6104922950118,0
67.16896948954275,111.15994672390275,83.57955208064405,97.72946326283873,98.9259949819185,100.59465927375476,0
73.9467516261151,123.39213965187493,80.81935700868227,97.98525228198315,98.22386712499616,107.60934577413624,0
72.88853651878966,114.01433167913557,77.48706743047157,99.93946354957012,98.1896825660297,105.7778663063184,0
78.49830745905166,110.2318604667145,72.06405965160774,100.0,98.41198192593805,103.88182292724152,0
79.32492779287828,113.25622561161002,78.66498119116484,97.549331822432,98.67106439858759,102.12669956170154,0
70.18092130299435,117.97997417992129,80.51345258374293,96.52438725361706,98.40052599042544,102.25325179540505,0
70.55101532477532,124.2639486333746,72.9459885745452,100.0,98.7312835873715,69.44682053680489,0
83.39929160937129,125.9988287588795,81.68300713781083,97.74032203649247,98.80565639630429,96.09359684780543,0
67.69790310523238,105.49351372812801,72.07376994635071,97.87200302478661,98.2230955224424,117.0768671715337,0
80.52302548793912,126.83228503549162,74.47774086072502,95.0,99.56495066156953,103.19127343069039,0
169.93550004415727,180.67925791992403,129.1517028817911,90.4135697908511,102.92342693105388,260.0495515139731,1
68.46063146122266,110.19950135918783,85.34321109795043,98.99451811602847,98.28008082491188,101.36909990753395,0
65.3312522583778,125.73817802080666,86.64767121985263,96.58300986031901,99.00032121735302,74.28863146894588,0
77.5441621152414,124.87426003456227,88.06434185353564,98.58340491579818,98.80154397366898,99.14757070860541,0
49.67183507099143,75.41394678567178,122.44717267130824,86.32395469554518,92.94179394686692,48.93081515330837,1
71.06844570705151,121.78311796166146,80.08714476479051,96.82895896033818,98.84707575530533,96.96798913671458,0
68.56952374826363,133.81855081421517,79.78866000782604,97.42081385885307,98.87336689249555,91.44106196268828,0
66.26926452390389,115.58018211103409,76.55361688423807,97.91785695442714,98.9572271307947,100.85807099923387,0
69.74219565045003,117.98290778642217,83.25665475997602,97.97761534350319,99.31033875791647,108.2887514825653,0
79.98803437193042,122.08012016665755,73.18066033185329,95.82276393110327,98.61164162685935,110.15646732999716,0
86.95799710459674,125.0084516773864,80.42486481317914,97.42992466081535,98.6555902609453,106.03930928680333,0
109.22883074246522,155.02067712119091,111.1676938093197,84.01004465072863,104.37877237858281,272.2804259074658,1
77.51492504166,115.66613936225048,80.00279996169847,98.38582148643222,98.8161496523724,108.0706056220852,0
76.93967949406623,116.94868971636697,87.99323796795555,100.0,98.50116540131867,94.66641042779645,0
78.60492839053563,127.78844013642312,79.30749489030023,99.20080081942845,99.3259703640346,100.249234861542,0
42.65738711248334,67.91918113023691,103.26751224363696,84.70371246917622,92.58943467787618,39.86142880310432,1
73.00835883580092,110.68841621051064,86.37623506460986,97.91532910250034,99.05099114349277,93.03649548892325,0
65.15394894148358,125.52352640979937,88.06155763951774,97.5915004818438,98.9445673439505,89.10062100143645,0
71.02159821633742,107.64228689079019,82.4192056251323,97.24728075809693,99.19713275654605,106.23693210176191,0
68.73945137319741,122.92225562874907,74.63404862966475,97.87420737234167,98.28791314074493,97.42899382189414,0
151.53695914555288,172.71886511207742,110.47135574473803,81.81980578790085,103.93724321759855,262.78945586614964,1
80.57314624688141,124.087181155988,89.91686799711287,99.96965668495109,98.70022899562994,92.9909181661722,0
57.011633895042365,121.04166133175713,76.39860711706034,98.45677077770046,97.6984974338557,91.0656193765395,0
121.5487979088754,184.31658865136885,101.09967201333063,84.36135738809843,104.69465991012487,244.51565391925232,1
82.17873820974023,113.14881414583164,87.07014567780993,96.83150910790073,98.10222558090052,102.3734811948953,0
76.24865206013155,124.70605385628282,73.31162906956158,98.03580260003584,98.31917457505787,105.06382538488059,0
60.224245849964525,115.07258572209119,72.37407281668901,97.83491733762901,99.08484268508711,118.43387164071859,0
76.81277075170871,115.20891718539673,83.12738000152025,97.83933515162528,98.55158340317298,99.46454347707574,0
72.16908694421477,118.76706547514316,78.04164695247984,97.7870213434498,98.62949631448261,115.81881124758253,0
66.27636348362013,107.60663203556746,86.38131993936777,98.05171788481319,99.27065413625478,116.22358158763366,0
73.29974985242771,122.72173237184599,76.20768038534567,96.12594449726878,98.68238428648363,122.05782694748162,0
71.84655412684803,117.22019267902503,80.8172387330874,98.73793492626216,98.71589761076561,108.88052854045257,0
65.28229540026594,109.81461776436613,74.45751454601609,98.78346810620891,99.13690271314407,118.28909632437178,0
68.3530680774334,122.15804444547175,78.3583952865472,98.58507020245837,98.82416585288348,87.46233668008978,0
39.96646492316894,69.95404106589174,104.41727268413797,81.79232335414889,92.66535284136606,34.75074925761042,1
43.9260271642009,81.01523381322507,122.84421141286246,74.80362393091912,91.82354184286784,52.5368105313566,1
76.58417868943715,135.30011431705802,72.66040911180599,99.50833609805773,99.36097195218848,90.77978621694133,0
71.1930192935896,113.15221543357666,78.60671833060346,97.5911038250105,99.2039918441662,100.4308374220212,0
73.90471956750105,129.60589921625595,70.26330063669039,98.91260231402974,98.55813757408835,89.85339312905411,0
84.3449728182702,116.66412338996533,77.58561140354432,97.87972806067424,98.75134158774108,120.52395492121207,0
69.0881649877928,116.68448179644166,75.83805277515279,97.47383462893981,98.34780059430129,89.49276804805679,0
66.83347253895857,112.15462644512625,84.1096074120795,99.0288491536096,98.59648419115088,105.30378691837788,0
72.65645083099783,136.22345752071715,80.23468149207613,98.48981125479402,99.00284577159265,101.47305213968446,0
69.83122339983609,117.63485557168335,79.21381803985724,98.07969406738272,98.38402323411226,116.67211600851755,0
76.43286288532502,117.28486952696271,88.46156509552438,95.71833792757943,99.29672736598388,113.1192657533125,0
69.77631400748336,115.29941455113618,79.83562757423783,97.98422231110032,99.13807386213851,102.89221940916619,0
128.3150173949652,190.05858368751467,118.7534466778141,91.0,103.22217949849053,225.61291078702726,1
61.988404446730826,124.60700125201794,76.85400196514838,97.71853992011171,98.68953867591186,87.51471317675733,0
77.98986538888776,111.53560902132276,73.30638146932213,99.60934337560988,98.50013081287669,97.98086399718926,0
77.71724728321763,109.1854485449262,81.12210019191126,99.1557327121209,98.17121614526157,103.5292834329013,0
73.5813048717287,117.03269249367183,80.8384066672462,99.02435178985996,98.62861327281637,98.42997331543083,0
70.04385880699296,120.11217697606612,81.62629749114791,96.5615732812246,97.92814580091735,95.9790389550347,0
75.5701767950134,128.97956478187285,77.38739535295181,96.59707092758688,98.53746193060032,105.9910163307768,0
82.77526603857314,114.76332754764847,88.90842393233426,97.12016069389901,98.36310224895038,103.57821062519898,0
73.34810835451131,119.33421846609464,72.1138581454025,96.74485093279485,98.48209437030978,107.20163432768268,0
75.09021160325196,114.82679939383738,74.0102101882967,97.91503340311185,99.52694150624593,114.02362653450226,0
77.28688032488022,119.08222062923662,76.65451619931143,97.03387347687091,98.14046069273333,99.44976452081652,0
70.9383166350357,130.60811365846573,77.79548905694573,98.4180914275066,98.06549214537945,106.59573957406657,0
69.24816818339349,128.96867057466085,77.25324954399335,98.27421503513017,98.45893780525437,90.29649908607684,0
63.608594557085155,121.73827599761117,82.93528767297268,99.4754541310423,98.82117727567923,98.61082863025077,0
75.6811078363825,114.32374244659825,77.33581865610039,99.10121958072772,97.79707844012988,111.04554524991191,0
68.31406113542224,114.43041406321935,75.51833333514003,99.03976228960478,98.34342027260085,100.46348698637989,0
65.89990122854101,99.32025741130579,78.20044453216664,99.39659784622317,98.10441362207806,103.81726646787887,0
76.76558807773097,113.81200800277492,86.18732295866769,96.65157248721901,99.03407556645374,111.90004573114344,0
62.70829020681752,106.6356177871593,75.93915264136835,97.37233730397331,98.7913638733375,95.59483055640187,0
82.11008567225106,125.07143742267209,90.88646723774532,99.28197836237669,98.55918471967261,112.80518636836996,0
69.39302263540611,114.03922014154477,85.98589265730956,95.86681557237186,98.66980626461832,105.11525672117887,0
65.31572129902804,110.55276321001651,80.1830182828154,99.22234525646797,99.19922011381463,90.63014126491515,0
76.09231239427572,121.00093444366452,69.37986462060574,97.05257710498154,98.49831373988476,93.66813059450796,0
74.53068044550523,102.5878026890571,87.41629442428295,97.29616674193053,98.56194007336046,106.52102618567199,0
67.62238518115555,114.66767740522148,75.80671181239708,97.48060867790946,98.58159646851495,101.84832888359092,0
46.18511503185466,90.18308670147346,82.9477079227463,85.857819531784,93.77041724679921,50.57186374333427,1
74.1467241620897,123.5491419049475,83.57618291945616,97.77575904445182,98.58212543942392,92.5184206270141,0
75.47914371177079,125.95503576122452,83.22032461478611,99.48099240411749,98.17266873155177,86.4796357293217,0
75.99787500545527,117.89421830777391,73.60632072590371,97.92952642612255,98.72465152948989,98.46550148873115,0
67.45941613790444,126.14478221867388,86.80880456670111,98.95102133617816,98.45901891858485,105.06826911377817,0
77.07481723537757,134.3816042258333,78.92739524832045,97.86390354131835,99.01032781332076,82.68684064188987,0
70.9324927451736,120.10001048318793,78.4201802432365,98.59295080942513,98.85778046316534,101.7602763667751,0
74.95151502903903,124.78256110352166,78.44107213371987,98.1870689379766,99.21012131682983,87.36924349474079,0
84.03655732895474,125.16766061571313,74.61522729561027,98.10238219834766,98.15446224903958,106.73169814820253,0
80.5882006909871,117.06725588135136,78.764141938778,97.36756096192383,98.83681272375784,102.94698360825628,0
79.43367811763662,130.18804138740728,87.5093956689816,97.7382123263759,98.53486638417955,100.1300476398331,0
77.15070669993999,127.59655584563143,80.03675337459849,96.74830195147986,98.95908862738376,101.02478482033032,0
76.87515493436518,125.02892196430149,75.3344045565693,98.67424830842477,99.17914310646054,116.37755018538112,0
71.6155334151077,133.88592894835125,79.37356688615282,99.12277124023335,98.19728297626935,101.40569550150826,0
74.34278909957334,126.04973869289046,79.7600710257471,97.54929344082274,98.77566816977293,89.40402494989375,0
72.4642098458857,110.25629133333788,92.65184834320844,97.14999174523962,98.22158399269938,104.61998023703093,0
67.15021028786909,104.45705293745412,78.30665473058122,97.51169221328851,98.17661980423158,100.28084617038596,0
47.41881655130487,81.1218940302352,123.53523391992586,82.53972984875055,92.47978497410524,52.70505889652159,1
76.50659672704386,120.95099131096403,71.07129359026868,97.64507864630076,98.41532051376495,87.31151219452721,0
37.41223540829033,70.76875540493118,101.74973093005087,86.16858084938181,94.16153290121164,44.21678531260466,1
62.660508608041496,121.25735590842346,80.5917503282759,98.8958508801028,99.08160045203425,97.77979849619977,0
71.90146262356349,116.62380500344588,81.7945879187033,99.1706787887065,98.28712530239916,98.35303952542074,0
70.07168495008204,128.60993257907077,85.09268713825197,97.13470072486516,97.62835506513333,102.1386223282895,0
68.09149197831331,118.82130554269003,84.48249835100083,96.1384866393408,98.30715649012464,96.65866761156639,0
72.85030148183942,113.1395638871157,74.13184803726601,97.23352022709143,99.02970931896805,100.15422970888984,0
66.03984780250829,124.73449933372436,87.71444052769559,96.80071757803587,98.21281486421528,82.8879597098801,0
77.03609468538961,121.6253615324963,79.72626802161892,97.71102274173384,98.1977077798608,96.01461247009928,0
65.84178475400465,109.8925211704837,78.38158622979407,97.34322964164828,99.24967653108882,102.55357031316838,0
35.64229874860889,62.146994250297496,100.78321955082431,82.62617353830903,92.76928910585823,51.02020530528675,1
70.31339824268427,107.80059618283272,82.8281645094336,98.18111228888942,97.85697142193322,111.64733042113315,0
63.72229101126642,121.71527065020784,77.75174903078593,97.9182633239685,97.77299067192062,97.5698786937417,0
72.7576064174044,122.131445411761,86.4312604322743,96.86891025483116,98.36543308860458,85.35547944875185,0
76.72250762245471,124.68188091382353,87.0688482414563,98.36013095127757,98.14197283340698,93.49766913770715,0
140.22970140991578,174.03360751107397,98.65679504632061,90.9085986206557,103.6355242975292,315.67807740601893,1
76.67016645699982,115.885005865644,77.20884868801107,95.56887883602838,98.64849749272814,100.56824062149306,0
63.769541224418965,110.81915603470922,75.1245057210653,99.42225850857632,98.27103704909113,84.85510541965752,0
71.96087210862325,117.1511794353864,87.83895754897831,96.24071297995943,98.8023737223283,100.77455814796139,0
83.38373216863867,121.05421744991244,79.72449275133839,99.19749451656436,99.01212667818946,100.90903857207631,0
68.55779997636853,107.54420748644945,79.0071540655952,99.15856549282232,98.69929020296414,93.19934368745012,0
81.79114139453465,117.97013051894352,74.05807664629964,99.35343506290775,98.5354921997608,102.18507586046121,0
57.65817379518337,119.93588673025741,80.07516962770896,96.82883233219876,98.5426518940112,102.01666247486776,0
76.15863364357887,114.75840142785962,84.5828380688885,98.87604577667193,98.23233653661039,92.39057019433028,0
80.2466285590249,110.17993689954501,85.56399097806454,97.1399975248777,97.89809663268949,85.91550859397955,0
54.55807068407015,125.67019066954282,68.15487844209375,97.91184513112961,98.52679884815043,103.32807125250747,0
76.93526947261914,115.24538542764931,85.88500318395168,96.7922251775756,98.4432025500849,87.74208259218273,0
71.52559594881266,119.91601858760593,77.21767111075012,98.49252344620636,99.3248562349231,93.01106904170163,0
62.57865168065726,125.17772827682484,77.29113381994199,98.18258780421434,98.35777213787863,110.58402908095175,0
56.18551356589873,128.17419347869446,80.47513942636037,97.17185986238711,98.4962896102485,99.30866435111948,0
66.6750469331874,110.64402049779557,77.3511614703848,98.17536524065534,98.5205537108486,98.18849123268726,0
66.16158635471066,110.3714237730188,79.23990547183651,100.0,98.75404321285055,108.83971842678525,0
70.79105079631489,110.96340446354743,78.5790605892261,100.0,98.22335289376652,103.5902777240598,0
71.68557329653518,107.4409954216098,84.83073506204649,98.82665179743243,98.22678881166348,98.69236331396915,0
69.54430537132137,132.5766564117251,85.68928887984686,97.14678188185812,99.30598874165057,93.96940170602042,0
71.31158135119861,120.52986458003565,78.7444108267878,97.41304179002371,98.94097650592853,114.1474533796822,0
71.17576926960362,115.58825493496894,77.13148427853675,99.4881346272402,97.74414897457856,97.16984472295587,0
78.67613024993955,117.60495944210933,88.02467250876951,98.7656431064827,98.71858702641968,98.1159418384925,0
76.54193169987211,117.68457572783863,84.66905213037498,97.94574539713585,98.70604283780489,91.87394239524394,0
69.78283842699985,128.56755440966523,80.89847690553104,96.51019693463482,98.5701578443525,102.41955402321011,0
69.68986912972282,121.75439762472311,86.17971601114051,98.36086060956568,98.49451787776937,114.54456956708337,0
55.81868014235057,115.80124583676105,81.34206636847281,97.94828688869195,98.77368287114474,98.14064583862063,0
76.15714550542462,128.86662877238888,77.74312384459328,99.047176655003,98.72530050392068,99.45291528746026,0
75.84325761044865,121.27468772071103,82.10984410716729,95.78271628974643,98.84996818564093,93.47602080990417,0
73.33373913480513,114.42820738304651,78.99891666754172,99.35977189332831,98.5312699821293,84.68539573477292,0
69.06690346928235,114.2869150768037,68.54353596557968,98.03986420749159,98.80379794466221,98.37780850978447,0
66.57655415121127,115.11596767271229,85.79235998236663,98.77477339007436,98.20756509468212,101.2977573232762,0
70.22711809182503,117.49344387674476,79.00665433088548,96.98196232807719,98.97574522562863,95.03636870503999,0
174.13569515723,164.0376598945881,111.24521899606398,75.10860949372466,103.52802090072679,243.0171897410674,1
63.98711058540065,114.8812180183093,83.79423882919399,96.84199819347776,98.67464593042942,100.7715802563167,0
83.92236667019665,121.69261450089024,78.12035877264321,96.8241890196608,98.59670705417219,100.83001052052848,0
62.91091665188481,118.80819227242866,84.04179774832855,96.67059489667491,98.6529236082754,129.98734105502464,0
73.6027599060689,119.42422410229983,77.66690515912177,98.24459806964921,98.61884810872436,100.1069720712523,0
60.66275561432681,106.29862987606207,78.99714409672116,97.5966852326783,98.6051855765887,111.61783201355789,0
65.09391549828295,110.98676301442858,72.74543535702993,97.05703662755023,97.87583084730785,98.21261880310065,0
71.94419807316831,113.4438559562945,79.51807681842551,99.56958406628108,97.79930980750628,117.89884315550854,0
73.96692703705851,114.01854576083362,82.06877101473694,98.27158220015359,98.32020419797972,98.27513115826065,0
70.0701896926957,112.951508473384,85.21095288491509,98.88894000559304,97.60568203508552,78.42516170812621,0
81.8698062810077,121.40591565180996,83.1279565125328,99.50808285014402,98.92931799774213,94.71278367163184,0
62.89695781996993,115.32866633148464,82.31861528778558,97.11434760224674,98.20047389272419,90.7548712625103,0
35.07217868050315,83.22529391412954,109.83555936556647,84.18503340133657,94.81435057638977,46.6942746163643,1
60.65993897290234,121.02532928157322,82.01970208034152,98.18616195558174,98.61386457282286,110.07955901802008,0
68.61631507165055,114.11459677070962,80.29981428847853,97.14723213743007,98.0959968409391,80.11868185808333,0
70.19720430767578,116.76000599999934,75.79475784800853,99.83875450091212,98.96332441648472,92.79720015879103,0
66.06223118057798,119.03342365736962,78.32428430610904,96.34604044038369,99.71436476559762,102.84964915162698,0
70.95387445258298,113.12373009406257,81.84176001920486,97.8758716251823,99.13100009818216,95.69323608039785,0
66.42293483884553,126.73641618486599,74.19124349911795,96.49183079062782,98.09574235360454,102.02780362804995,0
82.87469134798157,131.1225822991086,76.35804843379145,96.08835778908096,98.68177806820927,88.22979611977306,0
79.12607633076938,115.6869957936574,85.40658478884268,97.72132109716044,98.3550400561577,111.85480519041633,0
62.6960194136032,111.67725606325527,87.05346160210448,98.18324191045872,98.90263764740257,121.98139519479483,0
79.77523069117808,124.69034770270866,75.8935680796357,98.65216788511569,98.42411265624895,99.28913867214686,0
75.64947715010982,118.56950991348046,79.02137510458059,97.81050042360788,98.95852407431146,113.39396122439157,0
76.1724148473018,126.67223378030548,81.5469522122991,98.35855445988982,98.65891194230699,84.93383535887692,0
74.10222129831803,116.9443959571412,76.8359620038891,97.24897319318097,98.49510874510646,119.05904554529445,0
75.68500020026055,120.21977105872944,79.43205943189474,98.55537965614977,98.98333308587405,99.18826389683208,0
71.43324771334798,130.45102173110243,85.63216858373015,98.34508618601508,98.6236693862242,104.15295481253919,0
67.30797904493377,121.74726620746799,78.8581960367118,97.8142632365815,98.65614516268833,96.21321307249869,0
73.2175381251078,119.74387017959948,80.69910679259105,98.62093339561399,98.14437733354411,87.8728492420115,0
